:020000041000EA
:1000000000C00120B9370010F5370010F737001095
:10001000F9370010FB370010FD370010000000001A
:10002000000000000000000000000000FF3700108A
:10003000013800100000000003380010BD5300100C
:10004000093800100B3800100D380010495200100C
:100050001138001005520010115200101D520010EE
:10006000193800101B3800101D3800101F38001000
:1000700021380010913D00103951001069510010D5
:10008000293800102B3800102D3800102F380010A0
:100090003138001033380010353800103738001070
:1000A000893A0010913A0010993A00103F38001038
:1000B00029520010315200103952001041520010E4
:1000C000493800104B3800109D5100104F38001077
:1000D0009D3D00105338001055380010573800105F
:1000E000593800105B3800105D3800105F38001080
:1000F0006138001063380010653800106738001050
:10010000693800106B3800106D3800106F3800101F
:1001100071380010733800107538001077380010EF
:10012000793800107B3800107D3800107F380010BF
:100130008138001083380010A93D00108738001066
:10014000893800108B3800108D3800108F3800105F
:10015000913800109338001095380010973800102F
:10016000993800109B3800109D3800109F380010FF
:10017000A1380010A3380010A5380010A7380010CF
:10018000A9380010AB380010AD380010AF3800109F
:10019000B1380010B3380010B5380010B73800106F
:1001A000D1510010BB380010BD380010BF3800100E
:1001B000C1380010C3380010C5380010C73800100F
:1001C000C9380010CB380010CD380010CF380010DF
:1001D000D1380010D3380010D5380010D7380010AF
:1001E000D9380010DB380010DD380010DF3800107F
:1001F000E1380010E338001010B5054C237833B90E
:10020000044B13B10448AFF300800123237010BDE9
:10021000A80A00200000000044F6001008B5034BB7
:100220001BB103490348AFF3008008BD0000000084
:10023000AC0A002044F6001007F082BF07F00EBFA2
:1002400007F086BF704700BF704700BF704700BF10
:10025000704700BF88B138B5082105460120FFF777
:10026000EDFF044660B14FF480710120FFF7E6FF17
:10027000206040B12C60002038BD6FF01500704741
:100280006FF00B0038BD2046FFF7DAFF6FF00B0070
:1002900038BD00BF02790346407990420AD010B4BD
:1002A0001C68A25C0A701A7901321A7100205DF88C
:1002B000044B70474FF0FF30704700BF4279034650
:1002C000007902F1010C844509D010B41C68A154D6
:1002D0005A7901325A7100205DF8044B70474FF093
:1002E000FF30704718B1006808B1FFF7A9BF704729
:1002F000401A8010704700BF20B143691B6800207E
:10030000196070474FF0FF30704700BF20B143695C
:100310005B680020196070474FF0FF30704700BFE6
:1003200048B141B100230B60426912681AB11268EA
:100330000A60184670474FF0FF30704748B141B12E
:1003400000230B60426952681AB112680A601846AD
:1003500070474FF0FF307047F0B1E9B138B5002376
:100360000B6043699A68A2B15868D0E9014504B1AD
:10037000A56005B16C601D685C6045B13CB1046866
:10038000013A9A600C60FFF75BFF002038BD1C60EB
:10039000F5E74FF0FF3038BD4FF0FF30704700BF3A
:1003A00020B319B338B500230B6043699C68D4B1FE
:1003B0001868D0E9015205B1AA608AB1904255602F
:1003C0005D6809D01A6065B10268013C9C600A60F2
:1003D000FFF736FF002038BD002DF5D11D60F3E793
:1003E0001A605A60F0E74FF0FF3038BD4FF0FF3031
:1003F000704700BFD8B170B544690D4601200C218B
:100400006668FFF71BFF78B1056006B1B06023682E
:100410000022C0E90162606023B1A36801330020BB
:10042000A36070BD2060F8E74FF0FF3070BD4FF063
:10043000FF30704700283AD0F8B50F46064618211D
:1004400001201546FFF7FAFE044600282CD01C2197
:100450000120FFF7F3FE20B3164B3460002D08BFD8
:100460001D46012F6061C56019D0032F0CD1124ABF
:10047000124B1349C4E90023124A134B2361C4E908
:10048000021240610020F8BD104A114B0D49C4E929
:1004900000230B4A0F4B2361C4E90212F1E70B4A18
:1004A000E6E72046FFF7CCFE4FF0FF30F8BD4FF0F7
:1004B000FF307047F102001045070010A103001043
:1004C000210300103D030010F9020010F503001095
:1004D000590300100D03001060B338B543691A6961
:1004E000054622BB9A689AB11868D0E9014104B167
:1004F000A160A9B188424C605C6814D0196084B1D5
:10050000013A9A60FFF79CFE6B699A68002AEBD16A
:100510001846FFF795FE2846FFF792FE002038BDEB
:1005200019605960ECE7002CEAD11C60E8E74FF055
:10053000FF3038BD4FF0FF30704700BF28B121B108
:1005400043699B680B60002070474FF0FF30704795
:1005500050B370B544690D4601200C212668FFF7A1
:100560006DFEF0B10023C0E90136056006B1706090
:10057000D4E9002390420CD0206023B1A36801335A
:100580000020A36070BDA368606001330020A360F9
:10059000F8E7002BF2D12360A36801330020A360A9
:1005A000F0E74FF0FF3070BD4FF0FF30704700BFF5
:1005B000E8B1F8B50F46B9B100230B6045699DB1AC
:1005C0006B691C6816462A68AA611CB90CE0A4680D
:1005D00054B16B69DB682068314698470028F6D132
:1005E0002368AC613B60F8BD4FF0FF30F8BD4FF0C1
:1005F000FF307047002839D038B543680446002BD7
:1006000031D000292FD0D3E9010200B1826002B1BC
:10061000506022681068834214D05568AB421BD0EA
:1006200090681B68013890600B60D4E90020D0E925
:1006300001355268904208BF1D46FFF701FE656014
:10064000002038BD98685568834208D010600DB10D
:100650000028E5D15060E3E75D68556008B1002DE2
:10066000DED11560DCE74FF0FF3038BD4FF0FF30D2
:10067000704700BF18B32DE9F0410F46D9B10023F0
:100680000B6045696B691C6816462A68AA6105F10A
:1006900014081CB90FE0A4686CB16B69DB682068B2
:1006A000314698470028F6D1AC6139464046BDE84E
:1006B000F041FFF79FBF4FF0FF30BDE8F0814FF0F2
:1006C000FF30704700283AD0F0B587B00368059333
:1006D0000E460446AAB147685B689F4227D00C21AA
:1006E0000120BD68FFF7AAFDF0B10660B860C0E95F
:1006F0000175BDB92268936801330020936007B08B
:10070000F0BD45681B689D4215D00C2101206F6823
:10071000FFF794FD40B1C0E90067856017B1B8608C
:10072000C0E901756860E5E74FF0FF30E7E768462C
:10073000FFF760FEE3E76846FFF70AFFDFE74FF0E9
:10074000FF30704700B370B545692C680E4614B988
:1007500010E0A46874B12068EB683146984700281F
:10076000F7DDAC61314605F114000022BDE87040B0
:10077000FFF7A8BF6B68AB61314605F11400012299
:10078000BDE87040FFF79EBF4FF0FF30704700BFDD
:1007900058B110F001020AD1034602E013F0010F34
:1007A00007D15B0802F10102F8D1202399400840EB
:1007B0007047914008407047014078B110F0010344
:1007C00002D006E0C20706D4400803F10103F9D1C4
:1007D000002108467047D940084670470146F8E7AF
:1007E0000346020A000A05D00020D10748BF0130A5
:1007F0005208FAD113F0FF0306D00022D90748BFF0
:1008000001325B08FAD11044704700BF008840BA3B
:1008100080B27047C1F10F01C9B2884000B20841EF
:10082000704700BF2DE9F04F8BB01D46834B9DF8FC
:1008300058809DF85B909DF85EA09DF85FB00E46D5
:100840009DF85C10039117469DF85D109DF85920A6
:10085000029298429DF85A200491044600F0858047
:1008600003F5F023984208D0042DCCBF6FF00200AE
:100870006FF001000BB0BDE8F08F042D00F3DA80BB
:100880006F4B15991B688B42C0F0D4809DF8603087
:100890008DF826306B4B07932B20002305928DF8A3
:1008A000253002F05FFC302002F0B4FA059A07AB65
:1008B000002A4BD1B9F1000F37D1B8F1000F42D166
:1008C000CDF82080039A1AB1089A42F040020892AB
:1008D000049A1AB1089A42F020020892BAF1000F65
:1008E00003D0089A42F480720892BBF1000F03D043
:1008F000089A42F400720892029A1AB1089A42F0D9
:1009000010020892184602238DF8243002F094FD5C
:10091000159B0193149B00933A462B463146204683
:1009200000F0FCF80BB0BDE8F08F03228DF8242016
:1009300018464FF480620593089202F07DFD059BF6
:10094000B8F1000FBCD080220892BBE74FF40062E0
:1009500008921846032205938DF8242002F06CFDBE
:10096000059BB9F1000FA8D0DFE7042D62DC344B02
:1009700015991B68B1EB530F5CD89DF860308DF86A
:100980002630304B07930D20002305928DF825303B
:1009900002F0E8FB062002F03DFA059A07AB002AB8
:1009A00035D1B9F1000F26D1B8F1000F3ED1CDF805
:1009B0002080039A1AB1089A42F480020892049A9D
:1009C0001AB1089A42F400120892BAF1000F03D04B
:1009D000089A42F080720892BBF1000F03D0089A87
:1009E00042F000720892029A002A8BD0089A42F4D0
:1009F0008012089286E703228DF8242018464FF0D3
:100A000000620593089202F017FD059BCCE74FF0BA
:100A1000806208921846032205938DF8242002F084
:100A20000BFD059BB9F1000FBED0E4E74FF40002C7
:100A30000892BEE76FF002001CE700BF00600440B0
:100A4000080000200080004010B5044600F0DEF8E9
:100A5000094B9C4207D0094B9C4209D1302002F03F
:100A6000B7F9002010BD062002F0B2F9002010BD39
:100A70006FF0010010BD00BF0060044000E00B40BB
:100A8000164B98420FD0164B984224D14FF080431A
:100A90009B68C3F34223072B1AD8DFE803F012192F
:100AA0001416080A0D100F4B1868800870470E487E
:100AB00070474FF4611070474FF4804070470B4807
:100AC00070470B4870470B4870474FF47A60704787
:100AD0006FF0060070476FF002007047006004403E
:100AE00000E00B400800002080F0FA0260343C0275
:100AF00080C3C9010024F40000F0DEB800F026B97C
:100B000000F064B900F06CB900F08AB900F0B6B931
:100B100000F0E8B900F0EAB900F01EBA2DE9F041A2
:100B20009846364B069F9842044616465FD0344D91
:100B3000A8420CBF4FF0010C4FF0FF3C314B0CEBC7
:100B40008C0C4FEACC0003EBCC0C00221A50CCE901
:100B50000722CCF80820CCF8102001236FF0010206
:100B6000CCF80C30CCE905226360274B2361636825
:100B700001B343F00203636007992046FFF7BCFF0F
:100B8000FF2F37D8E36843EA0747E760236A236209
:100B9000B8F1010F1ED0B8F1020F0FD1636843F412
:100BA000403363609EB1E36843F400530020E36088
:100BB000BDE8F08123F002036360DDE7B8F1030FC5
:100BC0000DD1636843F4E0236360002EEBD130461F
:100BD000BDE8F081636843F480336360E2E7B8F115
:100BE000040FDFD1636843F470236360DAE74FF0EA
:100BF000000CA3E76FF00200DAE700BF00600440DA
:100C000000E00B40C40A0020010101002DE9F84377
:100C1000264B9842044646D0254EB0420CBF0126D2
:100C20004FF0FF3600236362236A23626368214D1D
:100C300006EB860023F0010363604FEAC008E36916
:100C400055F8089023F04013E361B70005EBC000AE
:100C5000B9F1000F09D002F0BBFA55F808305B6A11
:100C60001BB148466FF00E01984700236360A360F4
:100C7000E3602361BC1905EBC4046069984204DB9E
:100C800000F0B0FF6FF0010363613E4405EBC60561
:100C9000A869002804DB00F0A5FF6FF00103AB6139
:100CA0000020BDE8F8830026BCE700BF00600440D8
:100CB00000E00B40C40A002038B5234B1B68B1EBA1
:100CC000530F3DD80D460446FFF7DAFEB0FBF5F3AF
:100CD000580813F00103014623D10F2888BF0246AC
:100CE0002CD9002352100F2A03F101034FEA6101AE
:100CF0001EDD082BF6D14FF400234FF470620F2055
:100D0000616921F0FF0101436161616921F47F4163
:100D10000A436261626922F4702213430020636116
:100D200038BD421C0F2ADCDCC0B212020023E7E708
:100D3000082BE0D0C8B212021B04E1E70202DFE791
:100D40006FF0020038BD00BF0800002001290346F3
:100D500034D0102932DC1B4A90422AD002F5F0220E
:100D600090420CBF01224FF0FF32186BC00722D413
:100D7000154802EB820200EBC202D06801281AD1AA
:100D8000586820F00100586010299160DA680CD092
:100D9000090201F4706122F470621143D9605A684B
:100DA00042F0010200205A60704722F47062DA605B
:100DB000F5E70022D9E76FF0060070476FF00200F8
:100DC000704700BF00600440C40A0020C36813F4E9
:100DD000706F1ABFC068C0F303201020704700BFB7
:100DE000C36823F43043C360032907D8DFE801F068
:100DF000120E0802C36843F40053C360002070471A
:100E0000C36843F48053C36000207047C368C36065
:100E100000207047C36843F40043C360002070475C
:100E200003290BD8DFE801F00220160CC36823F079
:100E30000103C360C36823F00203C360002070474E
:100E4000C36843F00103C360C36843F00203C36097
:100E500000207047C36823F00103C360C36843F0F8
:100E60000203C36000207047C36843F00103C360FE
:100E7000C36823F00203C3600020704781B3F8B554
:100E800014460AB90020F8BD06460D46FFF740FE9D
:100E900007463046FFF734FEBC4228BF3C460828D0
:100EA000844603D924F00104012CEBD90023ACB112
:100EB000032C0CD93168E950043C0433012CF6D1E1
:100EC000BCF1080F0AD83278EA54581CF8BD012C3E
:100ED000F9D03188E952023C0233EFE71846F8BDF9
:100EE00000207047C069C0F30560704789B3F8B54A
:100EF00014460AB90020F8BD0D460646FFF70CFE61
:100F000007463046FFF7FCFDBC4228BF3C46082898
:100F100088BF24F001040146002CEBD0032C4FF0D5
:100F2000000007D92B583360043C0430002CE2D079
:100F3000032CF7D8012C06D02B5A3380023C023008
:100F4000002CF5D1D7E70829FDD82B5C3370013090
:100F5000F8BD0020704700BFC069C0F30520C0F194
:100F60002000704700F0FEB808B5124B98420DD033
:100F7000114B984212D0114B984217D1382001F0F2
:100F800027FF342002F0EEF8002008BD0D2001F00C
:100F90001FFF102002F0E6F8002008BD1C2001F021
:100FA00017FF202002F0DEF8002008BD6FF00100DE
:100FB00008BD00BF00D0014000E0014000F001404A
:100FC000C0B370B504460D461646FFF7CDFF1B4B68
:100FD0009C4212D01A4B9C421CD01A4B9C4226D1E8
:100FE000382001F017FF184802F026FA3246294649
:100FF0002046BDE8704000F04DB80D2001F00AFF1A
:10100000124802F019FA324629462046BDE87040DF
:1010100000F040B81C2001F0FDFE0D4802F00CFA73
:10102000324629462046BDE8704000F033B86FF0E4
:10103000010070BD4FF0FF30704700BF00D001408D
:1010400000E0014000F0014068EA001050EA0010A2
:101050005CEA001000F0A0B800F0F0B800F0FEB8B4
:1010600000F00EB900F01AB900F030B900F046B93E
:1010700000F04CB900F052B900F054B900F0BEB91C
:1010800000F092BA00F0A0BA014B196800F076BDEA
:1010900000000020F8B5002858D00F461021154652
:1010A0000446FFF7E9FF064608B13046F8BD23685D
:1010B00043F0010323602046FFF7D8FF2046FFF7E7
:1010C000D7FF02212046FFF7DDFF06212046FFF76C
:1010D000D7FFD7B123681F4A43F00203944223602D
:1010E0002ED01D4B9C420ED01C4884420CBF0224C3
:1010F0004FF0FF341A4B04EB440403EBC404012308
:1011000063603046F8BD0124F4E73A46294620469C
:10111000FFF728FF0F4B9C4214D003F580539C42ED
:1011200012D00E498C420CBF02214FF0FF310C4B04
:1011300001EB410403EBC404002666603046F8BDB1
:101140003446D7E73946F2E70121F0E74FF0FF36A2
:10115000ABE700BF00D0014000E0014000F00140DB
:10116000380B00200346A0B16AB9B1F5806F0DD2EB
:101170007F29C26484BF4FF40042C264C26C114331
:101180000020D96470476FF0100070476FF00200C4
:1011900070474FF0FF307047002841D010B4224A0A
:1011A000A1F574236FF410742344934214D31F4B9E
:1011B000994230D81E4B1B685B08B3FBF1F149081C
:1011C0008B1EB3F5FF7F01F1FF3124D841635DF839
:1011D000044B8163FFF740BF154B164C1B685B083F
:1011E000B3FBF1F14A00A4FB01C14908A4FB024290
:1011F000013952080F2902F1FF320CDC0F2A0ADCF8
:101200000902D2B289B21143C16302680A4942F4A9
:1012100000420260D1E76FF002005DF8044B7047B6
:101220004FF0FF30704700BF009F240040E13300C3
:1012300008000020ABAAAAAA801A06000649436B40
:10124000826B0868C2F30802C3F308031344400822
:10125000B0FBF3F0704700BF08000020034658B110
:10126000006B1A6B10F0010016BF42F0020242F050
:10127000010200201A6370474FF0FF30704700BF33
:1012800048B1036B43F004030363036B13F00403DF
:10129000FBD1184670474FF0FF30704798B191B1BD
:1012A0007AB1002301F1FF3C06E0C16A0133C9B203
:1012B0009A420CF8031004D041688907F5D5184606
:1012C0007047104670474FF0FF30704798B191B1AA
:1012D0007AB1002301F1FF3C06E001339A421CF889
:1012E0000310C9B2C16204D04168C906F5D51846D9
:1012F0007047104670474FF0FF307047C36943F0A6
:101300008003C361C3691B06FCD47047436A43F082
:1013100080034362436A1B06FCD47047816002610C
:10132000704700BF002865D0036843F001032DE932
:10133000F04103600768036843F480630E46044687
:1013400007F480670360002943D000252BE001F0FB
:1013500005FD236823F0800323600A2001F0FEFCD2
:10136000236813F400784FF00A002BD101F0F6FC4B
:10137000236843F0800323600A2001F0EFFC236818
:101380009A054FF00A001DD501F0E8FC236843F0F0
:10139000400323600A2001F0E1FC2368DB0525D42B
:1013A0000135AE4215D00A2001F0D8FC236823F0A5
:1013B000400323600A2001F0D1FC2368D9054FF0D7
:1013C0000A00C4D52368013543F0C003AE42236050
:1013D000E9D16FF008001FB9236823F4806323600C
:1013E000236823F001032360BDE8F0814046002F0D
:1013F000F6D1F1E74FF0FF30704700BF2DE9F04123
:10140000D0E900437F2B00F2C980664B9C42054621
:1014100008D003F580539C4204D003F580539C42CE
:1014200040F0B6802368980740F1B58007226FF03E
:101430007F412046FFF71EFE2046FFF719FE20469B
:10144000FFF714FE6A690023E360636142BBEA6848
:101450006B685B00E362236B43F0010300262363A8
:10146000202704E0A36813F4FE4F11D1EA689642E6
:1014700019D2A3689906F5D5A968921B3144204674
:10148000FFF7F2FDA760A36813F4FE4F0644EDD00A
:10149000EE602046FFF7E4FD6FF00800BDE8F08144
:1014A000EA68002AD4D1002211212046FFF7E2FD8C
:1014B0006B69002B4DD0B3F5807F88BF002323627A
:1014C0002046FFF7CBFD266B16F00206FBD16B68BA
:1014D0006A695B0043F00103E362002A39D01027F8
:1014E0004FF001081DE0A36813F4FE4329D1A26860
:1014F00012F0010F6A6912D0B24210D2911BB1F5FD
:10150000807F8CBF236221626B68216B5B0043F09C
:10151000010341F002012163C4F80880E3629642AE
:1015200017D2A36813F0110FDDD02969921B314443
:101530002046FFF797FDA760A36813F4FE43064417
:10154000D5D06E612046FFF78BFD6FF00800BDE837
:10155000F081AB698BB1236B43F002032363A36873
:10156000DB07FCD54123A360A36813F4FE4F0CBF37
:1015700000206FF00800BDE8F081236B43F0040306
:101580002363A3685A06FCD5A368DB07E7D5E9E720
:101590006FF00200EFE76FF00600ECE76FF010006D
:1015A000E9E700BF00D001408269D2B28A42034617
:1015B00007D3C26922F4706242EA01210020D96196
:1015C00070476FF0020070478269C2F307228A42B7
:1015D000034607D3426A22F4706242EA01210020E6
:1015E000596270476FF00200704700BF2DE9F84F55
:1015F000054640B1012800F09280022800F01E81CB
:1016000000239B68FFDEA54CDFF89CB2A368DBF8E3
:10161000007013F4FE4F40F0FA80DFF89092FA6801
:1016200059F82560DFF888A2B2425AF825801146A1
:101630000FD87B69434526D9A16811F0110F17D146
:10164000B24200F0C68049F825604AF82580BDE81E
:10165000F88FA368990600F19380E36843F02003B4
:10166000E3607B699845EED2A16811F0110FE7D0D5
:101670003969A3EB080241442046FFF7F3FC10232D
:10168000F968A3608044B142DDD17B69984540F0A0
:10169000A0800023E3606361A368A360BB69226943
:1016A0002261002B40F0D580236B43F004032363B9
:1016B000A36813F4FE4F794B00F0D0809C4200F0F9
:1016C000F98003F580539C4200F0078103F58053B5
:1016D0009C420CBF02234FF0FF335BF82300C36929
:1016E000002B00F0D3806FF0080198470023E360DF
:1016F0006361A268A260694A2169216194420AD0AB
:10170000674B9C4200F0C08003F580539C420CBFA5
:1017100002234FF0FF3300224BF8232097E7604C61
:10172000DFF884B1A368DBF8047013F4FE4F3FF4D4
:1017300074AFA368A360226922610023E36020469E
:101740006361FFF78DFC5BF82500C3691BB16FF087
:10175000080198470023E3606361A368A3602369DD
:1017600023614F4B9C4200F08D804E4DAC420CBF2C
:1017700002254FF0FF3500234BF82530BDE8F88FE8
:10178000B968921B31442046FFF76EFCFA680644A4
:101790002023B242A3603FF660AFE36823F020034A
:1017A000E3607FF45EAF7B69002B3FF46FAF226B89
:1017B00042F0020222630122A260E268434542F045
:1017C0000102E2607FF662AFA26812F0110F7FF4AF
:1017D0004FAFA268D2077FF536AF0122A260B8F101
:1017E000000F04D17A68520042F00102E262A3EBDA
:1017F0000802B2F5807F88BF002222629845E36824
:1018000034BF43F0110323F01103E3601BE7A36827
:10181000A360236923612046E5606561FFF720FC32
:10182000DBF80000C36913B16FF008019847E56069
:101830006561A368A360236923619CE7194CDFF805
:1018400068B0A368DBF8087013F4FE4F3FF4E5AE10
:101850006FE7236B43F00203236329E79C4236D0F2
:1018600003F580539C423AD003F580539C420CBF51
:1018700002234FF0FF335BF82300C36933B100212B
:10188000984733E7012576E7012344E7E360636186
:10189000A368A3602369236132E700BF00D0014041
:1018A00000E0014000F00140200B00202C0B002044
:1018B000140B0020DBF80000C369002B7FF413AF8A
:1018C000E3606361A268A2602269226123E7DBF81A
:1018D0000000C369002BD2D1F2E70123FDE601230A
:1018E000C9E700BF2DE9F84398460E469F4B1168A3
:1018F0008768D0F8009015460B4000220446C8F8CF
:101900000020002B75D117F4FE4F40F0E580CA0689
:1019100040F12781FB0606D51EB100220221204698
:10192000B0471023A3602369D90706D51EB1002252
:1019300006212046B04701232361296848F220038D
:101940000B4200F0F180BB0606D51EB10022032138
:101950002046B0472023A3602369980706D51EB10F
:10196000002205212046B0470223236139041FD5F8
:101970000023C8F800301EB1424604212046B0477B
:101980007B4A00234FF400419442A160C5E9003333
:101990000AD0784B9C4200F0E28003F580539C42D1
:1019A0000CBF02234FF0FF33734A002142F823108B
:1019B0007A061ED50023C8F800301EB14246042125
:1019C0002046B0476A4A002340219442A160C5E9FD
:1019D00000330AD0674B9C4200F0BF8003F5805370
:1019E0009C420CBF02234FF0FF33634A002142F8B0
:1019F00023107B0211D51EB1002211462046B047AC
:101A00004FF48003A3600823A3604FF40043A36056
:101A100047F6117C0123C5E900C338020ED51EB17B
:101A2000002201212046B0474FF40003A3600823A1
:101A3000A3604FF620710223C5E900133A0716D5BB
:101A400019F4006275D01EB1002201212046B04772
:101A50004FF480020823A2604FF40041A3604FF6C8
:101A600020720223A160C5E90023BDE8F88317F4C2
:101A7000FE4FFAD06FF00803C8F800301EB142469E
:101A800004212046B04707236FF07F42A260236104
:101A9000636A43F080036362636A1B06FCD4E369F4
:101AA00043F08003E361E36913F08003FBD1304A24
:101AB0009442C5E9003309D02E4B9C4249D003F52E
:101AC00080539C420CBF02234FF0FF332A4A00216F
:101AD00042F82310BDE8F8836FF00803C8F800301F
:101AE00016B142460421B04707226FF07F412046DD
:101AF000FFF7C0FA2046FFF7BBFA2046FFF7B6FA19
:101B00001B4A00239442C5E9003309D0194B9C427B
:101B100021D003F580539C420CBF02234FF0FF33CA
:101B2000154A002142F823106B689A077FF540AFF1
:101B300009E716B111462046B04708234FF40001CB
:101B4000A16047F61172A3600123C5E90023BDE837
:101B5000F8830123BAE70123E2E7012345E70123E4
:101B600022E76B68D8073FF5D5AEE7E60800C0006E
:101B700000D0014000E00140200B002030B5174BA1
:101B8000984285B0044624D003F58053984205D08E
:101B900003F5805398421ED005B030BD0120236864
:101BA0009B0704D505B0BDE83040FFF71FBDE568D1
:101BB0000B4B626953F82010CDE9025201AB02AA27
:101BC0002046FFF78FFEDDE90223E260636105B086
:101BD00030BD0020E3E70220E1E700BF00D0014074
:101BE000200B0020032870B516D800EB80000D4EA6
:101BF0008400335983B10C48012101F0DBFA05461A
:101C000068B933193051DB6807481D605A685A605B
:101C100001F0DEFA284670BD6FF00205FAE76FF0BA
:101C20000505F7E7840B0020800B002000F026BE9E
:101C300000F05CBE08B5174B984210D0164B984286
:101C400015D0164B98421AD0154B98421FD14420FC
:101C500001F088FA442001F0BBF8002008BD0B20F9
:101C600001F080FA092001F0B3F8002008BD0C2033
:101C700001F078FA0A2001F0ABF8002008BD1C2022
:101C800001F070FA212001F0A3F8002008BD6FF0E8
:101C9000020008BD00200440003004400040044021
:101CA0000014084070B504460E461546FFF7C2FF03
:101CB000A8BB022D2DD0042D18D0204B9C421BD048
:101CC0001F4B9C422CD01F4B9C4230D01E4B9C4241
:101CD00023D11E4801F0B0FB442001F09BF82A46B6
:101CE00031462046BDE8704000F068B9062001F09A
:101CF000B7F8124B9C42E3D1154801F09DFB092037
:101D000001F088F82A4631462046BDE8704000F0D0
:101D100055B9052001F0A4F8CFE76FF0020070BDBF
:101D20000C4801F089FB0A2001F074F8D7E70A4853
:101D300001F082FB212001F06DF8D0E70020044083
:101D4000003004400040044000140840E0EA001065
:101D500074EA001098EA0010BCEA001038B53A4B5B
:101D60009842044630D003F5805398422CD003F5B6
:101D70008053984228D003F57533984233D1052318
:101D8000022A436132D0042A2DD1B1F5165F4ED814
:101D9000036843F480330360036843F40013036073
:101DA00042D04FF48032B1F5166FB2FBF1F201FB75
:101DB00002F3C3F5803334D9244800254561B3EBE1
:101DC000510F88BF013218E0042A0CD0204600F0E1
:101DD0002DF9002806DD236843F4004323602368BF
:101DE0001B03FCD538BD6FF0020038BD03680360EB
:101DF000B1F5E10F88BF01221CD9144B1A611A6892
:101E000012F4403F0AD0186800F44030B0F5803F2B
:101E10000DD10E4B1B69B0FBF3F0DAE74FF4E10094
:101E2000F7E701206061CAE707220023C4E76FF0EB
:101E3000100038BD4FF4E102B2FBF1F201FB02F3F6
:101E4000C3F5E103BBE700BF0020044000140840D5
:101E5000164B98421AD003F58053984216D003F5DA
:101E60008053984212D003F5753398421AD1036813
:101E700013F4403F0CD0006800F44030B0F5803FD0
:101E80000DD10B4B1B69B0FBF3F0704700F028B984
:101E9000074B4FF4E1001B69B0FBF3F070476FF0A4
:101EA000100070476FF00200704700BF0020044030
:101EB0000014084000F05AB900F078B900F09CB95D
:101EC000012970B5204B0E460446154611D09842A4
:101ED00025D01E4B98421ED01D4B984231D11D4833
:101EE00001F0AAFA2A4631462046BDE8704000F0CB
:101EF000DDB998421DD0154B98421ED0144B984224
:101F00001FD1154801F098FA2A4631462046BDE80F
:101F1000704000F0CBB9114801F08EFAE2E71048AA
:101F200001F08AFA2A4631462046BDE8704000F0AA
:101F3000BDB90C4801F080FAD4E70B4801F07CFAF7
:101F4000D0E76FF0020070BD002004400030044074
:101F500000400440D4EA0010C8EA0010B0EA0010C3
:101F60008CEA001080EA0010A4EA001000F0C4B966
:101F700000F0DEB900F00EBE00F0F8B900F02ABAA9
:101F800000F05CBA00F070BA00F072BA00F086BAE5
:101F900000F08ABA00F0A6BA00F0C4BA00F0C6BADF
:101FA00000F0C6BA00F0DCBA00F0F4BA00F00EBBE4
:101FB00000F00EBB00F0B6BC00F0D4BC1A4B984247
:101FC00070B504460D4616460BD003F58053984273
:101FD00007D003F58053984203D003F57533984238
:101FE0001FD101212046FFF7D5FF00B170BD0821A8
:101FF0002046FFF75FFF0028F8D101462046FFF793
:102000005DFF0028F2D101462046FFF755FF00286A
:10201000ECD1324629462046FFF7A0FE00EAE070E8
:1020200070BD6FF0020070BD00200440294B984243
:102030000BD003F58053984207D003F580539842A4
:1020400003D003F5753398423BD1052310B44361A7
:10205000032A39D8DFE802F0151D280204681E4A59
:10206000B2FBF1F344F4403401FB1322046013B1DA
:10207000B2EB510F00D901335DF8044B0361FFF758
:10208000E7BE164B1A685208B2FBF1F301FB1322AC
:10209000EDE704686FF0020244F48034B2FBF1F320
:1020A000046001FB1322E2E704684FF4E10344F407
:1020B0000034B3FBF1F301FB03F2C2F5E10204606B
:1020C000D5E76FF0020070476FF002005DF8044B37
:1020D000704700BF002004400048E80108000020CD
:1020E0001F4B98420BD003F58053984207D003F55D
:1020F0008053984203D003F5753398422DD103687D
:1021000003F44033B3F5803F1BD0036813F4403F22
:1021100010D0036803F44033B3F5003F17D00368D1
:1021200003F44033B3F5403F17D10E4B0069B3FBC6
:10213000F0F070470C4B00691B685B08B3FBF0F0D4
:10214000704700696FF00203B3FBF0F0704700695D
:102150004FF4E103B3FBF0F070476FF002007047FB
:10216000002004400048E801080000200E4A904288
:1021700003460BD002F58052904207D002F5805200
:10218000904203D002F5753290420AD105390329F5
:1021900007D81A6822F4406242EA812100201960BF
:1021A00070476FF00200704700200440114B9842C6
:1021B0000BD003F58053984207D003F58053984223
:1021C00003D003F57533984202D161B1012903D0E0
:1021D0006FF00201084670470368002143F4805302
:1021E000036008467047036823F480530360084681
:1021F000704700BF002004402B4A904203460BD09A
:1022000002F58052904207D002F58052904203D0EE
:1022100002F57532904244D1042942D8DFE801F03A
:102220001117253303001A6842F010021A601A6869
:1022300042F020021A601A6842F0400200201A6040
:1022400070471A6822F0100200201A6070471A685E
:1022500042F010021A601A6822F020021A601A680E
:1022600022F0400200201A6070471A6842F0100203
:102270001A601A6822F020021A601A6842F04002BE
:1022800000201A6070471A6842F010021A601A683B
:1022900042F020021A601A6822F0400200201A6000
:1022A00070476FF00200704700200440114B9842C5
:1022B0000BD003F58053984207D003F58053984222
:1022C00003D003F57533984202D161B1012903D0DF
:1022D0006FF00201084670470368002143F4005381
:1022E000036008467047036823F400530360084600
:1022F000704700BF002004400C4B98420BD003F500
:102300008053984207D003F58053984203D003F5D9
:102310007533984204D14368DB0604D4006A7047E1
:102320006FF0020070476FF00C007047002004400F
:102330000D4B98420BD003F58053984207D003F51C
:102340008053984203D003F57533984206D1436811
:1023500013F0800305D10162184670476FF0020048
:1023600070476FF00B00704700200440F8B5184B21
:102370009842064617460BD003F58053984207D083
:1023800003F58053984203D003F57533984218D172
:10239000D1B1CFB13B68002B0FDD4D1E002405E00D
:1023A00005F8010F3B680134A34207DD3046FFF713
:1023B000E1FD0028F4DA3C60F8BD00243C60002018
:1023C000F8BD6FF00200F8BD4FF0FF30F8BD00BF60
:1023D00000200440F8B5184B9842064617460BD02B
:1023E00003F58053984207D003F58053984203D0F9
:1023F00003F57533984218D1D1B1CFB13B68002BAA
:102400000FDD4D1E002403E03B680134A34209DDCB
:1024100015F8011F3046FFF7ABFD0028F4D03C60F3
:10242000F8BD00243C600020F8BD6FF00200F8BD4C
:102430004FF0FF30F8BD00BF002004408AB110B457
:102440000139002305E00133046A01F8014F9A4283
:1024500003D04468E406F6D51A4610465DF8044BEE
:1024600070471046704700BF4068C0F303207047B4
:102470008AB110B40139002305E0013311F8014F8E
:1024800004629A4203D044682406F6D51A461046E0
:102490005DF8044B70471046704700BF4068C0F3BA
:1024A0000330C0F1080070470D4B98420BD003F584
:1024B0008053984207D003F58053984203D003F528
:1024C0007533984209D1036843F48073036003684D
:1024D00013F48073FBD1184670476FF00200704709
:1024E000002004400E4A904203460BD002F5805271
:1024F000904207D002F58052904203D002F5753227
:10250000904209D14A1E072A06D81A6822F00F0203
:1025100011430020196070476FF00200704700BF40
:1025200000200440006800F00F007047C06870474A
:102530000A4B98420BD003F58053984207D003F51D
:102540008053984203D003F57533984202D1C1609D
:10255000002070476FF00200704700BF0020044069
:102560000B4A904203460BD002F58052904207D0AE
:1025700002F58052904203D002F57532904204D1A8
:102580009A6811430020996070476FF0020070470D
:10259000002004400C4A904203460BD002F58052C2
:1025A000904207D002F58052904203D002F5753276
:1025B000904205D19A6822EA010100209960704793
:1025C0006FF00200704700BF002004404068704771
:1025D000F8B5794B04460068984200F0B58003F5E1
:1025E000805398425BD003F58053984200F0B2804C
:1025F00003F57533984240F0CE8003256F4F704E3F
:1026000057F82530002B51D056F825301BB12369DF
:10261000002B40F0B980E368002B40F0B580C4E99E
:1026200005332069002839D0A368002B00F0B98059
:102630002068614B984200F08F8003F580539842E8
:1026400000F08C8003F58053984200F0818003F500
:10265000753398420CBF03234FF0FF330B2146F82C
:102660002340FFF79FFC10212068FFF79BFC2068A8
:10267000FFF788FCA1692369A5685A1A824228BF1E
:10268000024629442068FFF77BFCA36902461344F5
:102690002068A3611021FFF783FC0020F8BD474F9D
:1026A000474E012557F82530002BADD156F825307F
:1026B000002B57D02369002B66D1E2680023C4E9C0
:1026C0000533002AADD06268002A67D020683A4AF4
:1026D00090420DD03B4B984242D003F58053984234
:1026E00034D003F5753398420CBF03234FF0FF330A
:1026F000402147F82340FFF755FC2068FFF746FCD0
:102700006169E3685A1A6368824228BF0246194425
:102710002068FFF739FC6369034463612068FFF7B1
:1027200035FC03287FF67DAF6269E3689A427FF447
:1027300078AF15B3012D2AD0022D0BBF04224FF024
:102740008072012502251AE0002557E70223CFE712
:10275000022383E7022551E700237FE701237DE77A
:102760000123C5E74FF0FF31FFF71EFC20684FF053
:10277000FF31FFF715FCE268A0E74FF48042124BEF
:10278000403543F825204CE76FF00500F8BD4FF4C5
:1027900000420025F3E76FF00300F8BD6FF0020080
:1027A000F8BD4FF0FF312068FFF7FEFB2068FFF710
:1027B000EFFB6FF00200F8BD00200440E40B0020A6
:1027C000D40B00200030044000E100E038B5134B8A
:1027D00098421AD003F58053984214D003F58053E1
:1027E000984216D003F57533984214D103220C4B4E
:1027F00053F8220030B1C5694DB1002443F822409E
:10280000A847204638BD0122F1E70022EFE728461D
:1028100038BD0222EBE76FF0020038BD0020044013
:10282000E40B002038B5134B98421AD003F58053BF
:10283000984214D003F58053984216D003F57533AF
:10284000984214D103220C4B53F8220030B1C569D1
:102850004DB1002443F82240A847204638BD01224C
:10286000F1E70022EFE7284638BD0222EBE76FF0E0
:10287000020038BD00200440D40B002030B5184BB6
:10288000984283B0044626D003F5805398421ED068
:1028900003F5805398421CD003F5753398421CD140
:1028A000032520460191FFF791FF0E4A0E4B52F887
:1028B000252053F825309A4206D001992046FFF78B
:1028C000B1FF002003B030BD002003B030BD0125B2
:1028D000E7E70225E5E70025E3E76FF00200F1E70F
:1028E00000200440D40B0020E40B002008B50C4B62
:1028F00098420BD003F58053984207D003F58053DC
:10290000984203D003F57533984205D14FF0FF315B
:10291000FFF74AFB002008BD6FF0020008BD00BFB2
:10292000002004400E4B984210B504460BD003F52E
:102930008053984207D003F58053984203D003F5A3
:102940007533984209D12046FFF772F96FF00F01F5
:102950002046FFF76BF9002010BD6FF0020010BD9C
:1029600000200440884B98422DE9F047054600F0CE
:10297000C18003F58053984276D003F58053984286
:1029800000F0998003F57533984240F0E8804FF0ED
:102990000308DFF8F8912846FFF700FB59F8286094
:1029A00004461EB3AB68034013F00B0F40F0DA800F
:1029B000F368002B5BD1DFF8D8A15AF828706FB10B
:1029C000E30623D45AF8282059F82860964200F0EC
:1029D000948091691269914273D026B17269F3684B
:1029E0009A4200F09D800020BDE8F087DFF8A0A1AA
:1029F0005AF82870002F00F0C080AB68034013F035
:102A00000B0F40F0AF8010F0100357D03B69002B44
:102A1000D8D03868FFF7B6FABB693A69B968D31AF3
:102A2000834238BFB869BB6938BF101A02461944DF
:102A30003868FFF7A5FABB691844B861BC693B69FF
:102A400038681C1BFFF7A8FA8442C0F08180386800
:102A50001021FFF7A5FA5AF8282059F82860B24249
:102A60004BD0002AB5D1B8E74FF0010891E73068A4
:102A7000DFF81CA1FFF78AFA7369F2687168D31A4C
:102A8000834238BF7069736938BF101A024619440F
:102A90003068FFF779FA7369184470614021306833
:102AA000FFF77EFA5AF82870002F89D159F828606C
:102AB000002E98D092E74FF002086AE73A461E4689
:102AC00087E7314B9D420BD003F580539D4207D0E1
:102AD00003F580539D4203D003F575339D4203D126
:102AE0000B212846FFF760FA00212846FFF79AFEDF
:102AF000002079E74FF000084BE7BA693B699A423A
:102B00007FF471AF7A69FB689A427FF46CAF284614
:102B1000FFF78EF800212846FFF788F8002063E7CA
:102B2000194B9D420BD003F580539D4207D003F50E
:102B300080539D4203D003F575339D4203D140215C
:102B40002846FFF731FA00212846FFF73FFE4AE703
:102B5000BB6939693868C91AFFF71CFA77E76FF063
:102B6000030041E72846FFF763F86FF008012846A5
:102B7000FFF75CF86FF0030036E7E9682846FFF7D7
:102B80000FFA6FF003002FE700200440E40B002051
:102B9000D40B002010B504462046FFF7F3F90028B7
:102BA000FAD02046BDE81040FFF7E0B938B54FF045
:102BB000E02318499C691A6922F480320A601A6974
:102BC000D20723D46FF07F4405225C614FF08075FB
:102BD0009C611A61104B114A19680023A0FB010186
:102BE00005F0BAF80E4BB0FBF5F205FB120084427B
:102BF0001A6007D81A6801321A602C44094B201A4F
:102C0000186038BD074B201A186038BD5D69013562
:102C1000E0E700BFF80B00200800002040420F0052
:102C200004000020FC0B002070B54FF0E024236965
:102C3000DB0306D50E4D2B68002B03DD2B68013B13
:102C40002B6070BD0B4E33685BB16FF00F0098477F
:102C5000094A00233360126822614FF0FF332B6072
:102C600070BD054A4FF0FF33126822612B6070BDC2
:102C700004000020F40B0020F80B002010B50C4CD1
:102C80000C4B22681960002A0FDC08B9002010BD27
:102C9000FFF78CFF2368002BF8DD4FF0E0220020C7
:102CA000136943F00203136110BD6FF0050010BDFE
:102CB00004000020F40B0020F8B5174C2368002B0B
:102CC0001EDB26682EBB154B4FF0E0251B68AA695A
:102CD0009A421ED8124F3B685BB16FF00F009847C5
:102CE000104B3E601A682A614FF0FF3323600020CA
:102CF000F8BD0C4A4FF0FF3312682A612360F6E7F3
:102D0000074C2368002BF2D0002098470020206059
:102D1000F8BD6FF00500F8BD04000020FC0B00209A
:102D2000F40B0020F80B002010B5094C236823B1E8
:102D30006FF00F00984700232360064A064B106887
:102D40004FF0E0214FF0FF3208611A6010BD00BF64
:102D5000F40B0020F80B00200400002038B5184CBC
:102D60002268002A29DC00B938BDFFF71FFF4FF0A9
:102D7000E02202E01369DB031BD42368002BF9DC9B
:102D8000104B1A684FF0E0218B699342FCD80E4D2E
:102D90002B6823B16FF00F00984700232B600B4B7B
:102DA0004FF0E022196811614FF0FF3300202360DB
:102DB00038BD2368013B2360DFE76FF0050038BDB5
:102DC00004000020FC0B0020F40B0020F80B002076
:102DD0003F2809D90E4A4038D168C0B2012303FA0E
:102DE00000F00843D06070471F284FF0804208D998
:102DF0002038916CC0B2012303FA00F008439064BC
:102E00007047516A012303FA00F00843506270478B
:102E1000000008403F280AD910494038CB68C0B2AA
:102E2000012202FA00F023EA0000C86070471F2860
:102E30004FF0804109D920388B6CC0B2012202FAD0
:102E400000F023EA0000886470474B6A012202FA0E
:102E500000F023EA00004862704700BF000008400D
:102E6000023810B5052877D8DFE800F00827374B7F
:102E70005F03BDE810403A4800F0DEBA4FF08044EE
:102E8000384A636F42F2881143F01103636791611E
:102E9000A36843F480330021A3604FF47A70FFF7F6
:102EA000EDFE03E0FFF708FF063052D1A368DA0118
:102EB000F8D5FFF739FF002010BD00214FF47A70DC
:102EC000FFF7DCFE4FF0804403E0FFF7F5FE06302D
:102ED0003FD1A3689900ECD4F7E74FF0804400217C
:102EE000A36843F40023A3604FF47A70FFF7C6FE93
:102EF00003E0FFF7E1FE06302BD1A3681B01F8D5F4
:102F0000D7E74FF080440021A36843F48013A36007
:102F10004FF47A70FFF7B2FE03E0FFF7CDFE063004
:102F200017D1A368D800C4D4F7E74FF0804400213C
:102F3000A36843F40033A3604FF47A70FFF79EFE5A
:102F400003E0FFF7B9FE063003D1A3689B01B0D4BC
:102F5000F7E76FF0090010BD6FF0020010BD00BF71
:102F600044EA00100008004038B54FF080439D68E7
:102F7000072877D8DFE800F05A7667232C3B4B040C
:102F80006E4800F059FAC8B94FF08042936843F494
:102F90006063936000214FF47A70FFF76FFE4FF08B
:102FA000804403E0FFF788FE06305ED1A3689B04EF
:102FB000F8D5FFF7B9FE00F0C7FC002038BD4FF090
:102FC0008042936823F4606343F4C0639360E1E755
:102FD0004FF08044A16811F4002150D04FF080429E
:102FE000936823F4606343F400639360D2E74FF087
:102FF0008044A16811F4801100F08D804FF0804270
:10300000936823F4606343F420639360C2E74FF056
:103010008044A16811F400316AD04FF08042936877
:1030200023F4606343F440639360B3E74FF080445C
:10303000A16811F4802148D04FF08042936823F4B6
:1030400060639360A6E74FF08044A16811F480317B
:1030500028D04FF08042936823F4606343F4806388
:10306000936097E76FF0020038BDA36805F46065D0
:1030700023F460632B43A3606FF0090038BDA3689D
:1030800043F40023A3604FF47A70FFF7F7FD03E0E9
:10309000FFF712FE0630EFD1A3681B01F8D5FFF74A
:1030A00043FE9BE7A36843F48033A3604FF47A7038
:1030B000FFF7E4FD03E0FFF7FFFD0630DCD1A36876
:1030C000D901F8D5FFF730FEC3E7A36843F48023A6
:1030D000A3604FF47A70FFF7D1FD03E0FFF7ECFD3A
:1030E0000630C9D1A3685A01F8D5FFF71DFEA3E742
:1030F000A36843F40033A3604FF47A70FFF7BEFD7A
:1031000003E0FFF7D9FD0630B6D1A3689A01F8D5E0
:10311000FFF70AFE81E7A36843F48013A3604FF42E
:103120007A70FFF7ABFD03E0FFF7C6FD0630A3D1D1
:10313000A368D800F8D5FFF7F7FD5FE744EA001071
:103140004FF08042936803F4E073984208D093688C
:1031500000F4E07023F4E0731843906000F0F4BBD7
:10316000704700BF3F280AD94038114AC0B2012336
:1031700003FA00F0906093681842FCD170471F2852
:103180000BD92038C0B201234FF0804203FA00F07F
:103190005064536C1842FCD1704701234FF08042B9
:1031A00003FA00F0506053681842FCD1704700BF2A
:1031B0000000084050E8003F3BB940E80013002BF6
:1031C000F8D1BFF35F8F184670476FF00500704766
:1031D000BFF35F8F00230360704700BF01460148C3
:1031E00000F020B8004400400146014800F032B829
:1031F000004400400146014800F044B8004400404B
:10320000014800F057B800BF00440040014800F0FA
:1032100059B800BF00440040014800F05BB800BF4F
:103220000044004042680A4B12F0800F14BF4FF474
:10323000167C4FF4FA7C4268A1EB0C01A3FB01134E
:10324000C3F3C60322F07F02134343604360704719
:10325000CDCCCCCC82680A4B12F0800F14BF4FF457
:10326000167C4FF4FA7C8268A1EB0C01A3FB0113DE
:10327000C3F3C60322F07F02134383608360704769
:10328000CDCCCCCCC2680A4B12F0800F14BF4FF4E7
:10329000167C4FF4FA7CC268A1EB0C01A3FB01136E
:1032A000C3F3C60322F07F021343C360C3607047B9
:1032B000CDCCCCCC036C13F0010F0CBF6FF006002B
:1032C00000207047036C13F0020F0CBF6FF0060074
:1032D00000207047036C13F0040F0CBF6FF0060062
:1032E00000207047D0F80031012223F00103C0F81C
:1032F0000031C0F80027D0F80031DA03FBD5D0F850
:10330000003143F00103C0F80031D0F80031DB0395
:10331000FBD57047FFF7E6BF0146014800F014B83F
:10332000006000400146014800F028B800600040FD
:10333000014800F03DB800BF006000400146014870
:1033400000F03AB80060004011F0260C10D00A4A94
:1033500013691B07FCD4036943EA0C03036111F0F2
:10336000060007D0044B186910F00800FBD1704725
:103370006FF00200704700BF0060004011F0260CA3
:1033800010D00A4A13691B07FCD4036923EA0C0313
:10339000036111F0060007D0044B186910F0080013
:1033A000FBD170476FF00200704700BF0060004023
:1033B000006900F0D0007047036901F0D00123EAF2
:1033C0000103036100207047C36843F00113C36029
:1033D000704700BF836943F001238361704700BFDA
:1033E000836923F001238361704700BFFFF7ECBFBF
:1033F000FFF7F0BFFFF7F4BFC10710B5044608D4CC
:10340000A2070BD463070ED42046BDE8104000F09D
:1034100087B90020FFF7FEFCA207F3D50120FFF7D4
:10342000F9FC6307F0D54020FFF7F4FC2046BDE827
:10343000104000F075B900BF70B5804B05689D4223
:10344000044637D003F580539D4220D003F5EE2388
:1034500003F580639D4200F08180794885420CBF6E
:1034600008200020FFF7C8FF754B22689A4215D04C
:103470006268217A284600F01DF9D0B9637A042BDE
:1034800000F2D980DFE803F05A4C3E2F18000220EA
:10349000FFF7B2FF6A4B22689A42E9D1237A012BE7
:1034A00000F0BD80022B00F0A780002B58D06FF0F9
:1034B000100070BD0120D5E72B6E626823EA02037D
:1034C0002B666B6E13436B66D5F8B83023EA0203A4
:1034D000C5F8B8305A4BA17A9D4239D02846BDE88C
:1034E000704000F0CFB82B6E626813432B666B6E92
:1034F00023EA02036B66D5F8B83023EA0203C5F865
:10350000B830E7E72B6E626823EA02032B666B6E26
:1035100013436B66D5F8B8301343C5F8B830D9E714
:103520002B6E626813432B666B6E23EA02036B6695
:10353000D5F8B8301343C5F8B830CBE72B6E6268C6
:1035400023EA02032B666B6E23EA02036B66C1E774
:1035500000290CBF6FF01000002070BD042081E72F
:103560006368384958001A010E6A00F0020002F040
:103570002002024326EA02020A628A68C3F3400379
:10358000034322EA03038B60637A042B8FD8DFE8BE
:1035900003F0261B031B030062682A49D300086A54
:1035A00003F0100302F00106334320EA03030B6229
:1035B00056019300086A03F0040306F04006334303
:1035C00020EA03030B6285E71E4962680E6AD30096
:1035D00002F0010003F0100330430343E7E76268A1
:1035E000184893005101066A03F0040301F04001FA
:1035F0000B43334303626DE76368124958001A01B5
:103600000E6A00F0020002F02002024332430A6216
:103610008A68C3F34003034313438B60B4E76368D2
:10362000084958001A010E6A00F0020002F0200258
:1036300002433243A0E76FF0020070BD00800040FB
:1036400000060840006C004000F07CB8034A90423D
:1036500001D000F013B8024AD1617047000608405B
:1036600000680040034B984201D000F009B8024BBB
:10367000D8697047000608400068004081647047C0
:10368000006C704769B1012907D1D0F8C030002122
:103690001A43C0F8C020084670476FF00201084680
:1036A0007047D0F8C03023EA0202C0F8C0200846B4
:1036B000704700BF0346006B104318635A6005292A
:1036C0002AD8DFE801F00A12141B2203C3F888206D
:1036D00000209A67DA669A6070475A615A60002043
:1036E0001A67DA67C3F8882070471A61F6E7C3F8EB
:1036F00088200020DA671A679A607047C3F888202C
:103700000020DA67DA669A607047C3F888200020E4
:103710009A671A679A6070476FF00200704700BF9F
:1037200010B5064C217831B905484FF4007205F008
:1037300061F801232370002010BD00BF001000209D
:10374000000C002070B5054640B1012823D00228A6
:1037500023D00328124E18BF002600E0114E304639
:10376000FFF780FF044601463046FFF76FFF8CB13C
:103770000D4E0E4B06EBC51603EBC515E30703D53F
:103780002B680BB130689847640806F1040605F110
:103790000405F3D170BD064EE1E7064EDFE700BF3A
:1037A0000006084000800040000E0020000C0020B1
:1037B00000900040000408404A4885464A48804737
:1037C00080B94A494A4A4B4B9B1A03DD043BC8580F
:1037D000D050FBDC4849494A00209142BCBF41F827
:1037E000040BFAE7464880474648804746488047EA
:1037F000FFF7FEFFFEE7FEE7FEE7FEE7FEE7FEE778
:10380000FEE7FEE7FEE7FEE7FEE7FEE7FEE7FEE790
:10381000FEE7FEE7FEE7FEE7FEE7FEE7FEE7FEE780
:10382000FEE7FEE7FEE7FEE7FEE7FEE7FEE7FEE770
:10383000FEE7FEE7FEE7FEE7FEE7FEE7FEE7FEE760
:10384000FEE7FEE7FEE7FEE7FEE7FEE7FEE7FEE750
:10385000FEE7FEE7FEE7FEE7FEE7FEE7FEE7FEE740
:10386000FEE7FEE7FEE7FEE7FEE7FEE7FEE7FEE730
:10387000FEE7FEE7FEE7FEE7FEE7FEE7FEE7FEE720
:10388000FEE7FEE7FEE7FEE7FEE7FEE7FEE7FEE710
:10389000FEE7FEE7FEE7FEE7FEE7FEE7FEE7FEE700
:1038A000FEE7FEE7FEE7FEE7FEE7FEE7FEE7FEE7F0
:1038B000FEE7FEE7FEE7FEE7FEE7FEE7FEE7FEE7E0
:1038C000FEE7FEE7FEE7FEE7FEE7FEE7FEE7FEE7D0
:1038D000FEE7FEE7FEE7FEE7FEE7FEE7FEE7FEE7C0
:1038E000FEE7FEE700C00120C139001058F60010C5
:1038F00000000020A40A0020A80A0020681100206F
:103900000D3A0010F9800010116A00100B4A08B53A
:103910000346106828B10A4903448B4207D8136054
:1039200008BD08480649106003448B42F7D904F0EB
:10393000DDFB0C2303604FF0FF3008BD04100020B6
:1039400000B00120681100204FF080439A6802F413
:103950006062B2F5206F26D010D8B2F5806F20D00B
:10396000B2F5C06F14D14FF4FA534FF080420F49B3
:103970009268C2F38212D3400B607047B2F5406F79
:103980000CD00B4B0B49B2F5606F08BF0B46ECE750
:10399000074B0949002A08BF0B46E6E74FF40043EE
:1039A000E3E7064BE1E74FF4E103DEE70800002020
:1039B00000E1F505C0687804008793030048E8013A
:1039C0004FF0804010B4816884680E4A44F4E0747B
:1039D00001F4E0718460136CDC07FCD5094A136CB8
:1039E0009807FCD5074A136C5B07FCD54FF0804263
:1039F000002093685DF8044B23F4E0730B4393605D
:103A0000704700BF00440040704700BF10B51B4C1A
:103A10001B4BA36062B61B48FFF77CFCD4F88830D0
:103A200043F47003C4F88830BFF34F8FBFF36F8F38
:103A300040F2D660FFF7D2FBFFF7E2FB0028FBD194
:103A400040F24C40FFF7D0FBFFF7E0FB0028FBD132
:103A500040F24C40FFF7CEFBFFF7DEFB04460028A8
:103A6000FAD10420FFF780FA2046FFF769FBFFF741
:103A70006BFF01F09FFCFFF7C7FF10BD00ED00E0FA
:103A80000000001000A002400020FFF7DDBD00BFD5
:103A90000120FFF7D9BD00BF0220FFF7D5BD00BF51
:103AA000174A416838B552F821304569013B42F860
:103AB00021300446B3B92868FDF756FAC8B96368DF
:103AC00033B1012B16D0022B16D00346012101E0A1
:103AD0004FF400510B4A203342F82310BFF34F8FAD
:103AE000BFF36F8F2846FCF7ABFB2046FCF7A8FB23
:103AF000002038BD1021EDE74FF080410123E9E7B8
:103B00000810002000E100E030B589B0002832D074
:103B10004469002C2FD04568DDB9184D0491B3FAE3
:103B200083F35B090021CDE90523CDE90211237A56
:103B3000027B009501921BB162680691CDE90223D8
:103B40006846FDF79BFA237A05464BB9284609B02B
:103B500030BD012D0DD0022D094D18BF0025DDE728
:103B60006068FCF76DFB002328462372636009B090
:103B700030BD044DD2E76FF01505E7E700D00140F6
:103B800000F0014000E0014000283CD070B54669DB
:103B900088B0002E34D0144642680D46A2B1012AE6
:103BA0002CD0022A194A18BF002283B970683472D7
:103BB000D8B1214604F0D2FE70602246294604F0B6
:103BC0007FFD002008B070BD114A002BEED0017BB4
:103BD00000236846CDE90021CDE90254CDE9045324
:103BE0000693FDF74BFA08B070BD2046FCF724FBA6
:103BF00070600028E1D16FF00B00E3E7054AD4E7DD
:103C00006FF01500DEE76FF01500704700F001401F
:103C100000D0014000E001402DE9F04784B00028C9
:103C200047D00C46002944D00B69002B41D00B68CB
:103C3000022B3ED8054618210120FCF7FFFA286028
:103C4000002800F08C800C210120FCF7F7FA0646D2
:103C5000002844D02268D4F81090002A2FD1414F78
:103C6000616841482B68376081425A6002D93F48F9
:103C700081422BD8DFF81481986058F822A0227A6C
:103C80001A735E61BAF1000F09D13846FDF76CF97D
:103C9000524601213846FDF793F9002859D12B6887
:103CA00099F800605B68012B4BD0022B20D0002BD1
:103CB00041D06FF01504204604B0BDE8F087012A1A
:103CC00045D0022A2A4F18BF0027C9E72948814258
:103CD000D0D929488142CDD96FF015043BE06FF06F
:103CE0000B042868FCF7ACFA204604B0BDE8F08766
:103CF000224A07CA01AB83E8070018468DF80E6018
:103D0000FFF79AFB3846FDF7A7F92B689B68014639
:103D1000994228BF19463846FDF79CF90028C8DBB0
:103D2000226858F8223000240133204648F8223017
:103D300004B0BDE8F087124A07CA01AB83E8070068
:103D4000DBE7104A07CA01AB83E80700D5E70E4F4F
:103D500086E74FF0FF343046FCF772FAC1E76FF0A8
:103D60000B04A8E700D00140A0860100801A0600DD
:103D700000F0014040420F0040E1330068EA0010CB
:103D800050EA00105CEA001000E00140081000203A
:103D90000148FDF779B900BF00D001400148FDF7A7
:103DA00073B900BF00E001400148FDF76DB900BFE5
:103DB00000F00140F0B5C169037B0D688BB0B3FA28
:103DC00083F1012249098DF81D10991AB1FA81F188
:103DD0004909A3F102030446B3FA83F38DF81E10D8
:103DE00069798DF81C2000205B09091A8DF81F30B5
:103DF00063688DF8202018BF01218DF824108DF8FC
:103E000021208DF822008DF82300002B34D093421E
:103E1000254E18BF06460AAA12E907000DF1080C44
:103E20002B68A768ACE803008CF8002001972A797A
:103E30000092012100223046FCF7F4FC38BB636895
:103E4000E3B91A48617BFCF75FFE00BB6368D3B13E
:103E5000012B154818BF00200121FCF753FEB0B913
:103E6000636893B1012B104818BF00200821FCF7AC
:103E700045FE60B90BB0F0BD0C4ECCE7012B0A48F3
:103E800018BF0020DEE70948E6E70848EEE7636868
:103E90002BB90648FCF7D8FD6FF01500EAE7012BB7
:103EA000014818BF0020F5E700E00B400060044027
:103EB00098B1436810B5044653B90948FCF7C4FDEE
:103EC000E069FCF7BDF92046FCF7BAF9002010BD07
:103ED000012B044818BF0020F0E76FF01500704771
:103EE0000060044000E00B402DE9F04F064689B029
:103EF0000D46029373689DF84C0001909046002B8C
:103F000000F00181012BA04C18BF0024DFF888A22B
:103F100096F80C905AF82330D6F81CB04B450BD0CD
:103F20003046FFF747FF0746002840F0E8807368F7
:103F30004AF8239096F80C906368012723F47023C5
:103F4000636007FA09F14FF47020FCF721FC636805
:103F50001843606024214046FCF770F9824600282F
:103F600000F00F8124214046FCF768F900900028FA
:103F700000F0CB8038461C21FCF760F98146002810
:103F800000F0CB80E36943F08013E361236A43F4DC
:103F9000006323622B7B002B00F0BA80636823F45C
:103FA00080736360A968A160E369784843F04003C7
:103FB000E361FCF7EDFBA3681843A060E369DBF85D
:103FC0000C0043F48003E361E36943F08023E36181
:103FD00006A901F011FD0746002840F08780DBF8B4
:103FE0000C0007A901F008FD0746002879D1009BC5
:103FF000C9F80060C9E9033A079BC9F80830069B75
:104000000393C9F80430019B2BB1029BC9F814300B
:10401000129BC9F81830B8F1000F41D0DBF800301E
:10402000009ADBF814E00494D3E9037108EBC806A6
:10403000DBF81030029302EB8606134674465246B4
:10404000DDF808E0CDF814A0CDF808B0B24608209D
:104050004FF0010CBB460E4629684D4FC3E90014D2
:10406000A9681877C3F8149083F80CC01F616F68B3
:1040700099609E612433C2E901719A454FF00201B3
:10408000C2F800E010771173C2F818B005F11C05F2
:1040900002F12402E0D1049CDDF808B0DDF814A0A0
:1040A000039BDBF80C000099424601F0E9FC07464F
:1040B00090B9079BDBF80C004246514601F0E0FC4A
:1040C000074668B30699DBF80C0001F07FFD0799FD
:1040D000DBF80C0001F07AFD0799DBF80C0001F029
:1040E000B1FCDBF80C00069901F0ACFC4846FCF78B
:1040F000A7F80098FCF7A4F85046FCF7A1F838465A
:1041000009B0BDE8F08F234C00E76FF00B07F3E731
:10411000636843F48073636044E76FF00B07E8E77C
:1041200063680799DBF80C0043F02003636001F03B
:104130002BFD07460028C5D10699DBF80C0001F0DD
:1041400023FD07460028BDD1019B002BD7D107993D
:10415000DBF80C0001F09EFD0028F8D00699DBF892
:104160000C0001F097FD0028F1D0236BDB07FCD495
:10417000636823F020036360E36923F04013E36185
:10418000BDE76FF00B07BAE700E00B400000FFFF50
:10419000C5410010006004401410002010B582B02A
:1041A000049C009401240194FFF79EFE02B010BD10
:1041B00000B5002383B0CDE90033FFF795FE03B0CF
:1041C0005DF804FBF8B5136814465A68DD690F46BC
:1041D00012B3012A1C4E18BF002604E06168E8688B
:1041E00001F05EFD28B1A168E86801F059FD0028E2
:1041F000F4D1336BDB07FCD487B1B968B3681348DB
:104200000B43B360FCF7C4FAB3681843B06073683B
:1042100043F020037360F8BD0D4EE4E763690BB112
:10422000A0699847606801F0A1FCA06801F09EFCBD
:10423000E068FCF705F82069FCF702F82046BDE8C5
:10424000F840FBF7FDBF00BF00E00B400000FFFFA0
:10425000006004402DE9F04F436885B083460C466A
:104260000192002B00F02581012B984D18BF0025ED
:10427000002C00F02481964F9BF80C6057F82330F7
:10428000B3420BD05846FFF795FD002840F0E2807E
:10429000DBF8043047F823609BF80C606B68012161
:1042A00023F470236B60B1404FF47020FCF770FA78
:1042B0006B681843019B68604FF0000A002B00F008
:1042C000C880EB6943F08013EB612B6A002243F452
:1042D00000632B62AA60237B002B00F0CC806B680C
:1042E00023F480736B606369DBF81460DBF81C9067
:1042F000A2694FF47A7808FB0366DBF8183008FBF4
:104300000238D9F804309E4200F0C380DBF8043054
:10431000002B00F0BC80012B40F0D4806B4F3B6938
:1043200003933846FCF7ACFBD9F80430694A9E4247
:1043300002EB5002B2FBF0F213D0002E00F0AF807F
:10434000B6FBF2F1FF2900F2AE803B69029223F046
:10435000FF033B61FF20FCF71BFA3B69029A1843FD
:104360003861D9F80830984513D0B8F1000F00F043
:104370009880B8FBF2F1FF2900F29D803B6923F49D
:104380007F433B614FF47F40FCF702FA3B691843DF
:104390003861C9E901682168002974D0A268AA605F
:1043A000EB6943F04003EB612846FCF7B3FBA368DD
:1043B000A3EB0009B9FA89F906464FEA591963686F
:1043C000002B5DD0A1684448FCF7E2F9AB681843C4
:1043D000A860EB6943F48003EB614FF000086B6861
:1043E00043F020036B600027B8F1000F02D0B9F151
:1043F000000F18D1216811B1A268B2422DD86168AE
:104400000029F1D0A268BA42EED9D21B394428461D
:10441000FCF77CFBA3680744A3EB0708B8FA88F80D
:104420004FEA5818E0E72B6A1B05FCD56B6823F0B0
:1044300020036B60EB691C3423F04013EB6154F8EC
:104440000C0C00F0C9FF019B0AF1010A53457FF4EF
:1044500038AF002005B0BDE8F08F921B31442846EC
:10446000FCF758FBA3680644A3EB0609B9FA89F9DF
:104470004FEA5919C3E76B6843F480736B6032E706
:104480004FF00108ABE74FF001090E4697E7134FD5
:1044900045E7D9F8083098457FF438AF7BE701212C
:1044A00053E701216AE70E4804F050FA039B3B6191
:1044B00071E70A4DDCE60B4804F048FAF6E76FF0C6
:1044C0001500C7E700231B69FFDE00BF00E00B40BB
:1044D0001C10002000CA9A3B0000FFFF006004404F
:1044E000FCEA001028EB001010B588B00023CDE9DD
:1044F0000111144601A90122CDE90433CDE90633A7
:1045000003948DF81020FFF7A5FE08B010BD00BF82
:104510002DE9F04100294DD08B690E46002B49D082
:10452000804624210120FBF789FE0446002849D05B
:1045300018210120FBF782FE0546002837D033689A
:104540007268B7696360A260327A2273727A6273AA
:10455000B27AA273012B0760E0610AD96FF01506E9
:104560002846FBF76DFE2046FBF76AFE3046BDE8A5
:10457000F0812046FFF71EFC06460028F0D1B968FE
:1045800091B1D7E903239A42E8D205F10C0001F07A
:10459000C5F908B10646E3E76368E2696BB1012B30
:1045A00002D1136121235361C8F80040DEE76FF0A8
:1045B0000B06D5E76FF01506D8E70F232F21C2E9C8
:1045C0000431F1E76FF00B06D0E700BF704700BF82
:1045D0006FF05700704700BF00282ED069B362B358
:1045E00070B5007940B1012823D0022823D00328D8
:1045F000134D18BF002500E0124D134C134B1E78CD
:1046000004EB40131A6142019960A55000225A60E0
:10461000DA609A610E4ADA610EB1002070BD04EBD7
:104620004010FDF7C5FC063008BF6FF00F00F4D155
:1046300070BD084DE1E7084DDFE76FF015007047EA
:1046400000140840002004402810002025100020FD
:1046500085520010003004400040044000282ED055
:1046600069B362B370B5007940B1012823D0022844
:1046700023D00328134D18BF002500E0124D134C22
:10468000134B1E7804EB4013DA6042015960A550C9
:1046900000229A601A615A610E4ADA610EB1002056
:1046A00070BD04EB4010FDF783FC063008BF6FF0CF
:1046B0000F00F4D170BD084DE1E7084DDFE76FF062
:1046C0001500704700140840002004402810002006
:1046D00025100020855200100030044000400440A6
:1046E000F0B585B0057900214FF481730291CDE9D1
:1046F00000110446ADF80830002D3CD0012D62D0E9
:10470000022D7CD0032D6BD0C06803912E46F0B1F2
:10471000A769386801F0B8F823793868002B39D1D7
:104720000E216A4601F098F8386801F077F8E068E1
:10473000FBF7D8FDE068FBF783FD002D3FD0012D8E
:1047400059D0022D4AD0032D324818BF0020324BD9
:104750007201985003EB4613304ADA61FDF72AFCE8
:10476000237903B3012B2CD0022B46D0032B2948ED
:1047700018BF002018E0C66829480390002EE6D034
:10478000A76938682E460E2101F07EF82379386833
:10479000002BC5D0012B2CD0022B1DD0032B0CBF1E
:1047A00058210021BDE71E48FDF744FAA069FBF738
:1047B00047FD2046FBF744FD002005B0F0BD18483A
:1047C000C5E71848F0E7C3681648039003B3A76924
:1047D0002E4638680F21D7E72221A2E71248B6E714
:1047E000C3680C4803909BB1A7692E4638685821CE
:1047F000CAE70F2195E70B48A9E70B48D4E7C36840
:104800000948039023B1A7692E4638682221BBE7E7
:104810002E469CE70014084028100020CD450010CB
:1048200000200440003004400040044070B582B0D5
:104830000192002835D00E46002932D0002A30D00F
:104840000546C068A8B1002404E0019B0134A342DE
:104850000CD9E8683119FBF71DFD0028F5D0002CB4
:1048600014BF20466FF00A0002B070BD204602B0AF
:1048700070BD2B7943B1012B0FD0022B0FD00C4A06
:10488000032B08BF104600E00A4801AA3146FDF795
:1048900073FB48B9019802B070BD0748F5E70748B7
:1048A000F3E76FF01500DFE76FF00400DCE700BF0F
:1048B0000014084000200440003004400040044040
:1048C0002DE9F04F8BB0002962D08B690C46002B8C
:1048D0005ED080461C210120FBF7B0FC0546002875
:1048E00000F0E58004210120FBF7A8FCA8612278F4
:1048F0000746D2B9DFF80C92A3692A71E1682961F1
:10490000667C032E47D0042E1AD0D6B16FF0150660
:104910003846FBF795FC2846FBF792FC4846FDF726
:1049200089F930460BB0BDE8F08F012A35D0022A54
:1049300036D06D4B032A0CBF99464FF00009DBE7D8
:10494000022694F810A0BAF1030FDFD894F812B041
:10495000BBF1000F02D0BBF1010FD7D11A7812B30F
:10496000013A012AD2D8012200920022484601933E
:10497000FDF798F90028C9D1019B93F801C02B7964
:10498000012B12D0022B00F08C80002B00F08380D2
:104990006FF01506C5E70426D3E7DFF86C91ABE7A7
:1049A000DFF86891A8E70092DFE7504A07CA06AB34
:1049B00083E8070018468DF822C00193FEF73CFDFE
:1049C0000AF105014846FDF775FA00289ED13146E7
:1049D0004846FDF773FA002898D159464846FDF736
:1049E0006BFA002892D1009908224846FDF768FA30
:1049F000064600288AD1227A019BC8F80050002A76
:104A00008FD005F10C000093FBF724FC064600282C
:104A10007FF47EAF364A0390059003A9384604928E
:104A200000F0E2FE064600287FF472AF314A06929B
:104A30004FF481720795ADF820202A79009B002A57
:104A400038D0012A3DD0022A49D0032A42D0002181
:104A5000386809911A4600F0F3FE0646B8B92B797A
:104A6000386863B3012B31D0022B31D0032B0CBF3C
:104A70005821002100F0FCFE064640B91E490122E3
:104A80002846FFF7A9FD064600283FF44AAF3868DC
:104A900000F0C4FE3CE7194A07CA06AB83E80700EA
:104AA00088E7174A07CA06AB83E8070082E76FF07A
:104AB0000B0636E7134A386809920E21CAE70E2121
:104AC000D8E7114A386809920F21C3E70F21D1E7CF
:104AD0002221CFE7044A386809925821BAE70B4AE5
:104AE000386809922221B5E70014084098EA0010BE
:104AF0008CEB0010D54B00102410002074EA00103D
:104B0000BCEA001000200440003004400040044093
:104B10002DE9F04F83B0002850D08A4600294DD0AF
:104B20001646002A4AD0274DDFF89C90DFF89C807B
:104B3000DFF89CB004460027082E334628BF082320
:104B4000019309E0022B2BD0032B0CBF4046002021
:104B5000FDF72CFA43060AD423792846002BF7D018
:104B6000012BEFD14846FDF721FA4306F4D523790E
:104B7000C3B1012B18D0022B18D0032B0CBF404619
:104B800000200AEB070101AAFDF7F8F9019B1F4479
:104B9000F61A68B9002ECFD1384603B0BDE8F08FC1
:104BA0005846D5E72846ECE74846EAE75846E8E79E
:104BB0006FF00407384603B0BDE8F08F6FF01507BB
:104BC000EAE700BF00200440003004400014084021
:104BD0000040044070B5164D04462978C068FBF7C4
:104BE0006DFB227942B1012A1ED0022A1ED0032A6F
:104BF000104B18BF002300E00F4B10485101012655
:104C000043500F4B1C7800EB421300215960D960D0
:104C100099610C499D601E61D96104B170BDBDE808
:104C200070401846FDF7C4B9074BE6E7074BE4E7C9
:104C30002410002000140840002004402810002008
:104C40002510002085520010003004400040044030
:104C5000022801D80020704708B503F047FA09235D
:104C600003604FF0FF3008BD022801D801207047D3
:104C700008B503F03BFA09230360002008BD00BF1C
:104C800008B503F033FA092303604FF0FF3008BD85
:104C9000022808B504D84FF400534B60002008BD2B
:104CA00003F024FA09230360002008BD10B540B9C1
:104CB0000B4B0122186800F057FD041E08DB20464C
:104CC00010BD03F013FA092303604FF0FF34F6E739
:104CD00003F00CFA644204604FF0FF34EFE700BFCA
:104CE000A81000200138012810B507D80A4B186811
:104CF00000F05AFD041E08DB204610BD03F0F6F953
:104D0000092303604FF0FF34F6E703F0EFF9644244
:104D100004604FF0FF34EFE7A810002000680B6834
:104D2000C01A70476FF05700704700BF62B600208E
:104D3000704700BF72B60020704700BF6D290AD8C7
:104D4000064A4809012301F01F0103FA01F142F864
:104D50002010002070476FF01500704700E100E060
:104D60006D290FD84B0909480122203301F01F019A
:104D700002FA01F140F82310BFF34F8FBFF36F8F9A
:104D8000002070476FF01500704700BF00E100E0A1
:104D90006D2909D801F1604101F561415201D2B29A
:104DA00081F80023002070476FF01500704700BFA6
:104DB00010B586B00023CDE90333059300282ED02B
:104DC000012830D002282CD003280CBF1F211946FF
:104DD000400100F1804303F52033144CD3F8042143
:104DE000E06C029142F00402C3F8042148B102AA27
:104DF0006946FBF7DDFB20B9009A93680BB1D068D8
:104E00009847E06D48B102AA01A9FBF7D1FB20B990
:104E1000019A93680BB1D068984706B010BD1C2169
:104E2000D6E71E21D4E71D21D2E700BF0C000020E9
:104E300010B51F4A86B000239042CDE903330446E3
:104E400005932DD003F1804303F58833984214D0A5
:104E500003F58053984227D003F58053984225D01C
:104E600003F5DB2303F5806398421BD003F58063D1
:104E700098420CBF0A23002300E006230D49029349
:104E8000486B02AA01A9FBF793FB38B9019A936812
:104E90000BB1D06898472046FEF7A8FA06B010BDBF
:104EA0000523EBE70923E9E70723E7E70823E5E71D
:104EB000000001400C000020F0B587B00023CDE9D0
:104EC00003330593A1F11803022B029140F28C8069
:104ED00036290E4600F0888000287AD01446002A31
:104EE00077D0137A0B2B74D84A4FDA0007EBC30341
:104EF0005868E8B102AA01A9FBF75AFB054658BB5E
:104F0000637A013B072B64D8DFE803F0076804638A
:104F100063630707E068FEF76BFAE268019BC3E989
:104F20000062D4E90012C3E90212284607B0F0BDBE
:104F3000101D3844384A0321FBF77CFA0546002847
:104F4000F3D1237A07EBC30302AA586801A9FBF740
:104F50002FFB05460028D3D010210120FBF76EF966
:104F600001460190002851D0E368C0E90063D4E90C
:104F70000023C0E90223237A07EBC3035868FBF739
:104F800039FA0546F8B9637A013B072B12D801A21A
:104F900052F823F02B4F0010FB4F0010F34F00107E
:104FA000B54F0010B54F0010B54F00102B4F00103B
:104FB0002B4F0010237A07EBC307694678686FF020
:104FC0001505FBF7C9F90198FBF73AF9284607B030
:104FD000F0BD6FF01505284607B0F0BD0220FEF7C2
:104FE0009BF9002899D00EE06FF05705284607B0CE
:104FF000F0BDE068FEF7FCF997E70220FEF78CF9B8
:105000000546002891D06FF00F058EE76FF00B0575
:105010008BE700BF0C0000201D4D0010B1B1F8B5AA
:105020000D4F3C68064614B104600020F8BD0D46E3
:1050300001201021FBF702F9034650B12968AA6844
:1050400038601960DA6020463360F8BD6FF01500F3
:1050500070476FF00B00F8BDAC10002000B3F0B546
:10506000114C83B0074604F16006002502E0019868
:10507000FBF7E6F8606801A9FBF792F90028F6D083
:1050800060680834FBF728FAB44244F8045CF1D1B4
:105090003846FBF7D5F8054B00201D6003B0F0BD86
:1050A0006FF01500704700BF0C000020AC1000200E
:1050B00010B586B00023CDE9033301930593A1F128
:1050C0001803022B029128D9362926D068B314463A
:1050D0005AB3507A022814D003281AD0012815D0C8
:1050E000217A134B03EBC10302AA586801A9FBF70D
:1050F000C1FA0446B0B90198FBF7A2F8204606B001
:1051000010BD0C4B0393FEF70DF9E9E7D368039349
:10511000E6E7D068FEF76EF9E2E76FF05704204645
:1051200006B010BD6FF01204E8E76FF01504E5E774
:105130000C0000200060004008B50948FCF73CFF67
:10514000084B1A685AB19A6932B91A6922B1BDE896
:1051500008400448FCF72CBFDB68002BF7D108BDE2
:10516000002004402810002008B50948FCF724FF5F
:10517000084B1A6A5AB19A6B32B91A6B22B1BDE860
:1051800008400548FCF714BFDB6A002BF7D108BDC7
:1051900000300440281000204810002008B50948BD
:1051A000FCF70AFF084B1A6C5AB19A6D32B91A6DA6
:1051B00022B1BDE808400548FCF7FABEDB6C002BC5
:1051C000F7D108BD004004402810002068100020DE
:1051D00008B50948FCF7F0FE084B1A6E5AB19A6FF1
:1051E00032B91A6F22B1BDE808400548FCF7E0BEAD
:1051F000DB6E002BF7D108BD0014084028100020FA
:10520000881000200148FFF713BE00BF00000140D6
:105210000148FFF70DBE00BF001001400148FFF735
:1052200007BE00BF002001400020FFF7C1BD00BF46
:105230000120FFF7BDBD00BF0220FFF7B9BD00BFD1
:105240000320FFF7B5BD00BF00B583B0FEF770F8CF
:10525000430602D403B05DF804FB4020FEF76EF86D
:10526000074B01A9586AFBF75BF80028F2DB019AAB
:105270009368002BEED0D068984703B05DF804FB2C
:105280000C00002030B5344A0368934287B041D007
:1052900002F58052934228D0304A934248D002F51A
:1052A000753293424ED00023CDE903330593029328
:1052B0004FF0FF3511B318460B21FCF771FE284B58
:1052C000586802AA01A9FBF773F9044658B9019A74
:1052D00024489368690144502BB1234DD0680121C3
:1052E000297098472C7007B030BD0022CDE9032209
:1052F00005920F22029201250029DCD14269C36880
:10530000934211D0826903699342ECD1002BEAD019
:10531000164BD5E700250E24CDE9035505950294DB
:105320000029C8D10D46E9E7002BEBD0104BC7E7A9
:105330000022CDE9032205922222029202250029B1
:10534000B9D1DBE70022CDE903220592582202926F
:1053500003250029AFD1D1E70020044000400440DC
:105360002400002028100020251000201C00002010
:10537000140000200C4B0D4A1B68A2FB03239B0961
:10538000013BB3F1807F0BD24FF0E022084853611C
:105390004FF0E00C0021072380F823C091611361D6
:1053A0000120FDF7DBBC00BF08000020D34D6210D8
:1053B00000ED00E008B5FFF7DDFF08BD10B5054CB6
:1053C000FDF732FCD4E90023501C43F10001C4E98D
:1053D000000110BDB0100020FDF7C0BC4FF47A737F
:1053E00003FB00F0FDF7BABC00293ED0CB682DE9E5
:1053F000F0410C46002B32D01B68002B32D00A68DB
:10540000042A2CD81C4E56F8227005467FB121463E
:105410002846984748B92368296856F823300B6016
:105420001A7901321A71E3680B61BDE8F081182125
:105430000120FAF703FF8046D0B1FAF703FF88F89E
:1054400004702368626846F82380C8F80830E3686F
:10545000C8E9032322691B68C8F81420D7E76FF056
:105460001500E2E76FF05700DFE76FF015007047B7
:105470006FF00B00D9E700BFB810002070B50B4EDD
:1054800056F820502B7904464BB92868FAF7E0FE0D
:105490002846FAF7D5FE002346F8243070BD013BBC
:1054A000DBB22B71002BF0D070BD00BFB810002014
:1054B00078B1036910B504468BB102681AB19068DF
:1054C000FFF7DCFF2369DB6833B12046BDE81040FD
:1054D00018476FF0150070476FF0570010BD6FF060
:1054E000150010BDF8B5C8B11D4603690446ABB13F
:1054F0005B68B3B10368186816460F46FAF7A4FE56
:1055000022692B462046556839463246A84723680B
:1055100004461868FAF79AFE2046F8BD6FF01504A5
:10552000FAE76FF05704F7E7F8B5C8B11D4603690D
:105530000446ABB19B68B3B10368186816460F46C2
:10554000FAF782FE22692B46204695683946324694
:10555000A847236804461868FAF778FE2046F8BD85
:105560006FF01504FAE76FF05704F7E738B51C2120
:1055700005460120FAF762FEA0B10446FAF762FE82
:1055800000202071D5E90032C4E902326A7A22741F
:10559000AA7A6274EA68A9696261044AA16142F860
:1055A000234038BD6FF00B0038BD00BFCC10002089
:1055B000002936D0CB6870B50C4663B31B686BB35B
:1055C0000A68082A27D8194E56F822200546CAB17B
:1055D000214628469847034690B921682A6856F81C
:1055E00021101160087901300871E1681161E169E9
:1055F000116210342A6894E80300143282E8030030
:10560000184670BD0846FFF7B1FF03460028F7D1E2
:10561000E3681B68DCE76FF01503F1E76FF05703F1
:10562000EEE76FF015031846704700BFCC1000205E
:1056300070B50B4E56F820502B7904464BB92868AC
:10564000FAF706FE2846FAF7FBFD002346F8243059
:1056500070BD013BDBB22B71002BF0D070BD00BFE1
:10566000CC10002078B1036910B504468BB10268F4
:105670001AB19068FFF7DCFF23695B6933B12046FC
:10568000BDE8104018476FF0150070476FF05700E5
:1056900010BD6FF0150010BD70B5B8B103690446B8
:1056A000A3B15B68ABB1036818680D461646FAF7FC
:1056B000CBFD236920465B6832462946984723681C
:1056C00004461868FAF7C2FD204670BD6FF0150455
:1056D000FAE76FF05704F7E7F8B5E9B14B690C4604
:1056E000D3B10A780A2A17D81B68C3B1064698476F
:1056F000054608B12846F8BD336862695A61094F0A
:10570000207807EB8000FAF79DFD2278336857F880
:1057100022201A602846F8BD6FF01505EAE76FF001
:105720005705E7E7F0100020C8B1436910B50446FB
:1057300093B15B696BB10068FAF78AFD63692179FF
:10574000084A5B69002042F821002046BDE810406D
:1057500018476FF0570010BD6FF0150010BD6FF0C7
:1057600015007047F010002070B5B8B143690446C9
:10577000A3B10D4691B15B689BB100681646FAF77C
:1057800063FD636920465B683246294698470346B5
:1057900020681C46FAF75AFD204670BD6FF01504CC
:1057A000FAE76FF05704F7E770B5B8B143690446FC
:1057B000A3B10D4691B19B689BB100681646FAF7FC
:1057C00043FD636920469B68324629469847034655
:1057D00020681C46FAF73AFD204670BD6FF01504AC
:1057E000FAE76FF05704F7E779B138B54B680C4624
:1057F0008BB11B6863B10546984728B92B6861686F
:105800009A68596001329A6038BD6FF01500704790
:105810006FF0570038BD6FF0150038BD50B14268C9
:1058200042B1916A49B18268013A826002B908477F
:10583000002070476FF0150070476FF057007047F9
:1058400020B1436813B15B681BB118476FF01500B6
:1058500070476FF05700704720B1436813B19B68E1
:105860001BB118476FF0150070476FF05700704775
:1058700020B1436813B19B691BB118476FF0150045
:1058800070476FF05700704720B1436813B1DB6970
:105890001BB118476FF0150070476FF05700704745
:1058A00020B1436813B11B6A1BB118476FF0150094
:1058B00070476FF057007047436870B5044603B3F4
:1058C00000252E4614E0A3682B44186BFAF7C0FCA1
:1058D000206940B1A3682B4403F11002D96911B1CA
:1058E000D968FFF7B9FF63689E4205F1380508D211
:1058F000A3682B4401369868FAF7EEFD0028E2D041
:1059000070BDE069FAF7A4FCE36820465B6898473D
:105910000028F5D1A369013BA36170BD2DE9F043D7
:1059200083B0002961D08B680F46002B5DD01B68C7
:10593000002B5DD0064601A8FAF784FC0198FAF71F
:1059400083FCBB6839461B6830469847804630B1B7
:105950000198FAF77BFC404603B0BDE8F08330685D
:105960001C30FAF76FFC3368BA68DA607A6882B381
:1059700044460BE033689B684B4403F13000FAF770
:1059800061FC7B680134A342336822D99B68C4EB75
:10599000C40503EBC5030022012103F10800FAF757
:1059A00049FD4FEAC50905460028E3D0002744B168
:1059B00033689B684B4401379868FAF78DFDA7421E
:1059C000F6D1306878B183696BB1FFF775FFA846EF
:1059D000BEE79A69019801329A61FAF737FC4046AE
:1059E00003B0BDE8F083A846B2E76FF01508B2E750
:1059F0006FF05708AFE700BF70B582B0E0B1C36881
:105A00000446CBB19B68D3B1C0690E46FAF71CFCC3
:105A1000E36801A99B6820469847054630B9019B79
:105A2000A268C3EBC30302EBC3033360E069FAF778
:105A30000DFC284602B070BD6FF01505F9E76FF058
:105A40005705F6E738B5A0B1C36804468BB10D46DB
:105A500079B1DB6883B1086BFAF7F6FBE368296874
:105A6000DB68204698470446286BFAF7EFFB204690
:105A700038BD6FF01504FAE76FF05704F7E700BF81
:105A80002DE9F04782B000286BD08946002968D004
:105A90009046002A65D01C46002B62D08246186BC7
:105AA000FAF7D2FB4E4600253146A0682F46013555
:105AB000FAF7A0FCA84506F12406F5D1DAF8103073
:105AC000002B43D004F1200363612368E36199F85C
:105AD0001C306376C4E908A499F80C30012B2BD94B
:105AE000022B3BD109232376DAF80C3049461B6997
:105AF00020469847064678B9DAF820301A4AE16815
:105B0000DAF81000002B08BF1346224642F8103F77
:105B1000FFF796FE064690B10025A06801A9FAF7A6
:105B20003FFCAF4205F10105F7D1206BFAF78EFB80
:105B3000304602B0BDE8F0870B232376D4E7D9F8CE
:105B40001820E168DAF81000FFF7AAFE206BFAF7D8
:105B50007DFB0026304602B0BDE8F0876FF01506E9
:105B6000DAE76FF01506E3E7255C001038B5044668
:105B70000025006BFAF768FB206B84F83450FAF7C5
:105B800065FB284638BD00BF38B5C8B1C3680446B8
:105B9000B3B10D46A1B15B69ABB1086BFAF754FB29
:105BA000206910B1E968FFF763FEE36820465B698E
:105BB000294698470446286BFAF748FB204638BD2B
:105BC0006FF01504FAE76FF05704F7E730B583B0CC
:105BD00008B3C3680546F3B10C46E1B19B69EBB16C
:105BE000086BFAF731FB286910B1E168FFF74CFE4A
:105BF000A06801A9FAF7D4FB0028F9D0EB68214688
:105C00009B69284698470346206B1C46FAF71EFB03
:105C1000204603B030BD6FF01504F9E76FF057046C
:105C2000F6E700BF10B5436884B0044602A998683F
:105C3000FAF7B6FBE8B9636801A99868FAF770FB50
:105C4000636803A99868FAF779FC0298036913B1AD
:105C5000426901999847039B8BB123680199DB68DE
:105C600060681B699847D4E90001FFF78DFF04B015
:105C700010BDD4E90001FFF7A9FF04B010BDD4E9BD
:105C80000032D1681869FFF7FFFD636801221A71BD
:105C900004B010BD09B1087970470120704700BFFA
:105CA00038B5A0B1C36804468BB10D4679B11B6A03
:105CB0006BB1086BFAF7C8FAE36829461B6A2046FD
:105CC00098470446286BFAF7C1FA204638BD0124EC
:105CD000204638BD61B138B5CB680C4673B11B683E
:105CE0004BB10546984710B92B68E268DA6038BDB9
:105CF0006FF0150070476FF0570038BD6FF015005A
:105D000038BD00BF20B1C36833B19B680BB11847E1
:105D100070476FF0570070476FF01500704700BF75
:105D200020B1C36833B11B690BB1184770476FF0DE
:105D3000570070476FF01500704700BF20B1C3686F
:105D400033B19B690BB1184770476FF0570070472C
:105D50006FF01500704700BF70B5C8B10546C06848
:105D60000E4620B10021FFF7E9FF044670B9A8688C
:105D700002223146FFF790FCEB68044633B1012163
:105D80001846FFF7DBFF002818BF0446204670BD09
:105D90006FF01204FAE700BF8C4638B1014642EAC0
:105DA000CC2252BA21F8102FFFF7D6BF4FF0FF30A8
:105DB000704700BFD8B142EA01336FEA434C6FEA43
:105DC0005C4C1FFA8CFCC3F3072370B543EA0C2329
:105DD0000E46014643F0800321F8103F1546044665
:105DE000FFF7BAFF10B904EB4604A58270BD4FF06F
:105DF000FF30704748B330B590F8413043EA810135
:105E000041F461510B1243EA0123014683B021F8AA
:105E1000103F15460446FFF79FFF002810DB0023C4
:105E20000DF106012046ADF80630FFF795FF00287A
:105E300008D1BDF806305BBA9AB223822A800020CE
:105E400003B030BDFCDB228AF8E74FF0FF3070472B
:105E500028B330B590F83F300D461B02014643F0A1
:105E6000541321F8103F83B00446FFF775FF002854
:105E700010DB00230DF106012046ADF80630FFF7D8
:105E80006BFF002808D1BDF806305BBA9AB22382B6
:105E90002A70002003B030BDFCDB228AF8E74FF007
:105EA000FF30704700284BD0F0B50D46044683B054
:105EB00008461646FAF794FC290A41EA05252146C8
:105EC00045F0101521F8105F05462046FFF744FF06
:105ED000002830DB00230DF106012046ADF8063026
:105EE000FFF73AFF002828D1BDF806305BBA2382BD
:105EF00015F0FF001ED00138C0B2B51E002706EB1A
:105F0000400608E0BDF806305BBA9AB2238225F855
:105F1000022FB5420ED00DF106012046ADF80670F5
:105F2000FFF71AFF0028EDD005DB228A25F8022FA3
:105F3000B542F0D1002003B0F0BDD9DA03B0F0BD16
:105F40004FF0FF30704700BF002842D070B50123EA
:105F50008B400E465BBA014643F0100321F8103F18
:105F600082B014460546FFF7F7FE002820DB082E16
:105F700023D000230DF106012846ADF80630FFF7C7
:105F8000EBFE002816D1BDF806305BBA2B82002349
:105F90000DF106012846ADF80630FFF7DDFE0028BA
:105FA00014D1BDF806305BBA9AB22B822280002051
:105FB00002B070BDEBDA02B070BD95F85430002B22
:105FC0000CBF78206920FFF707FAD2E7F0DB2A8AB6
:105FD000ECE74FF0FF3070472DE9F04107460D46E2
:105FE00001205821FAF72AF900287DD0A968044633
:105FF0000830FFF7DDFA0646002868D1296959B153
:1060000004F10C00FFF766FE002866D1E06801216C
:10601000FFF786FE002852D1354B2360002384F819
:1060200041300823A374204600F048F9002846DBDD
:1060300005F1140304F12E0205F11C0013F8011BF5
:1060400002F8011B8342D979D171F7D195F8241058
:10605000204600F071F9002831DB95F82510204624
:1060600000F080F900282ADB95F82610204600F081
:10607000F3F9002823DB204600F032F900281EDB6C
:106080002B7863B30121204600F09EF9002816DB2F
:1060900027354FF0000815F8012B003A414618BF8C
:1060A0000122204600F074F908F1010800285FFA87
:1060B00088F804DBB8F1080FEDD13C600AE0064631
:1060C000E06808B1FFF71EFEA068FFF7CBFA204694
:1060D000FAF7B6F83046BDE8F0810646F4E769689D
:1060E000204600F087F9D1E76FF00B06F2E700BF1A
:1060F000C0EB001038B5A0B1054600F0DFF804464B
:1061000068B9E86818B1FFF7FDFD044638B9A8681A
:10611000FFF7A8FA044610B92846FAF791F8204686
:1061200038BD6FF01504FAE72DE9F043857C83B0A4
:106130000446002D00F08F800022013D00F12F0C5D
:1061400000F12E016FF02D005CFA85FC1646001B55
:10615000174615464FF0010E431811F8018B08F150
:10616000FF38B8F1040F7AD8DFE808F068636D5A99
:10617000030094F83E800EFA03F348EA030384F820
:106180003E306145E8D192B223680621DB682046A3
:106190009847002841DB23683246DB680D21204602
:1061A0009847002839DB23682A46DB68052120460A
:1061B0009847002831DB2368BFB2DB683A460421E8
:1061C00020469847002828DB236894F84020DB68A5
:1061D00009212046984700281FDB236894F83E20B9
:1061E000DB68082120469847002816DB236894F8CE
:1061F0003F20DB680A212046984700280DDB2368F2
:106200000DF106021B6904212046984728B99DF824
:106210000600C01B18BF4FF0FF3003B0BDE8F0838D
:1062200094F83F800EFA03F348EA030384F83F3002
:10623000A7E70EFA03F31D43EDB2A2E70EFA03F34C
:106240003B43DFB29DE70EFA03F35BB21D433B43D2
:10625000EDB2DFB295E72E462F462A4694E791F835
:106260000780B8F1020F0AD0B8F1030F17D0B8F1C8
:10627000010F19D00EFA03F31A43D2B281E794F852
:106280003E800EFA03F35BB243EA080884F83E80CE
:1062900094F8408043EA080384F8403071E70EFA2E
:1062A00003F31E43F6B26CE708FA03F394F83E805A
:1062B00048EA030384F83E3063E700BF10B558B1E5
:1062C000036840F6AC52DB680F21984704460A2069
:1062D000FFF784F8204610BD4FF0FF34FAE700BF07
:1062E00018B10022C287FFF71FBF4FF0FF30704781
:1062F000F0B170B51E46036884B0C9B21B69019144
:1063000014460DF10E020546984700280EDBBDF835
:106310000E202B680199DB6822EA0602224392B222
:10632000ADF80E202846984700EAE07004B070BD32
:106330004FF0FF30704700BF88B1002938B54FF0EB
:10634000200314BF1A4600220D4603210446FFF71E
:10635000CFFF002802DB84F84250002038BD4FF008
:10636000FF30704788B1002938B54FF0100314BFD3
:106370001A4600220D4603210446FFF7B9FF002804
:1063800002DB84F84350002038BD4FF0FF307047E7
:10639000B8B170B50E46154604466AB901238B4064
:1063A0009BB20B212046FFF7A3FF002803DB3444F8
:1063B000002084F84C5070BD01228A4092B21346EE
:1063C000EFE74FF0FF30704788B1002938B54FF440
:1063D000007314BF1A4600220D460B210446FFF736
:1063E00087FF002802DB84F84450002038BD4FF0BE
:1063F000FF307047C0B138B5A1F57A7241F29413FD
:106400009A420D460DD84FF4007300220B2104462A
:10641000FFF76EFF002803DB002084F84400A5642A
:1064200038BD6FF0210038BD6FF01200704700BF1B
:1064300078B159B190F8443023B140F6C4130B60E1
:1064400000207047826C0A60184670476FF0150094
:1064500070476FF01200704788B1002938B54FF4CB
:10646000807314BF1A4600220D4603210446FFF72D
:106470003FFF002802DB84F85450002038BD4FF065
:10648000FF307047E0B170B5154682B041F01002A0
:10649000C5F303238DF804208DF805300E4604461D
:1064A000012340688DF80650032201A9FFF71AF86E
:1064B000002803DB04EB46040020A58202B070BD77
:1064C0004FF0FF30704700BFA8B110B582B00C4646
:1064D000110A8DF805108DF8062040688DF80440EB
:1064E0000123032201A9FEF7FDFF0F2C01D120EAB1
:1064F000E07002B010BD4FF0FF307047A8B370B528
:10650000012382B003FA01F18DF80610C1F30721CF
:106510008DF8051015460446022640688DF8046083
:10652000032201A9FEF7DEFF00281CDB4022012325
:106530008DF8042060681A4601A9FEF7D3FF0028F1
:1065400011DB60680123324601A9FEF7EDFF002848
:1065500009DB9DF804309DF805201B0203F47063ED
:1065600013442B80002002B070BD4FF0FF30704705
:1065700008B330B583B0012341F070018DF80410E9
:10658000154604461A46406801A9FEF7ABFF0028ED
:106590000FDB60680123022201A9FEF7C5FF002876
:1065A00007DB9DF804209DF8053003EB0223002053
:1065B0002B8003B030BD4FF0FF307047E0B130B5F5
:1065C00083B0012360228DF804200D4604461A464C
:1065D000406801A9FEF786FF00280BDB60680123F5
:1065E000022201A9FEF7A0FF002803DB9DF8053079
:1065F0002B70002003B030BD4FF0FF30704700BF5C
:10660000002845D02DE9F041074686B008460D46E2
:106610001446FAF7E5F802268DF8065080462D0A52
:1066200078688DF804600123032201A98DF80550D4
:10663000FEF758FF002828DB40238DF804307868E7
:106640000023012201A9FEF74DFF00281DDB5FFAA0
:1066500088F56A00786802F0FE02012301A9FEF7BE
:1066600063FF002811DB7DB1013DEDB2A21C01AB3F
:1066700016FB05261A78597801EB022124F8021B33
:10668000A64203F10203F5D1002006B0BDE8F08177
:106690004FF0FF30704700BF2DE9F04106460F462E
:1066A00001205821F9F7CAFD00286AD0F96805468B
:1066B0000430FEF799FE041E57DB0023324A85F8AA
:1066C000413008232A60AB742846FFF7F7FD041E0B
:1066D00048DB07F1140305F12E0207F11C0013F843
:1066E000011B02F8011B8342D979D171F7D197F8C8
:1066F00024102846FFF720FE041E33DB97F82510F0
:106700002846FFF72FFE041E2CDB97F8261028469C
:10671000FFF7A2FE041E25DB2846FFF7E1FD041E5D
:1067200020DB3B783BBB79682846FFF763FE0446D5
:10673000002C17DB27374FF0000817F8012B003A21
:10674000414618BF01222846FFF722FE08F1010842
:10675000041E5FFA88F805DBB8F1080FEDD135604B
:10676000002405E06868FEF7A3FE2846F9F768FDF7
:106770002046BDE8F08101212846FFF725FE0446AA
:10678000D6E76FF00B04F3E7D8EB001038B588B10B
:106790000546FFF793FD044608B1204638BD6868FA
:1067A000FEF786FE04460028F7D12846F9F748FD93
:1067B000204638BD6FF01504EFE700BFE0B170B5BB
:1067C000012582B00E460446002340688DF804502F
:1067D0002A4601A9FEF786FE08B102B070BD6068C6
:1067E0002B462A4601A9FEF79FFE0028F5D19DF809
:1067F0000430337002B070BD6FF01200704700BFFC
:1068000028B370B582B00D460DF10301164604465B
:10681000FFF7D4FFC8B99DF80330314623EA0503DA
:1068200028468DF80330F9F7B3FF9DF80320104395
:10683000C1B201238DF803108DF8051060688DF842
:106840000430022201A9FEF74DFE02B070BD6FF0C8
:106850001200704738B590B1012211460546FFF786
:10686000CFFF044608B1204638BD686810B1FEF776
:106870001FFE04462846F9F7E3FC204638BD6FF0BA
:106880001504F0E770B5022982B030D8194B0546DF
:10689000595C6FF01204A8B1032988BF6FF021047E
:1068A00010D8154B13F821304FF0FF3453B18DF849
:1068B0000410406816460023012201A9FEF712FECB
:1068C000044610B1204602B070BD68680123022260
:1068D00001A9FEF729FE04460028F3D101A8F9F723
:1068E00095FF20F07F003080204602B070BD6FF031
:1068F0001504E7E7F0EB0010F4EB0010F0B583B0FF
:1069000000286ED00D4600296BD04C68002C68D052
:10691000237A03F04803482B63D106460820F9F791
:106920008BFC074600285FD0214601A8FEF75CFDDE
:10693000044628B13846F9F783FC204603B0F0BD81
:10694000019B7B600DF1020201213846FFF79AFF9F
:106950000446002841D1BDF80230B3F5964F1FD14F
:1069600003F1FE4303F5980303F2752302463B60EF
:1069700001213846FFF744FF044658B90246022178
:106980003846FFF73DFF0446A8B1012211463846BC
:10699000FFF736FF78680028CCD0FEF789FDC9E7FD
:1069A0000198FEF785FD3846F9F74AFC6FF01204AE
:1069B000204603B0F0BD6A7804213846FFF720FF77
:1069C00004460028E1D12A7818213846FFF718FF3D
:1069D00004460028D9D13760AFE70198FEF768FD7B
:1069E000A8E76FF01504A8E76FF00B04A5E700BF58
:1069F00008B501464FF68070F9F7DEFE082180B237
:106A0000F9F708FFC0EB401300EB8300800008BDDE
:106A100010B5104A84B0002301A96846CDE90223CD
:106A20000193FEF7E1FE18B10446204604B010BD04
:106A300000981821FEF71CFF044630B900F03EFF15
:106A4000182104460098FEF71FFF0098FEF7E6FEA7
:106A5000EBE700BF8CEB00102DE9F04F2DED088B1C
:106A6000ADF6E46D8B6C0093814600204B6C0A6C94
:106A700011900D462FA8BB4902F07AF92FA802F019
:106A80009FF905F1100702462FA94846FEF78CFE34
:106A90000FCF13AC0FC40FCF0FC497E80F002E68B1
:106AA00084E80F0013A911A8B047002840F02982FC
:106AB000D5E91023AC492FA802F05AF92FA802F00B
:106AC0007FF92FA902464846FEF76EFE119812A9DB
:106AD000FFF7AEFC0446002840F0F981129C08EE56
:106AE000104ABBEECA8A18EE100A01F0DDF8224601
:106AF000CDE900019D491FA802F03AF91FA802F054
:106B00005FF91FA902464846FEF74EFEEB68119852
:106B10000DF1420208219847002840F00282DDED85
:106B2000127ADFED936A9FED937ADFED935ABDF809
:106B30004230F8EE677AC3F30B0386EEA76AADF82E
:106B4000423002930DF68C1767EE877A9FED8B7AB1
:106B5000C7EEA56A07EE903AF8EE677A77EE867A86
:106B600067EEA67AC7EE877A17EE900A01F09CF8D6
:106B7000CDE9000182492A6C384602F0F9F838461E
:106B800002F01EF9394602464846FEF70DFEB5F8FA
:106B900064308BB307EE903AB8EEE77AAB6895F8BD
:106BA00066101198C7EE087AFCEEE77A17EE902A85
:106BB00096B2324698470446002840F0158207EE08
:106BC000906AF8EEE77A95F866200A9267EE887A7E
:106BD00017EE900A01F068F80A9ACDE900013346F1
:106BE00068492FA802F0C4F82FA802F0E9F82FA9ED
:106BF00002464846FEF7D8FD9FED637A95F8683067
:106C0000C7EE087AFCEEE77A17EE902A1FFA82F8B0
:106C1000002B40F0F081AB68119842460021984764
:106C20000446002840F00D8295F86830002B40F0B3
:106C30008881AB681198424602219847002840F0AD
:106C4000558295F86840002C40F08C810DF2A453D9
:106C50000B9395F86730002B40F0F6816FAB0A93E9
:106C60004FF47A7200210A9801F0C4FD0B984FF49A
:106C70007A72002101F0BEFD95F86030002B00F023
:106C8000D481AA6C41492FA802F072F82FA802F013
:106C900097F82FA902464846FEF786FD6E6D002E36
:106CA00040F3C08400239FED359A9FED39BADFEDA4
:106CB00039AA9FED39AADFED399A0C93B5F9522024
:106CC0000C99B5F95030119801FB023307EE903A58
:106CD000F8EEE77AAB6887EE887A0021FCEEC77A97
:106CE00017EE902A94B2224698478046002840F03A
:106CF000A7813220FEF772FB07EE904AF8EEE77AA2
:106D00004FAC67EE887A4FF0320AC7EE898ADFF817
:106D100094B00BEE904A18EE900A78EECB8A00F011
:106D2000C3FFC8EEAA7A02460B46CDE9082367EEF8
:106D30008A7A17EE900A00F0B7FFDDE90823CDE963
:106D400000011749204602F013F8204602F038F8F7
:106D5000214602464846FEF727FD0C9B0AFB03FA34
:106D60007FE000BF10EC001064EC001088EC001015
:106D7000E8FEE5C9E0BB0F4D286B6E4E00007A447B
:106D8000ACEC001000ED00100000FA43D0ED001054
:106D90003333333F009837470024744900003C42A6
:106DA00024EE00104CEE0010FEF718FB0DF13E0231
:106DB0000121EB681198984710AA02210446002887
:106DC00040F07E81EB68119898470A9B0B9A5644D5
:106DD00003EB8603044602EB8606002840F083811D
:106DE000BDF83E20C2F30B0207EE902AF8EEE77AD8
:106DF000ADF83E2067EE887A87EE897A83ED007AD7
:106E0000BDF84030C3F30B03ADF840309B1A07EEDA
:106E1000903AF8EEE77A17EE100A67EE887AC7EE36
:106E2000A98AC6ED008A00F03FFF02460B4618EE25
:106E3000900ACDE9082300F037FFDDE90823CDE90A
:106E400000015946384601F093FF384601F0B8FF7B
:106E5000394602464846FEF7A7FCB8F1320F00F06B
:106E60006781B5F95A20B5F9583008FB023395F817
:106E70006020C8F1310602B9464607EE903AF8EEB6
:106E8000E77AAB68119887EE887A022108F1010849
:106E9000FCEEC77A17EE902A92B2984704460A2071
:106EA000002C81D0DFF86CC2BCE80F003E460FC654
:106EB000BCE80F000FC6DCF8003026F8023B1B0CC4
:106EC0003946484633702222FEF76EFC0EE0884FAA
:106ED0000FCF0DF68C160FC60FCF0FC63B68338051
:106EE0000DF68C1148462122FEF75EFC119808B180
:106EF0006B68984720460DF6E46DBDEC088BBDE845
:106F0000F08F0446D5E910237A492FA801F030FF0D
:106F10002FA801F055FF2FA902464846FEF744FC72
:106F2000E4E7754E0FCE0DF68C173C460FC496E87D
:106F30000F0007C41C22237039464846FEF734FC74
:106F400025E66E4E0FCE3C460FC40FCE0FC496E81A
:106F5000030044F8040B2422217048463946FEF70A
:106F600023FC66E6664E0DF2A4530B930FCE3C460F
:106F70000FC40FCE0FC496E8030044F8040B24227C
:106F8000217048463946FEF70FFC0A20FEF726FA24
:106F9000EB6811980B9A02219847044600287FF469
:106FA00058AE0B9B9FED577A1E88C6F30B0607EE73
:106FB000906AF8EEE77A1E8067EE887AC7EE877AE5
:106FC00017EE900A00F070FE3246CDE900014E49FE
:106FD0002FA801F0CDFE2FA801F0F2FE2FA9024646
:106FE0004846FEF7E1FB34E695F8662047492FA8AE
:106FF00001F0BEFE8CE707EE908AF8EEE77A67EEC6
:10700000887A17EE900A00F04FFE4246CDE9000163
:107010003F492FA801F0ACFE2FA801F0D1FE2FA907
:1070200002464846FEF7C0FBF5E5DFF8ECC0BCE8D9
:107030000F002FAE0FC69CE8070086E8070025E684
:107040000446DFF8D8C02FE7DFF8D4E0DDF82CB035
:10705000DDF84480DFED2B8ADFF8C8A06FAB0A9320
:10706000BEE80F00DC46ACE80F00BEE80F00ACE85D
:107070000F00BEE80F00ACE80F00DEF80030ACF8FF
:107080000030594631224846FEF78EFBDDF828B025
:107090000026AB68B2B202214046984750B90A2098
:1070A000FEF79CF9EB685A460221404698470028B3
:1070B00000F0128206F58066B6F5805FE9D1CFE573
:1070C000DFF864C0BCE80F003E460FC69CE80F0026
:1070D00007C626F8023B1B0C3946484633701E2271
:1070E000FEF762FB02E7DFF844C0EBE70446D9E6AF
:1070F00064EF001044EC001088EF0010A8EF0010BF
:10710000D0EF001000007A4470ED0010D0EC0010B9
:1071100034ED0010F8EF001008EE00101CF0001025
:1071200040F000109CED001074F0001094F000107E
:107130000C9BD64E01330C9333683B8002221B0C10
:10714000394648468DF88E39FEF72EFB6B6D0C9A4A
:1071500093423FF7B3AD08961E4640F254522021A9
:10716000384601F047FB3D222D21384601F042FB15
:107170003D222D210DF6A26001F03CFBB8463B46B6
:107180007C221A7083F83D200DF56E613E339942E2
:10719000F7D12B23002E3B7087F83D3087F816354A
:1071A00087F8533540F34482DFEDB98A95F86100E2
:1071B000DDF828C00DF26C634FF0C80EB0EE688A9F
:1071C0000EFB063E1946A1F1C8036246F2EC017AB5
:1071D000F4EE487AF1EE10FAC8BFB0EE678AD3ED4C
:1071E000007A30B1F5EEC07AF1EE10FA48BFF1EE58
:1071F000677AF4EE687AF1EE10FA03F10403C8BF7F
:10720000F0EE678A9942E1D1C83171450CF1C80CA2
:10721000D9D1DFEDA07ADFEDA06A95F862E00A9A95
:10722000DFED9E5A0C95B4EE678AF1EE10FAB7EED8
:10723000007AF4EE668A0DF26C6C4FF0C80348BF1A
:10724000B0EE478A03FB06C3F1EE10FA05EE109A82
:10725000254648BFF0EE678A0446B3EE036A7046DF
:107260004FF02A0A9B469646ACF1C8027146F1ECF3
:10727000016AD2ED007A34B1F5EEC07AF1EE10FA7F
:1072800048BFF1EE677A87EEA87A0432C6EE887AB4
:1072900027EE067A67EEA57ABDEEC77AFDEEE77AAD
:1072A00017EE103A17EE906A013308B1C3F11403D8
:1072B0003B2E03F1FF3909D8C3EB431307EB43031C
:1072C0003344B9F1130F98BF83F801A09445CED190
:1072D0000CF1C80CE3450EF1C80EC5D12C4615EED5
:1072E000109A0C9D6E4E6420FEF778F8AB6C0093FC
:1072F000D5E910236B491BEE900A01F039FD1BEE16
:10730000900A01F05DFD1BEE901A02464846FEF71A
:107310004BFA654B95F86110644A18EE900A002903
:1073200008BF1A460C9200F0BFFC0C9ACDE9000190
:107330005F491BEE900A01F01BFD1BEE900A01F065
:107340003FFD1BEE901A02464846FEF72DFA18EE56
:10735000100A00F0A9FC02460B461BEE900A5549A4
:1073600001F006FD1BEE900A01F02AFD1BEE901ABB
:1073700002464846FEF718FA41463E224846FEF7C6
:1073800013FA022231464846FEF70EFA08F13E088B
:107390000DF56E634345EFD11BEE902A464B13600B
:1073A0001BEE900A01F00CFD1BEE901A02464846B7
:1073B000FEF7FAF9F1EE047AC8EE278ADFF80C81BD
:1073C000DFF80CA101261BEE90BA07224146484681
:1073D000FEF7EAF907EE906AF8EEE77A013667EE13
:1073E000A87A17EE900A00F05FFC02460B4658465A
:1073F000514601F0BDFC584601F0E2FC59460246F8
:107400004846FEF7D1F9062EDFD12C4932464846D0
:10741000FEF7CAF92A6C2A491BEE900A01F0A8FC73
:107420001BEE900A01F0CCFC1BEE901A0246484677
:10743000FEF7BAF9EA6C2349384601F099FC384660
:1074400001F0BEFC394602464846FEF7ADF9EB6D49
:10745000002B7CDD4FF0000ADFF878B0564601E0E3
:107460009A4575DAD0460AF1010AB81953465246D0
:10747000594601F07DFCEB6D5A1E42450644EFDD96
:10748000114A1288BA530136EAE700BF60EC0010D7
:10749000000000000AD7233C6F12833A00006C42C0
:1074A000FCEE001078EE00100CEC001004EC001064
:1074B000ACEE0010C8EE0010302E3000F8EE0010D8
:1074C00000EF001028EF001054EF0010E8EE00105D
:1074D000F0EE001048EF001007EE906AF8EEE77A41
:1074E000BBF8003067EE887AC3F30B0387EEA89AE7
:1074F000ABF80030089307EE903AF8EEE77A67EEC3
:10750000887AC7EEA89A79EEC97A17EE900A00F049
:10751000CBFBCDE9060119EE900A00F0C5FB089BF4
:107520000293CDE9040119EE100A00F0BDFB3246CA
:10753000CDE900015146384601F01AFC384601F009
:107540003FFC394602464846FEF72EF9B2E50026D2
:107550000899DFF8F8A00A88BA53BB198A789A709C
:107560003946B21C4846FEF71FF90023CDE90C341A
:10757000DFF8DCB0DDF82C80EB6D002B32DD0C9EEB
:10758000002401E09C422DDA0A9B3344186800F085
:107590008BFB0B4608EB060102460868CDE9082381
:1075A00000F082FBDDE90823CDE9000151463846B1
:1075B00001F0DEFB384601F003FC3946024648463E
:1075C000FEF7F2F8EB6D5A1EA24206F1C80604F16E
:1075D0000104D7DD012259464846FEF7E5F8EB6D78
:1075E0009C42D1DB0C9B154904331C4602224846C1
:1075F0000C93FEF7D9F8C82CBED1114F0D9C0FCFBC
:107600001BEE906A0FC697E8070003C61BEE901AA0
:10761000327048461822FEF7C7F84FF47A70FDF72B
:10762000DDFE63E4074B08934FAB0BEE903A94E515
:10763000DFED058AB7EE008A54E600BFFCEE0010CD
:10764000B4F0001060EC00100AD7233C58EF001093
:1076500054EF001030B59DB0044600215C2205A80F
:1076600001F0C8F8184B194A194D019593E8030029
:107670000DF1280C8CE8030092E803000CAA82E8C4
:107680000300144D14492046CDE91151134C1449FF
:10769000CDE91341134C01230522CDE915428DF8A4
:1076A00014308DF86630104C104B18923221CDE911
:1076B00002430F4A0F4BADF85E1001A904920793E5
:1076C000FFF7CAF91DB030BD20F20010E8F000103D
:1076D000D95F0010D0F00010D8F00010E4F00010D6
:1076E000DCF00010F301F401F5600010B55D00104E
:1076F000495F00106C00002030B59DB004460021A9
:107700005C2205A801F076F81B4B1C4A1C4D019524
:1077100093E803000DF1280C8CE8030092E80300C5
:107720000CAA82E80300174D17492046CDE91151F4
:10773000164C1749CDE91341164C174917910422ED
:10774000CDE915420123154C8DF814301A948DF8AB
:107750006C30134C134B1892CDE9024340F2011CDC
:10776000114BADF864C00DEB0201104A049208936E
:10777000FFF772F91DB030BD20F20010E8F00010E4
:1077800099660010F4F00010FCF0001008F10010F1
:1077900000F10010D0070CFEC309CEFFC30903019E
:1077A0008D670010856400108C000020FD640010BF
:1077B0002DE9F04397B000233B4A0393074604A901
:1077C00003A8ADF810300592FFF798F8002848D1CB
:1077D0004FF47A70FDF702FEDFF8D490DFF8D48022
:1077E00064251DE0BDF80A00FFF702F9A9FB00328D
:1077F000BDF80AC0CDF800C0920906FB120341464D
:1078000006A801F0B5FA06A801F0DAFA06A90246C0
:107810003846FDF7C9FF6420FDF7E0FD013D30D09B
:1078200003980DF10A020021FFF72CF84FF47A7645
:1078300004460028D6D01D4E0FCE06AD0FC596E8E3
:10784000030045F8040B15222980384606A9FDF7E8
:10785000ABFF039808B1FEF7FDFF204617B0BDE867
:10786000F083124E04460FCE06AD0FC596E8030016
:1078700045F8040B15222980384606A9FDF794FF28
:10788000E7E7DFF834C0BCE80F0006AD0FC59CE8A1
:10789000070003C506A92A8038461922FDF784FF90
:1078A0003046FDF79BFDD4E7A000002034F1001026
:1078B000D34D62100CF100104CF1001070B5A2B065
:1078C00000234049019301A8FDF706FF044610B1CB
:1078D000204622B070BD4FF4FA60FDF77FFD3A4AB2
:1078E0003A4C3B4D92E8030002AB83E803000722C9
:1078F00019460198FDF758FF0FCC0DF15C0CACE870
:107900000F000FCCACE80F0094E80700ACE80300D0
:107910002CF8022B130C17A92A2201988CF800309E
:10792000FDF742FF0FCD0DAC0FC40FCD0FC495E88E
:10793000030044F8040B2522218001980DA9FDF7CE
:1079400033FF2A2217A90198FDF72EFF0198FFF7B0
:1079500081FE0446C8B94FF4FA60FDF73FFD019877
:10796000FFF7CAFE0446F0B94FF4FA60FDF736FDA2
:107970000198FFF71DFF0446B8B901980028A7D069
:10798000FDF7D2FE204622B070BD124E0FCE04ADE0
:107990000FC50FCE0FC5336801982B70202204A9A4
:1079A000FDF702FFE9E70C4EF0E70C4E0FCE04ADF9
:1079B0000FC5336801982B7010220DEB0201FDF703
:1079C000F3FEDAE7B400002068F1001070F1001057
:1079D0009CF10010C4F10010E8F100100CF200104E
:1079E00081F0004102E000BF83F0004330B54FEA70
:1079F00041044FEA430594EA050F08BF90EA020FDD
:107A00001FBF54EA000C55EA020C7FEA645C7FEA6F
:107A1000655C00F0E2804FEA5454D4EB5555B8BF92
:107A20006D420CDD2C4480EA020281EA030382EA03
:107A3000000083EA010180EA020281EA0303362D95
:107A400088BF30BD11F0004F4FEA01314FF4801C68
:107A50004CEA113102D0404261EB410113F0004F7A
:107A60004FEA03334CEA133302D0524263EB430331
:107A700094EA050F00F0A780A4F10104D5F1200ECF
:107A80000DDB02FA0EFC22FA05F2801841F100012A
:107A900003FA0EF2801843FA05F359410EE0A5F1FE
:107AA00020050EF1200E012A03FA0EFC28BF4CF02F
:107AB000020C43FA05F3C01851EBE37101F00045E5
:107AC00007D54FF0000EDCF1000C7EEB00006EEBF2
:107AD0000101B1F5801F1BD3B1F5001F0CD349087C
:107AE0005FEA30004FEA3C0C04F101044FEA4452D3
:107AF00012F5800F80F09A80BCF1004F08BF5FEA5A
:107B0000500C50F1000041EB045141EA050130BD39
:107B10005FEA4C0C404141EB0101013C28BFB1F54B
:107B2000801FE9D291F0000F04BF01460020B1FA96
:107B300081F308BF2033A3F10B03B3F120020CDA69
:107B40000C3208DD02F1140CC2F10C0201FA0CF047
:107B500021FA02F10CE002F11402D8BFC2F1200CAC
:107B600001FA02F120FA0CFCDCBF41EA0C01904062
:107B7000E41AA2BF01EB0451294330BD6FEA0404AB
:107B80001F3C1CDA0C340EDC04F11404C4F1200296
:107B900020FA04F001FA02F340EA030021FA04F3A8
:107BA00045EA030130BDC4F10C04C4F1200220FAFF
:107BB00002F001FA04F340EA0300294630BD21FA3D
:107BC00004F0294630BD94F0000F83F4801306BF03
:107BD00081F480110134013D4EE77FEA645C18BFF7
:107BE0007FEA655C29D094EA050F08BF90EA020F8E
:107BF00005D054EA000C04BF1946104630BD91EA86
:107C0000030F1EBF0021002030BD5FEA545C05D188
:107C10004000494128BF41F0004130BD14F58004C7
:107C20003CBF01F5801130BD01F0004545F0FE413B
:107C300041F470014FF0000030BD7FEA645C1ABF70
:107C4000194610467FEA655C1CBF0B46024650EAA7
:107C5000013406BF52EA033591EA030F41F40021D3
:107C600030BD00BF90F0000F04BF0021704730B559
:107C70004FF4806404F132044FF000054FF000012E
:107C800050E700BF90F0000F04BF0021704730B5EF
:107C90004FF4806404F1320410F0004548BF4042C4
:107CA0004FF000013EE700BF42004FEAE2014FEA19
:107CB00031014FEA02701FBF12F07F4393F07F4FF4
:107CC00081F06051704732F07F4208BF704793F0F7
:107CD0007F4F04BF41F40021704730B54FF460740A
:107CE00001F0004521F000411CE700BF50EA01020D
:107CF00008BF704730B54FF000050AE050EA0102B6
:107D000008BF704730B511F0004502D5404261EB25
:107D100041014FF4806404F132045FEA915C3FF466
:107D2000D8AE4FF003025FEADC0C18BF03325FEA03
:107D3000DC0C18BF033202EBDC02C2F1200300FAB4
:107D400003FC20FA02F001FA03FE40EA0E0021FAD9
:107D500002F11444BDE600BF53B94AB9002908BF77
:107D600000281CBF4FF0FF314FF0FF3000F074B916
:107D7000ADF1080C6DE904CE00F006F8DDF804E082
:107D8000DDE9022304B070472DE9F047089D044661
:107D90008E46002B4DD18A42944669D9B2FA82F2BE
:107DA00052B101FA02F3C2F1200120FA01F10CFAFA
:107DB00002FC41EA030E94404FEA1C48210CBEFB32
:107DC000F8F61FFA8CF708FB16E341EA034306FBBB
:107DD00007F199420AD91CEB030306F1FF3080F04A
:107DE0001F81994240F21C81023E63445B1AA4B297
:107DF000B3FBF8F008FB103344EA034400FB07F739
:107E0000A7420AD91CEB040400F1FF3380F00A8179
:107E1000A74240F207816444023840EA0640E41B6E
:107E200000261DB1D4400023C5E900433146BDE81A
:107E3000F0878B4209D9002D00F0EF800026C5E9BC
:107E4000000130463146BDE8F087B3FA83F6002ED4
:107E50004AD18B4202D3824200F2F980841A61EB4C
:107E6000030301209E46002DE0D0C5E9004EDDE76A
:107E700002B9FFDEB2FA82F2002A40F09280A1EB52
:107E80000C014FEA1C471FFA8CFE0126200CB1FBA7
:107E9000F7F307FB131140EA01410EFB03F08842A0
:107EA00008D91CEB010103F1FF3802D2884200F22D
:107EB000CB804346091AA4B2B1FBF7F007FB1011BF
:107EC00044EA01440EFB00FEA64508D91CEB04045D
:107ED00000F1FF3102D2A64500F2BB800846A4EBB8
:107EE0000E0440EA03409CE7C6F12007B34022FAA3
:107EF00007FC4CEA030C20FA07F401FA06F31C43D2
:107F0000F9404FEA1C4900FA06F3B1FBF9F8200CDE
:107F10001FFA8CFE09FB181140EA014108FB0EF024
:107F2000884202FA06F20BD91CEB010108F1FF3A74
:107F300080F08880884240F28580A8F10208614480
:107F4000091AA4B2B1FBF9F009FB101144EA01418E
:107F500000FB0EFE8E4508D91CEB010100F1FF3439
:107F60006CD28E456AD90238614440EA0840A0FBD1
:107F70000294A1EB0E01A142C846A64656D353D0A7
:107F80005DB1B3EB080261EB0E0101FA07F722FACB
:107F900006F3F1401F43C5E9007100263146BDE8F4
:107FA000F087C2F12003D8400CFA02FC21FA03F357
:107FB000914001434FEA1C471FFA8CFEB3FBF7F0D8
:107FC00007FB10360B0C43EA064300FB0EF69E42FD
:107FD00004FA02F408D91CEB030300F1FF382FD296
:107FE0009E422DD9023863449B1B89B2B3FBF7F63E
:107FF00007FB163341EA034106FB0EF38B4208D917
:108000001CEB010106F1FF3816D28B4214D9023E57
:108010006144C91A46EA004638E72E46284605E775
:108020000646E3E61846F8E64B45A9D2B9EB020846
:1080300064EB0C0E0138A3E74646EAE7204694E7D6
:108040004046D1E7D0467BE7023B614432E7304609
:1080500009E76444023842E7704700BF10B4044C9B
:1080600003460A4620685DF8044B194600F002B842
:10807000EC00002038B5A1FB02148CBB00F070F8B6
:108080000546E0B150F8042C22F00302043A242AF9
:1080900017D8132A1AD91B2AC0E900441DD9242A4B
:1080A00014BF00F1100200F118024FF00003C0E904
:1080B000024404BF04614461C2E90033936028466E
:1080C00038BD214600F096FB284638BD0246002305
:1080D000C2E900339360284638BD00F10802F6E794
:1080E00000F004F80C2300250360E8E7014B186852
:1080F000704700BFEC00002070B50D4E0D4D761B93
:10810000B61006D0002455F8043B01349847A64227
:10811000F9D1094E094D761B07F088FAB61006D042
:10812000002455F8043B01349847A642F9D170BDAC
:10813000980A0020980A0020A00A0020980A00202F
:10814000024B0146186800F00BB800BFEC0000209D
:10815000024B0146186803F009BE00BFEC00002086
:108160002DE9F04F01F10B06162E83B0044624D8FA
:10817000102900F2BA8000F08FFB1026182202208E
:10818000B54F3A44A2F1080153688B4200F0BA801F
:108190005A68D96822F003021A449D68E9608D602C
:1081A000516841F001012046516003F1080500F0DB
:1081B00079FB284603B0BDE8F08F36F0070600F1E2
:1081C0009480B14200F2918000F066FBB6F5FC7F2E
:1081D000C0F09A81730A00F08F80042B00F26F8147
:1081E000B30903F1390003F1380CC3009A4F3B4443
:1081F000A3F108055B689D4206D10CE0002980F2DE
:108200002781DB689D4206D05A6822F00302911B49
:108210000F29F3DD60463D69DFF850C265457CD02B
:108220006A6822F00302931B0F2B00F37B81002B63
:10823000C7E904CC80F26C81B2F5007F80F01A812E
:10824000D308796801334FEA521E012202FA0EF276
:108250000A4357F833E0C5F808E007EBC3010839D3
:10826000E9607A6047F83350CEF80C508310012152
:108270009940914257D8114206D120F0030049009D
:10828000114200F10400FAD007EBC0094D468646C2
:10829000D5F80C80454508D11DE1002B80F22481E2
:1082A000D8F80C80454500F01681D8F8042022F05B
:1082B0000302931B0F2BF0DD2046D8E9025408EB94
:1082C000060146F00106C8F80460EC60A56043F0C2
:1082D0000104C7E90411C1E902CC4C6048F802303E
:1082E00000F0E0FA08F1080502E00C232360002505
:1082F000284603B0BDE8F08F4FF4007340204FF0E4
:108300003F0C73E7D3689A4208BF02307FF440AF56
:108310003D69DFF858C1654582D17A688310012133
:1083200099409142A7D9BD686B6823F003094E4577
:1083300003D8A9EB06030F2B7ADCDFF834B1474BE7
:10834000DBF800201B680132334405EB090A00F01A
:10835000338103F580530F3323F47F6828F00F082F
:108360004146204600F0F2FC411C024600F0F3803A
:10837000824500F2EE803A4B196841441960084684
:1083800000F04E81DBF80010019301311BBFA2EB1E
:108390000A0A5044CBF80020186012F0070B00F0D6
:1083A0001781CBF108010A44CBF580519044083184
:1083B000A1EB0801C1F30B0A51462046009200F0E0
:1083C000C5FC421CDDE9002300F04F81801A00EB60
:1083D0000A081968BA6048F001005144BD42506073
:1083E000196000F02981B9F10F0F40F22781686808
:1083F000A9F10C0C2CF0070C00F0010040EA0C0075
:1084000068604FF0050E05EB0C00BCF10F0FC0E9E2
:1084100001EE00F2328150681546124B1A688A420A
:1084200038BF1960104B1A688A4238BF196094E04F
:10843000AA1943F0010346F001066E602046BA60B7
:10844000536000F02FFA0835284603B0BDE8F08FDE
:10845000D9681A44A1E600BF180500205011002079
:1084600020110020481100204C1100202005002080
:1084700020090020B2F5206F4FEA522363D3142B5A
:1084800000F2B78003F15C01C9005B3307EB010E1A
:108490007958AEF1080E8E4500F091804B6823F0BC
:1084A0000303934202D989688E45F7D1D1F80CE0D5
:1084B0007A68C5E9021ECEF80850CD60D6E6142BC6
:1084C00059D9542B00F29D80330B03F16F0003F157
:1084D0006E0CC3008AE60EF1010E1EF0030F05F1CB
:1084E00008057FF4D5AE51E0424445465368D8F8BC
:1084F0000C1043F00103536055F8083F2046D96043
:108500008B6000F0CFF9F3E6F00806F1080237E6D9
:108510002A442046536843F001035360083500F0B5
:10852000C1F9E5E6A919204646F0010643F0010429
:108530006E60C7E90411C1E902CC4C60AB5000F099
:10854000B1F90835D4E6930903F13901C90038338C
:108550009CE7BD425FD0BD68686820F003084645CF
:10856000A8EB060302D80F2B3FF762AF204600F0BE
:1085700099F90025BCE603F15C0003F15B0CC30034
:1085800034E659F808394B4540F0968010F0030F57
:1085900000F1FF30F5D17B6823EA01037B604900DD
:1085A00099423FF6C0AE19B9BDE649000EF1040E7E
:1085B0001942FAD0704667E603F11008D0E69A1027
:1085C0004FF001087B6808FA02F21A437A6070E7FC
:1085D00002EB08014942C1F30B0A514620460092C2
:1085E00000F0B4FB431CDDE900237FF4EFAEDA4674
:1085F000EFE6542B25D8130B03F16F01C9006E333E
:1086000044E7B3F5AA7F25D8F30B03F1780003F113
:10861000770CC300EAE5294B186840441860B1E6BE
:10862000CAF30B0CBCF1000F7FF4ACAEBD68C844BC
:1086300048F001006860F0E61546EEE6012353605D
:1086400094E7B3F5AA7F23D8D30B03F17801C900CF
:1086500077331BE740F25452934223D8B30C03F113
:108660007D0003F17C0CC300C0E5ABF1080BD844DE
:10867000A8EB02084FF0000AABE605F1080120461E
:10868000009303F073FBBD68009B68681968C4E63B
:1086900040F254518B420BD8930C03F17D01C90079
:1086A0007C33F3E64FF47E737F204FF07E0C9DE524
:1086B0004FF47E717E23E9E67B6870E7201100208D
:1086C000844641EA000313F003036DD1403A41D3DD
:1086D00051F8043B40F8043B51F8043B40F8043B9C
:1086E00051F8043B40F8043B51F8043B40F8043B8C
:1086F00051F8043B40F8043B51F8043B40F8043B7C
:1087000051F8043B40F8043B51F8043B40F8043B6B
:1087100051F8043B40F8043B51F8043B40F8043B5B
:1087200051F8043B40F8043B51F8043B40F8043B4B
:1087300051F8043B40F8043B51F8043B40F8043B3B
:1087400051F8043B40F8043B51F8043B40F8043B2B
:10875000403ABDD2303211D351F8043B40F8043BCB
:1087600051F8043B40F8043B51F8043B40F8043B0B
:1087700051F8043B40F8043B103AEDD20C3205D3DB
:1087800051F8043B40F8043B043AF9D2043208D0D3
:10879000D2071CBF11F8013B00F8013B01D30B8845
:1087A00003806046704700BF082A13D38B078DD023
:1087B00010F003038AD0C3F10403D21ADB071CBFF5
:1087C00011F8013B00F8013B80D331F8023B20F85F
:1087D000023B7BE7043AD9D3013A11F8013B00F898
:1087E000013BF9D20B7803704B7843708B78837020
:1087F00060467047830730B548D0541E002A3FD0EA
:10880000CAB2034601E0013C3AD303F8012B9D07AD
:10881000F9D1032C2DD9CDB245EA05250F2C45EA17
:10882000054536D9A4F1100222F00F0C03F1200EF9
:10883000E6444FEA121C03F1100242E9045542E9F2
:10884000025510327245F8D10CF1010214F00C0FF0
:1088500003EB021204F00F0C13D0ACF1040323F06D
:1088600003030433134442F8045B9342FBD10CF03E
:1088700003042CB1CAB21C4403F8012B9C42FBD167
:1088800030BD64461346002CF4D1F9E70346144684
:10889000BFE71A46A446E0E7014803F011BD00BF58
:1088A00058110020014803F00DBD00BF58110020F1
:1088B00070B5054688B008460C4600F081FA224E95
:1088C000AA6B059001214318CDE9066104A8022195
:1088D00004940393AC680190029122B3636E13F089
:1088E000010FB4F90C309AB201D1980525D5910445
:1088F00006D4626E43F4005322F40052A3816266F0
:10890000284601AA214603F037FB636E002814BFF6
:108910004FF0FF350A25DA0702D4A3899B0506D557
:10892000284608B070BD284603F028F9D6E7A06DA8
:1089300003F0C8FC284608B070BDA06D03F0C0FC71
:10894000B4F90C309AB2D2E72CF20010024B014677
:108950001868FFF7ADBF00BFEC00002010B4044C56
:1089600003460A4620685DF8044B194600F002B839
:10897000EC0000202DE9F84F1746002900F0988000
:1089800007F10B0580460C46FFF786FF162D5DD8D4
:1089900010252A46AF425ED854F8041C21F0030685
:1089A0009642A4F1080962DABC4BD3F808C009EB7F
:1089B0000600844500F09780D0F804C02CF0010335
:1089C00003445B68DB0768D42CF0030C06EB0C0354
:1089D000934247DACB0710D454F8083CA9EB030ABA
:1089E000DAF8043023F003018C44B444944580F257
:1089F00011817318934280F2E88039464046FFF7B0
:108A0000AFFB0746E0B154F8043C23F001034B44AC
:108A1000A0F10802934200F0D280321F242A00F213
:108A2000F580132A00F2AC800346224611681960D3
:108A30005168596092689A602146404603F096F961
:108A40004046FFF72FFF3846BDE8F88F25F00705B1
:108A5000002D2A469EDA0C23C8F80030002738463D
:108A6000BDE8F88F1E46D0E90223D3609A60731BDD
:108A70000F2B22D8D9F8043003F0010333434E44BE
:108A8000C9F80430736843F0010373604046274619
:108A9000FFF708FF3846BDE8F88FC907ADD454F892
:108AA000083CA9EB030ADAF8041021F00301A0E75F
:108AB000BDE8F84F1146FFF753BBD9F8041001F099
:108AC00001012943C9F8041009EB05014E4443F0A4
:108AD00001034B60736843F0010308317360404643
:108AE00003F044F9D2E7DCF8040020F0030B06EBB6
:108AF0000B0C05F1100084454DDAC9073FF57DAF39
:108B000054F8081CA9EB010ADAF8041021F003015B
:108B10008B44B34458453FF76CAF5746DAF80C1016
:108B200057F8080F321F242AC160886000F2DB80EA
:108B3000132A40F2D6802168CAF808106168CAF882
:108B40000C101B2A00F2DF8008340AF110022168A1
:108B5000116061685160A16891600AEB0501ABEB9F
:108B6000050242F0010299604A60DAF8043003F02D
:108B700001031D434046CAF80450FFF793FE6EE719
:108B800023680360636843601B2A68D804F1080205
:108B900000F108034AE709EB05029A60ACEB050314
:108BA00043F00103536054F8043C03F001031D43F8
:108BB000404644F8045CFFF775FE27464FE750F83F
:108BC000043C23F003031E4451E75746DAF80C1027
:108BD00057F8080F321F242AC16088604CD8132A26
:108BE00048D92168CAF808106168CAF80C101B2A15
:108BF00056D808340AF110021E46236813606368D1
:108C00005360A3689360D1463C4630E7214603F0A9
:108C10001FFC11E7D0E902135746CB60996057F863
:108C2000081FDAF80C30CB60321F242A99602DD847
:108C3000132A29D92368CAF808306368CAF80C30A7
:108C40001B2A42D808340AF1100322681A606268AD
:108C50005A60A2689A606646D1463C4607E7A36818
:108C60008360E368C360242A26D004F1100200F177
:108C70001003DBE63A46BFE7214638461E46D1469A
:108C800003F0E6FB3C46F2E63B46DEE7214638468B
:108C90006646D14603F0DCFB3C46E8E618050020BA
:108CA000A168CAF81010E168CAF81410242A20D06C
:108CB00010340AF118029FE7236903616169416179
:108CC00004F1180200F11803B0E6A368CAF81030E6
:108CD000E368CAF81430242A21D010340AF11803AA
:108CE000B3E73A4633E72146384603F0B1FB164B6B
:108CF00033E72269CAF818206269CAF81C201834C0
:108D00000AF1200278E7A168CAF81010E168CAF8F1
:108D10001410242A0DD010340AF1180217E7236921
:108D2000CAF818306369CAF81C3018340AF12003F5
:108D30008BE72269CAF818206269CAF81C20183427
:108D40000AF1200203E700BF1805002038B5074DDF
:108D50000022044608462A60FAF7D8FD431C00D0DA
:108D600038BD2B68002BFBD0236038BD6411002078
:108D70000EB410B59DB06FF000411FABCDE90601F8
:108D80000491094953F8042B0290084C0868019398
:108D900002A9059400F084F8029B00221A701DB00D
:108DA000BDE8104003B07047EC0000200802FFFF50
:108DB00000000000000000000000000000000000B3
:108DC00090F800F06DE9024520F007016FF0000C0B
:108DD00010F0070491F820F040F049804FF00004B3
:108DE0006FF00700D1E9002391F840F000F108008E
:108DF00082FA4CF2A4FA8CF283FA4CF3A2FA8CF3C6
:108E00004BBBD1E9022382FA4CF200F10800A4FA2C
:108E10008CF283FA4CF3A2FA8CF3E3B9D1E9042380
:108E200082FA4CF200F10800A4FA8CF283FA4CF3B7
:108E3000A2FA8CF37BB9D1E9062301F1200182FA71
:108E40004CF200F10800A4FA8CF283FA4CF3A2FA77
:108E50008CF3002BC6D0002A04BF04301A4612BA85
:108E6000B2FA82F2FDE8024500EBD2007047D1E988
:108E7000002304F00305C4F100004FEAC50514F017
:108E8000040F91F840F00CFA05F562EA05021CBFE8
:108E900063EA050362464FF00004A9E70000000002
:108EA0002DE9F04F2DED0A8BD3B00C46914609EE1B
:108EB000101A0D9309EE900A03F0FAF9036817935C
:108EC0001846FFF77DFFA38916901A0603D523697C
:108ED000002B00F0A1874D469FEDA57B2B78002449
:108EE00029AACDE92744CDE91944CDE91B448DEDEC
:108EF000147B19EE909A1294269290461894099435
:108F0000002B00F0EC81AB4604E01BF8013F002B86
:108F100000F01A81252BF8D1BBEB050640F0188133
:108F20009BF80030002B00F0DA8100234FF0FF3275
:108F30009BF801708DF87B300A930BF1010B0892BE
:108F40009A462B2420210BF1010BA7F120035A2B69
:108F500000F23C81DFE813F0D5023A013A01D00279
:108F60003A013A013A016A003A013A016502FE0209
:108F70003A017002E4023A01DF025B005B005B0031
:108F80005B005B005B005B005B005B003A013A0149
:108F90003A013A013A013A013A01D2013A01360264
:108FA0008500D201D201D2013A013A013A013A01D7
:108FB000CB023A013A01C6003A013A013A014002B5
:108FC0003A0175023A013A0150073A013A013A0171
:108FD0003A013A013A013A013A01D2013A01360224
:108FE0008700D201D201D201BE02870080003A017F
:108FF000B1023A019902C800870280003A0140029A
:109000007D002B073A013A012F073A017D00A7F1B5
:10901000300300221BF8017B02EB820203EB4202C9
:10902000A7F13003092BF5D90A928EE7484603F0E1
:109030003FF943681B931846FFF7C2FE1C90064693
:10904000484603F035F9836819932021002E40F03B
:10905000C2859BF8007076E79BF800704AF0200A02
:1090600071E74AF0100A1AF0200F0D9B00F09A8168
:10907000073323F007031A465B6852F8084B0D923A
:109080001E46002BC0F26B85089B013301F03A802D
:109090002AF08003079354EA060300F0E7840A2CC1
:1090A00076F1000380F0918730340123DDF81CA0B5
:1090B0008DF847410B930DF2471508990B989DF8D1
:1090C0007B3081424FF00002B8BF01460C920791FD
:1090D000109213921192002B00F08980079A0132AE
:1090E000079284E04AF0100A1AF0200600F04B8143
:1090F0000D9B073323F007035E6853F8084B0D936D
:109100002AF480630793002300228DF87B20089ABD
:10911000551C00F02682079921F0800A54EA0601C6
:1091200040F01D82002A41F02980002B40F0A484E9
:10913000079B13F001030B9300F0428530238DF859
:1091400047310DF24715B8E7BBEB050600F0C780C5
:10915000289B33442893279B0133072BC8E90056EB
:10916000279309DC08F10808099B33440993D7E6E3
:10917000000000000000000019EE101A26AA484660
:1091800003F044FE90B90DF1A408EDE719EE101AB2
:1091900026AA484603F03AFE002800F091800C9B76
:1091A00023B10C9919EE900A02F0E0FD19EE103A85
:1091B0009B8913F0400F099B18BF4FF0FF330993B1
:1091C000099853B0BDEC0A8BBDE8F08F002F00F07A
:1091D000868000238DF8E4708DF87B300122CDE984
:1091E0000B230792089310931393119339AD1AF040
:1091F00002020E9202D0079A023207921AF08402FB
:109200000F9205D10A9A0799561A002E00F30D8382
:10921000289C8BB1279B0DF17B0201330134C8F8E8
:109220000020072B4FF0010228942793C8F8042050
:1092300000F3338308F108080E9B83B1279B1FAA14
:1092400001330234C8F80020072B4FF002022894A3
:109250002793C8F8042000F32D8308F108080F9B1A
:10926000802B00F00F82089B0B9A9E1A002E00F3B1
:1092700050821AF4807F40F0AB810B9BC8F8043019
:109280001C44279BC8F800500133072B28942793D0
:1092900000F3BE8208F108081AF0040F05D00A9BFB
:1092A000079A9D1A002D00F31283DDE90932079910
:1092B0008A42ACBF9B185B180993002C7FF466AF01
:1092C000002327930C9B1BB10C99484602F04EFDDE
:1092D0000DF1A4085D462B78002B7FF414AE289B7B
:1092E000002B3FF463AF19EE104A19EE101A19EE75
:1092F000900A26AA03F08AFDA3895AE70D9B07333B
:1093000023F00703B3EC027B8DED147BDDE914122F
:109310000D9322F000430AEE101A0AEE903A4FF035
:10932000FF32B0EE4A8AF0EE6A8AA54B51EC180B78
:1093300005F038FB002840F06784A14B51EC180B76
:109340004FF0FF3205F010FB002840F05D84DDE9AE
:1093500014010022002305F0FDFA002840F0A58743
:109360009DF87B30974D984A2AF0800A0321472FB9
:10937000C8BF154600220C9207910B9108921092DB
:1093800013921192A7E61AF0100340F033841AF0FA
:10939000400200F05B870D9A52F8044B0D921E4676
:1093A000A4B2ADE653F8044B0D931AF0100F40F041
:1093B0000E841AF0400F00F0068444F3C0363346A2
:1093C00024B25EE60D9A002352F8041B8DF87B3020
:1093D0008DF8E4100D9201E70D9C54F8045B002613
:1093E0008DF87B60002D00F0D986089B5A1C00F098
:1093F00047851A463146284602F0DAFF0C900028CD
:1094000001F07B800C9B0896591B0B9121EAE171BE
:109410009DF87B300D9407910C961096139611963B
:1094200059E60D9B53F8042B0A92002A80F2C3835D
:109430000A9A0D9352420A929BF800704AF0040A6D
:1094400081E54AF010030793079B13F0200600F014
:1094500073830D9B073323F007035E6853F8084BB3
:109460000D93012350E60D9B53F8044B0D933023CD
:109470004AF0020278278DF87C30544B18930792FB
:109480008DF87D70002602233EE61AF0200F40F092
:1094900083841AF0100F40F078861AF0400F40F0E5
:1094A0004C871AF4007F00F070860D9B099953F8E1
:1094B000042B0D9311705D460DE79BF800706C2F27
:1094C00003BF9BF801704AF0200A0BF1010B4AF030
:1094D000100A38E59BF80070682F03BF9BF80170F5
:1094E0004AF4007A0BF1010B4AF0400A2BE59BF895
:1094F00000704AF0080A26E59BF800704AF0010A5D
:1095000021E59DF87B30002B7FF4A3AD9BF8007024
:109510008DF87B1017E59BF800704AF0800A12E581
:109520005A4612F8017B2A2F01F0F081A7F130038F
:10953000092B934698BF002200F2F5871BF8017BA8
:1095400002EB820203EB4202A7F13003092BF5D9AB
:109550000892FAE49BF800708DF87B40F3E4CDF8B4
:109560001CA0012B3FF49BAD022B52AD12D1189AD7
:1095700004F00F032409D35C05F8013D44EA0674A6
:10958000360954EA0603F3D152AB5B1BDDF81CA08D
:109590000B9392E504F00703E40844EA4674F608E6
:1095A000303354EA06012A4605F8013DF2D1079905
:1095B000C80700F14C8252AB5B1B8A460B937CE5DB
:1095C000FFFFEF7F30F2001034F2001040F2001085
:1095D000652F40F3D780DDE914010022002305F058
:1095E000AFF9002800F0B481279BBC4AC8F80020DE
:1095F000013301340122072B28942793C8F8042053
:1096000000F3848508F10808209B129A934280F2A7
:10961000CD82169B179A1C44C8E90023279B2894E7
:109620000133072B279300F3EA8308F10808129B04
:109630005D1E002D7FF730AE102D279B41F3448136
:10964000A74F0E972246102619EE104A05E008F1A2
:109650000808103D102D40F3678501331032072BA9
:10966000C8E90076CDE92732F1DD26AA2146484631
:1096700003F0CCFB00287FF492ADDDE927320DF139
:10968000A408E6E70A9B079A9E1A002E7FF7EBAD27
:10969000102E279B41F34C8091490F95224619EEDD
:1096A000105A0E910C4604E0103E102E08F10808E6
:1096B00019DD013310321021072BCDE92732C8F80C
:1096C0000040C8F80410EFDD26AA294648460DF1EF
:1096D000A40803F09BFB00287FF461AD103E102E20
:1096E000DDE92732E5DC0F9D144601330E9AC8F8F8
:1096F00000203444072BCDE92734C8F8046000F378
:109700002F85089B0B9A9E1A002E08F108087FF7F8
:10971000B0AD102E279B40F3C48571480E90424691
:10972000214619EE108A044604E0103E102E02F184
:10973000080216DD013310311020072BCDE9273147
:1097400014605060F1DD26AA4146484603F05EFBF6
:1097500000287FF424AD103E102EDDE9273129AA20
:10976000E8DC90460C4601330E9AC8F800203444D9
:10977000072BCDE92734C8F8046000F3CF8108F146
:10978000080876E5129B012B40F37C81279EC8F8E0
:109790000050013601340123072E28942796C8F87B
:1097A000043000F3E78108F10808169B179A013688
:1097B0001C44072EC8E90023CDE9276400F3E881A3
:1097C00008F10808DDE914010022002305F0B8F8CB
:1097D000002840F07681129B0136013B01351C4484
:1097E000072EC8F800502796C8F80430289400F3D4
:1097F0005A8108F108081A9BC8F8043001361C4445
:10980000072E22ABCDE92764C8F800307FF742ADC0
:1098100019EE101A26AA484603F0F8FA00287FF439
:10982000BEAC289C0DF1A40836E5102EDDE92732E8
:1098300022DD1D95102419EE105A04E0103E102E62
:1098400008F1080817DD013326491032072BC8E953
:109850000014CDE92732F1DD26AA294648460DF14C
:10986000A40803F0D3FA00287FF499AC103E102E20
:10987000DDE92732E7DC1D9DC8F804600133B41828
:10988000072B184AC8F80020CDE9273400F3E283FB
:109890009DF87B3008F10808BBE419EE101A26AADF
:1098A000484603F0B3FA00287FF479AC289C0DF108
:1098B000A408C1E419EE101A26AA484603F0A6FA35
:1098C00000287FF46CAC289C0DF1A408C7E4102D8F
:1098D000279B26DD19EE107A10260AE070F20010A0
:1098E00084F2001074F20010103D102D08F10808E9
:1098F00017DD0133C24A1034072BC8E90026CDE931
:109900002734F1DD26AA394648460DF1A40803F0B4
:109910007DFA00287FF443AC103D102DDDE927349B
:10992000E7DC0133B64AC8F804502C44072BCDE9D4
:109930002734C8F800207FF7B8AC19EE101A26AA11
:10994000484603F063FA00287FF429AC289CACE475
:10995000209A002A40F39683DDE911739F42A8BF45
:109960001F46002F0BDD279B01333C44072BC8E922
:1099700000572894279300F35C8508F10808119E8E
:10998000002FA8BFF61B002E00F35482119B1AF47F
:10999000806F2B440B9340F08482209B129A934259
:1099A00003DB1AF0010F00F0B884169A17991444DB
:1099B000C8E90012279A28940132072A279200F357
:1099C000778508F10808129A0B99AE18761AD51AFD
:1099D000AE42A8BF2E46002E0DDD279BC8F8001012
:1099E00001333444072BC8F804602894279300F30C
:1099F0009E8508F10808002EA8BFAD1B002D7FF73B
:109A00004BAC102D279B40F35F877E4F0E9722466D
:109A1000102619EE104A05E008F10808103D102D37
:109A200040F3828301331032072BC8E90076CDE979
:109A30002732F1DD26AA2146484603F0E7F900283F
:109A40007FF4ADABDDE927320DF1A408E6E7302B5A
:109A50003FF49AAD3023023A05F8013C52AB9B1A11
:109A6000DDF81CA00B931546FFF727BB089B002BC6
:109A70007FF41AABDDF81CA0002308930B9352ADC2
:109A8000FFF71BBB1AF0010F7FF480AE279EC8F8CA
:109A90000050013601340123072E28942796C8F878
:109AA00004307FF7A6AE19EE101A26AA484603F036
:109AB000ADF900287FF473ABDDE927640DF1A4084C
:109AC00099E6129B5D1E002D7FF795AE102D40F399
:109AD00012874C4ACDF820A0234619EE10AA0E9208
:109AE0001027144605E008F10808103D102D40F33A
:109AF0009D8301361033072EC8E90047CDE927635F
:109B0000F1DD26AA5146484603F080F900287FF48B
:109B100046ABDDE927630DF1A408E6E719EE101A5C
:109B200026AA484603F072F900287FF438AB289C37
:109B30000DF1A408FFF79DBB079B13F0100340F045
:109B40002481079A12F0400200F09B830D9A52F88C
:109B5000044B0D921E46A4B20123FFF7D5BA2D2364
:109B600064428DF87B3066EB4606CDF81CA00123DD
:109B7000FFF7CDBA19EE101A26AA484603F046F9A7
:109B800000287FF40CABDDE927640DF1A4080CE696
:109B900019EE101A26AA484603F038F900287FF477
:109BA000FEAADDE927640DF1A4080BE61AF0010F07
:109BB0003FF472AB2DE59BF800700D93FFF7C3B92E
:109BC00052ADFFF77ABA1AF4007F40F0B083E6177F
:109BD0003346FFF756BA199B002B3FF43AAA199B5C
:109BE0001B78002B3FF435AA9BF800704AF4806A7A
:109BF000FFF7A9B90D9B53F8044B0D93FFF780BAFB
:109C000074F2001084F20010DDE9140102460B46E4
:109C100004F0C8FE002840F0C485612F00F0838561
:109C2000412F00F09584089B013327F02003079310
:109C300000F0B083472B00F07F85DDE914014AF482
:109C4000807200290B924FF00003C0F2218541EC95
:109C50001B0B0E930C93079B462B00F0F883452BB0
:109C600000F04B85089B019324AB049321AB039335
:109C700020AB029302230093484653EC1B2B00F0C9
:109C800017FF079B472B054640F065861AF0010F2A
:109C90005646DDF82CA040F00785249B5B1B1293F1
:109CA000079B472B00F08A83079B462B00F00F840D
:109CB000209B1193119B079A013B412A209300F0AE
:109CC000D385FAB20021002BB8BF119B8DF88820F4
:109CD000BABFC3F101032D222B22092B8DF8892055
:109CE00040F3B3850DF19704DFF894C32246104684
:109CF0008CFB0321DA17C2EBA10202EB8201A3EB7A
:109D00004101303100F8011C19466329134600F166
:109D1000FF32ECDC3033D9B2831E9C4202F8011CC6
:109D200040F2008613460DF18A0201E013F8011B90
:109D300002F8011B9C42F9D10DF199030DF18A0241
:109D40001B1A134422AA9B1A1A93129B1A9A012BCC
:109D50001A440B9240F3B3850B9B169A13440B9352
:109D60000B9A002326F4806622EAE27246F4807A97
:109D700010930792139311930E9B002B40F0448392
:109D800008939DF87B30FFF7A6B90D9B53F8044B61
:109D90000D930123FFF7B8B90D9B099853F8041BE5
:109DA0000D93C217C1E900025D46FFF794BACDF8E2
:109DB0001CA0FFF749BBAF4B18931AF0200600F028
:109DC000EF800D9B073323F007035E6853F8084BC1
:109DD0000D931AF0010F09D054EA060306D0302380
:109DE0008DF87D704AF0020A8DF87C302AF4806389
:109DF00007930223FFF788B99F4B1893DDE719EE0D
:109E0000101A26AA484603F001F800287FF4C7A9D3
:109E1000289C0DF1A4080AE419EE900A4021FEF7EF
:109E20009FF920602061002800F080854023636155
:109E3000FFF751B8102E279B40F365858F480E9091
:109E40004246214619EE108A1027044604E00832E3
:109E5000103E102E40F32E8201331031072BC2E941
:109E60000047CDE92731F2DD26AA4146484602F0F7
:109E7000CDFF00287FF493A9DDE9273129AAE7E780
:109E8000284608960D94FEF79BFF20EAE0719DF8A6
:109E90007B300B9007910C96109613961196FFF756
:109EA0001AB9129BCDF838B0DDF84CB00B9E199F53
:109EB000CDF82CA0EB1808934246DDF870A0109B5B
:109EC0000F9519EE108AA446BBF1000F30D093BB5A
:109ED000013F0BF1FF3B1B9BC2E9003A279B01337B
:109EE000D444072BCDF8A0C0279362DC0832089B2E
:109EF00038789B1B8342A8BF0346002B1C460CDD11
:109F0000279801309C440728C2E90063CDF8A0C01F
:109F1000279000F3188138780832002CACBF051B5D
:109F20000546002D0BDC0644109BBBF1000FCED183
:109F3000002B00F03282109B013B1093CBE7102DD9
:109F400027981FDD1024634604E0103D102D02F118
:109F5000080216DD0130494910330728C2E9001410
:109F6000CDE92703F1DD26AA4146484602F04EFF1F
:109F700000287FF414A9103D102DDDE9270329AA3C
:109F8000E8DC9C4601303D4B5560AC440728CDE9E8
:109F9000270C136000F33F82387808320644C3E789
:109FA0001AF0100300F0A3800D9B53F8044B0D939F
:109FB0000FE726AA4146484602F028FF00287FF412
:109FC000EEA8DDF8A0C029AA91E7079B0B9703F440
:109FD0008063002208EE109ACDF83080DDF864909E
:109FE0000DF5A47A174698460CE00023204631462A
:109FF0000A22FDF7B1FE0A2C76F100031CD30446B9
:10A000000E46AA4620460A2200233146FDF7A4FE4A
:10A0100030320AF1FF3501370AF8012CB8F1000F90
:10A02000E3D099F800309F42DFD1FF2FDDD00A2C1A
:10A0300076F1000380F04F8152AB5B1BCDF864904A
:10A04000129718EE109ADDE90B78DDF81CA00B933F
:10A05000FFF733B819EE101A26AA484602F0D6FECA
:10A0600000287FF49CA89DF87B30289C0DF1A40863
:10A07000FFF7CFB840F2001054F2001084F2001045
:10A0800067666666279BC049C8F800100133013433
:10A090000121072B28942793C8F8041000F32F817F
:10A0A00008F10808002A40F08A80129A0AF0010399
:10A0B00013433FF4F1A8169B179A1C44C8E90023E8
:10A0C000279B28940133072B279300F33F8108F146
:10A0D0000808129AC8F8005001331444072BCDE940
:10A0E0002734C8F804207FF7D5A8FFF791BB1AF0F2
:10A0F000400200F0B9800D9A52F8044B0D921E46B2
:10A10000A4B266E6CDF81CA0FEF7C9BF19EE101A7E
:10A1100026AA484602F07AFE00287FF440A8289C30
:10A120000DF1A408FFF770BA144601330E9AC8F86F
:10A1300000202C44072BC8F80450CDE927347FF7C2
:10A14000A9A8FFF765BB26AA4146484602F05EFE75
:10A1500000287FF424A83878DDF8A0C029AADCE61E
:10A1600019EE101A26AA484602F050FE00287FF485
:10A1700016A8289C0DF1A408FFF775B8012BCDF89F
:10A180001CA07FF4F1A9FEF78FBF0D9B099953F82E
:10A19000042B5D4611600D93FFF79DB8089A0C954E
:10A1A000062A294628BF062208952B460792774D96
:10A1B0000D940B92109113911191FEF78CBF169B89
:10A1C00017991C44C8E90013279B28940133072BD7
:10A1D000279300F3BB8008F10808002ABFF679AF87
:10A1E0005642103280F2AB8369480E9021464246B7
:10A1F000102719EE108A044604E00832103E102E93
:10A2000040F3B08201331031072BC2E90047CDE99A
:10A210002731F2DD26AA4146484602F0F7FD002824
:10A220007EF4BDAFDDE9273129AAE7E7DDF820A0FC
:10A230001C4601360E9BC8F800302C44072ECDE991
:10A240002764C8F804507FF7D4AA2CE40D9B1AF4B5
:10A25000007614BF53F8044B53F8044B0D931CBF06
:10A260001646E4B2FEF74CBF0D9B1AF4007614BFFD
:10A2700053F8044B53F8044B0D931CBF1646E4B23D
:10A28000A7E5079B13F400760D9B14BF53F8044B0E
:10A2900053F8044B0D931CBF1646E4B20123FEF79E
:10A2A00033BF3B4A0E92FFF75EBA2D238DF87B3009
:10A2B000FFF758B890460C4601330E9AC8F80020B4
:10A2C0003444072BCDE92734C8F804604DDC08F18D
:10A2D0000808FFF75BBB1C9B1B99ED1A1A46284622
:10A2E00002F062FD99F801300BB109F10109204635
:10A2F00031460A2200230027FDF72EFD7FE619EEE6
:10A30000101A26AA484602F081FD00287EF447AFC5
:10A31000209A289C0DF1A408C4E6129A0B99AE1855
:10A32000761AD51AAE42A8BF2E46FFF764BB44F397
:10A33000C016334664B2FEF7A4BE0D9B099953F8CC
:10A34000042B0D9311805D46FEF7C5BF19EE101A60
:10A3500026AA484602F05AFD00287EF420AFDDE927
:10A360002734209A0DF1A40837E719EE101A26AA0F
:10A37000484602F04BFD00287EF411AF289C0DF1F9
:10A38000A408FFF703BB00BF70F2001068F20010D2
:10A3900084F20010062308934FE40F9D129BDDF812
:10A3A0002CA0DDF838B01997EB189E429046324643
:10A3B00028BF1A4664460B92FFF7EFBA209B119311
:10A3C000DA1C02DB089A934204DD023F27F02003E7
:10A3D00007936FE4DDE911329342C0F29A80F007EF
:10A3E00040F1DC81169A13440B93710503D5119B40
:10A3F000002B00F3FC810B9B23EAE3730793672791
:10A40000002310931393B7E42D2300228DF87B30A3
:10A410000892FEF763BE26AA4146484602F0F6FCC3
:10A4200000287EF4BCAE3878DDF8A0C029AA064426
:10A430007AE519EE101A26AA484602F0E7FC002831
:10A440007EF4ADAE289C0DF1A408FFF798BA089BE6
:10A45000019324AB049321AB039320AB029303231A
:10A460000093484653EC1B2B00F022FB0378302B63
:10A47000054600F0FF81209B089A56461344DDF8FC
:10A480002CA0EC1851EC1B0B0022002304F058FA0E
:10A4900008B1234602E4249BA342BFF4FFAB302162
:10A4A0005A1C24921970249B9C42F9D8FFF7F6BBE2
:10A4B00019EE101A26AA484602F0A8FC00287EF4DD
:10A4C0006EAE209B289C0DF1A408FFF77CBA209A61
:10A4D0001192002A40F3FB81089906F001030B4317
:10A4E00040F0AD81119B0B936627730500F18081CD
:10A4F0000B9B23EAE373079382E7089B07930B9375
:10A500000D949DF87B300890109013901190FEF7F9
:10A51000E2BD129B169A9A18119B0B92002B40F3E6
:10A52000C5816727E1E700230893FEF70EBD19EE0A
:10A53000101A26AA484602F069FC00287EF42FAEC5
:10A54000209D129B289C5D1B0DF1A408FFF753BAB8
:10A5500030238DF87C3058238DF87D30089B632B99
:10A560004AF0020400F3A38000230C9339ADDDE927
:10A5700014124AF481730B93002A27F02003A24699
:10A580000793C0F28680002342EC1B1B0E93612FC1
:10A5900000F01581412F7FF45EAB20AA51EC1B0B1C
:10A5A00002F084FB00224FF07F5303F061FF02466C
:10A5B0000B4643EC182B0022002304F0C1F908B12C
:10A5C00001232093B24B0F93089B1D95CDE910B743
:10A5D000CDE912A80CEE109ADDF83CB059EC188BBE
:10A5E0005E1E2C4605E000220023013E04F0A8F97F
:10A5F000E0B9A84B00224046494603F039FF89469E
:10A60000804604F0E5F90546FDF73CFB0B460246A3
:10A6100049464046FDF7E8F91BF80530A24604F824
:10A62000013B731C374680468946DCD149EC188BC8
:10A63000994BDDF840B0DDF84C80CDF840A051ECEE
:10A64000180B00223E46DDF848A0119F11951CEE24
:10A65000109A1D9D04F09CF998BB51EC180B8E4B81
:10A66000002204F06DF910B1119BD90729D4002EF6
:10A67000334606DB01332344302204F8012BA34286
:10A68000FBD1631B56461293DDF82CA0FFF708BBE5
:10A690000C93DDE9141202F100430BEE903A2D23E6
:10A6A0000BEE101A0E9372E7089BEC18EAE6591CA1
:10A6B0004846FDF755FD0546002800F043810C9003
:10A6C00055E7109B24930F9B14F8012CD97B8A42E9
:10A6D000234609D1302003F8010C249B5A1E2492F2
:10A6E00013F8012C9142F6D0392A0BBF0F9A013290
:10A6F000927AD2B203F8012CC3E7089B5C1C24AB0E
:10A70000049321AB039320AB0293022300930194A3
:10A7100053EC1B2B484600F0CBF9054656462C441B
:10A72000DDF82CA0AEE630238DF87C30782313E7DB
:10A730005A4A0E92FEF7D9BF089B002B08BF01238F
:10A740000893159B4AF48072002B0B92C0F2D980BB
:10A750009DED147B0C900E90B0EE47BAF0EE67BA08
:10A76000FFF780BA0C46904601330E9AC8F80020D5
:10A770003444072BCDE92734C8F804607FF7A7AC31
:10A7800019EE101A26AA484602F040FB00287EF473
:10A7900006ADDDE927340DF1A4089AE4119B0B9373
:10A7A00023E6159B3E4D3F4A002BB6BF2D239DF857
:10A7B0007B308DF87B302AF0800AFEF7D7BD20AAC7
:10A7C00051EC1B0B02F072FA00224FF07F5303F0A2
:10A7D0004FFE02460B4643EC182B0022002304F0E8
:10A7E000AFF808B1012320932F4B0F93ECE66727B6
:10A7F00019990B78FF2B00F0B0800024119A2046A5
:10A8000003E001300131FF2B08D0934206DAD21A5F
:10A810004B78002BF5D10B780134F4E719911192A4
:10A8200013901094109A139B1C9913440B9A01FBDC
:10A8300003230B9323EAE3730793FFF79DBA169B59
:10A84000D31819440B9166274FE6002956D13022C0
:10A850008DF88A200DF18B02303302F8013B22ABD8
:10A86000D31A1A93FFF771BA07F10F02D2B201217E
:10A87000FFF729BA51EC1B0B0022002304F060F80B
:10A8800000287FF4F8AD089BC3F101032093F3E5A2
:10A8900054F20010000030400000E03F84F200104D
:10A8A00038F200103CF2001040F20010C3F1010336
:10A8B0001A4422EAE2730B9207936727A0E5F40794
:10A8C0007FF54EAAFFF748BA264A0E922DE4089A61
:10A8D00006F0010656EA020304D101230793662716
:10A8E0000B938DE5169B01331A4422EAE2730B9217
:10A8F0000793662784E51B4B0E939AE40DF18A02B9
:10A90000AAE70C90C5E6174A0E92D5E40D9B9BF87A
:10A910000170934653F8042B0D9342EAE2720892B9
:10A92000FEF711BB02231A93FFF70FBA19EE902A14
:10A930000C2313604FF0FF330993FEF741BC094A23
:10A940000E9211E719EE101A8B8943F0400213465C
:10A950008A81FEF72EBC089CE0E600231093139337
:10A9600060E700BF84F20010024B13B1024800F010
:10A9700005B8704700000000A1BC0010002301468C
:10A980001A46184602F03EBB2DE9F04F03690C69E8
:10A99000A34283B0C0F28780013C01F11405A300FB
:10A9A00000F11408009355F8243058F8242001339E
:10A9B00081469A4208EB840005EB84070190B2FBC4
:10A9C000F3F63BD30023AE4640469B465EF804AB0D
:10A9D00002681FFA8AFC06FB0C334FEA134C4FEA5D
:10A9E0001A4A06FB0ACA1FFA83FCABEB0C0C1FFACF
:10A9F0008AF31CFA82FCC3EB124202EB2C421FFAD0
:10AA00008CFC4CEA0243774540F8043B4FEA224B6A
:10AA10004FEA1A43DAD2009B58F8033073B9019B0E
:10AA2000043B984504D307E0984504F1FF3403D272
:10AA300053F80429002AF7D0C9F81040484602F01C
:10AA40000BF800282BDB01364046002355F8041B89
:10AA5000D0F800C08AB29A1A0B0C12FA8CF2C3EB2F
:10AA60001C4303EB224392B242EA0342AF4240F856
:10AA7000042B4FEA2343E9D258F8242008EB84033F
:10AA80006AB9043B984504D307E0984504F1FF34C4
:10AA900003D253F80429002AF7D0C9F810403046F1
:10AAA00003B0BDE8F08F002003B0BDE8F08F00BF19
:10AAB0002DE9F04F2DED068B016C95B0904699462F
:10AAC000CDE90489279D044641B1426C4A600123C7
:10AAD00093408B6001F05EFD00232364B9F1000A0E
:10AAE000B4BF012300232B607B4BBCBF2AF0004A7C
:10AAF000CDF814A033EA0A0300F0B2809DED047B88
:10AB0000002251EC170BB0EE479AF0EE679A002343
:10AB100003F016FF074680B1269A01231360289B95
:10AB2000002B00F0DA826D481860431E03930398EF
:10AB300015B0BDEC068BBDE8F08F12AB019313ABE3
:10AB40000093204653EC192BB0EE498AF0EE698A47
:10AB500002F04AF85FEA1A56054640F09980DDE9AE
:10AB600012763E4406F23240202840F3AA83C0F118
:10AB700040000AFA00FA06F2124028FA00F04AEA07
:10AB80000000FDF76FF80123013E0D93A1F1F8716C
:10AB9000534B0022FCF728FF49A3D3E9002303F01D
:10ABA00067FC49A3D3E90023FCF720FF8046304629
:10ABB0008946FDF767F846A3D3E9002303F058FC64
:10ABC00002460B4640464946FCF710FF8046894640
:10ABD00003F0FEFE0022834600234046494603F070
:10ABE000B9FE002840F06C82BBF1160F00F25B82C8
:10ABF0003C4B03EBCB03D3E9002351EC190B03F0DF
:10AC0000A9FE002874D00023BE1B0C93731E0BF109
:10AC1000FF3B069300F14E8200230993BBF1000F26
:10AC20006DDA099BCDF81CB0A3EB0B030993CBF1B4
:10AC300000030B93249B092B4FF0000B68D8052BC6
:10AC400040F33D83043B24930026249B023B032BCB
:10AC500000F29886DFE813F04D044A04410424040E
:10AC6000269A42F20F73CAF3130A13605AEA0803D2
:10AC70001DD1289B002B00F07C861B4B03930833CF
:10AC8000289A0398136015B0BDEC068BBDE8F08FD1
:10AC900018EE903AC3F3130351EC190B43F07F51B4
:10ACA0000D97A6F2FF36129F41F4401170E7289BE2
:10ACB000002B40F0D9830D4B039338E7AFF30080AE
:10ACC00061436F63A787D23FB3C8608B288AC63FB2
:10ACD000FB799F501344D33F0000F07F71F20010C6
:10ACE0000000F83FE8F400109CF3001098F3001007
:10ACF000BE1B731E069300F19A840C900990069B6C
:10AD00005B44CDE9063B00230B93249B092B96D98A
:10AD10000023CDE9243301264FF0FF330A96089330
:10AD2000089B0F9300216164204601F00DFC039005
:10AD3000002800F02F86039B2364089B0E2B00F253
:10AD4000F980002E00F0F6800799002940F3718405
:10AD5000BD4B01F00F0203EBC2034FEA2118C905F6
:10AD6000D3E9006740F10384B84B51EC190BD3E9E8
:10AD7000082303F0A7FC41EC180B08F00F084FF074
:10AD8000030AB8F1000F13D0DFF8C09218F0010FDA
:10AD900009D030463946D9E9002303F069FB0AF1AE
:10ADA000010A06460F465FEA680809F10809EDD175
:10ADB00051EC180B32463B4603F084FC41EC1A0B75
:10ADC0000C9B5BB157EC1A6BA14B1AEE100A0022D8
:10ADD000394603F0BFFD002840F052855046FCF78D
:10ADE00051FF53EC1A2B03F043FB9A4B0022FCF764
:10ADF000FDFD089B8046A1F15079002B00F0F38304
:10AE0000079B1093089B0E930A9B002B00F0C084B5
:10AE10000E9A8D4B9049DDF80CA003EBC20353E969
:10AE20000223002003F04EFC42464B46FCF7DCFDBB
:10AE300059EC1A8B41EC180B49461AEE100A03F034
:10AE4000C7FD0746FCF71EFF02460B461AEE100A26
:10AE50004946FCF7C9FD30370AF8017B53EC182B43
:10AE600006460F4603F076FD002840F055854FF06A
:10AE700000080AEE105ACDF844B055465BEC18AB0A
:10AE800008EE104A44462AE00E9B01349C424BDAFD
:10AE9000724B50465946002203F0EAFA6F4B0022EB
:10AEA00082468B463046394603F0E2FA89468046B0
:10AEB00003F08EFD0746FCF7E5FE02460B464046D2
:10AEC0004946FCF791FD303705F8017B52465B4659
:10AED00006460F4603F03EFD002840F01885324636
:10AEE0003B465B490020FCF77FFD52465B4603F082
:10AEF00031FD0028C8D0109B039A0793AA4618EE8C
:10AF0000104A1AEE105A02E0924500F0EA84D14647
:10AF10001AF8013D392BF7D00133DBB28AF8003043
:10AF2000079B01330793ABE1DDF844B01AEE105AEA
:10AF300018EE104A139B002BC0F29480079A0E2A39
:10AF400000F39080404B03EBC203D3E90089259BBB
:10AF5000002B1BDA089B002B18DC40F05D83404B74
:10AF600000224046494603F083FA02460B4651EC64
:10AF7000190B03F0F9FCDDF820A05646002800F07C
:10AF8000D082259BDDF80C80DF43D2E242464B465F
:10AF900051EC190B03F096FB03F01AFD06468346AD
:10AFA000FCF770FE42464B4603F062FA0B4602463F
:10AFB00051EC190BFCF718FDDDF80CA033463033CB
:10AFC0000AF8013B089B012B00F08E834FF0010B28
:10AFD00008EE105A08EE904A1D465446DA461DE027
:10AFE00042464B463046394603F06CFB03F0F0FC1A
:10AFF0008346FCF747FE42464B4603F039FA0AF116
:10B00000010A0B46024639463046FCF7EDFC0BF1CF
:10B010003003AA4504F8013B00F061830F4B002286
:10B0200003F026FA0022002306460F4603F088FCB0
:10B030000028D5D0A24618EE105A18EE904A079B69
:10B0400001330793D1461BE1E8F40010C0F400106F
:10B050000000F03F00001C400000E03F00002440E2
:10B06000000014400A9A002A3FD0249A012A40F393
:10B070009C82089B03F1FF380B9B4345C0F26E8214
:10B08000A3EB0808089B002BC0F26683069A1A44BB
:10B090000692099A17461A4409920121204601F0A6
:10B0A00027FB064625E00123BE1B0C93731E069367
:10B0B0007FF5B2ADC6F10103099300230693ADE518
:10B0C0005846FCF7DFFD42464B4603F039FC0028AA
:10B0D0007FF48AAD0BF1FF3B86E5874B0393039822
:10B0E00015B0BDEC068BBDE8F08FDDE90976DDF823
:10B0F0002C80002F0CDD069A002A09DD0999BA423E
:10B100001346A8BF3B46C91AFF1AD31A09910693E2
:10B110000B9BDBB10A9B002B00F08282B8F1000F81
:10B120000FDD31464246204601F0BEFB2A4601466D
:10B130000646204601F00AFB29460546204601F056
:10B1400029FA0B9BB3EB080240F000830121204653
:10B1500001F0CEFABBF1000F824600F3B780249BCA
:10B16000012B40F385814FF000090120BBF1000F56
:10B1700040F0B880069A104410F01F0000F096804E
:10B18000C0F12003042B40F3F883099BC0F11C009D
:10B1900003440244099307440692099B002B05DDF2
:10B1A00029461A46204601F0DFFB0546069B002B88
:10B1B00005DD51461A46204601F0D6FB82460C9B1F
:10B1C000002B40F03681089B002B40F31D810A9B29
:10B1D000002B40F0A080079B01330793DDF80C8023
:10B1E000DDF82090012707E0294600230A222046A7
:10B1F00001F0DAF90137054651462846FFF7C4FB4E
:10B200004F4500F1300008F8010BEDDB089A002AE9
:10B21000C8BF9346039AD8BF4FF0010B034693442F
:10B220000027294601222046049301F09DFB514648
:10B23000054601F011FC002840F3A5811BF8013CF4
:10B24000039A0BF1FF3B04E05A4500F0A7811BF87D
:10B25000013D392B0BF10109F6D001338BF8003099
:10B260005146204601F096F956B12FB1B74203D0AE
:10B270003946204601F08EF93146204601F08AF920
:10B280002946204601F086F9002389F80030269BE4
:10B29000079A1A60289B002B3FF449AC0398C3F827
:10B2A000009015B0BDEC068BBDE8F08F1C20099B0B
:10B2B00003440993069B0344074406936DE7012664
:10B2C000C3E4C0F1200008FA00F05AE401465A46EF
:10B2D000204601F0E9FA249B012B824640F3D581F8
:10B2E0004FF00009DAF810300AEB8303186901F017
:10B2F000AFF9C0F120003DE770F2001031460023A5
:10B300000A22204601F050F90F9B002B064640F31D
:10B310002383CDE90783002F00F31981B9F1000FD2
:10B3200040F0FD81B046049B039F089903F00102A1
:10B330007B1E1944249B0B92134309910A93514697
:10B340002846FFF721FB31468346284601F084FB5F
:10B35000424651468146204601F0A0FBC2680146A4
:10B360000BF13003002A42D106902846089301F0E1
:10B3700073FB06990490204601F00CF9049A089B8F
:10B380001AB90A99002900F0D782B9F1000FC0F26A
:10B390008881249949EA01090B9951EA090100F0D1
:10B3A0008081002A00F3E881099A3B7007F10109C6
:10B3B0009742CB4600F0E681294600230A22204628
:10B3C00001F0F2F84645054631464FF000034FF0D4
:10B3D0000A02204612D001F0E7F841460646002353
:10B3E0000A22204601F0E0F84F468046A7E72046B3
:10B3F000049301F0CFF8049B0122C6E701F0D4F8D2
:10B400004F46064680469AE7249B022B78DC0A9B2F
:10B41000002B80D1079B5146013328460793FFF745
:10B42000B3FADDF80CB000F130030BF8013B002754
:10B43000F7E65146284601F00FFB0028BFF6C3AEE1
:10B44000294600230A22204601F0AEF8079B03F1AB
:10B45000FF380A9B0546002B7FF450AF0F9B002B53
:10B4600040F371820893B9E6BD4B0393033307E4BD
:10B47000DDE9041200297FF476AEC2F31303002B3A
:10B480007FF471AEB74B1340002B00F03E82099B56
:10B4900001330993069B013306934FF0010964E6DB
:10B4A00001230A93259B079A13440F930133012B21
:10B4B0001F460893B8BF01270021172F61647FF74B
:10B4C00033AC012204235B0003F11400B84211469F
:10B4D00002F10102F7D9616426E401230A93259B56
:10B4E000002B4BDD0F9308931F46E5E700230A93DB
:10B4F000D8E700230A93F2E70F9BCDF81C8008934E
:10B50000089B002B7FF43DAD51460522204601F0FB
:10B510004BF801468246284601F09EFA00287FF744
:10B5200030AD0398079F3123804600F8013B013777
:10B5300003905146204601F02DF87B1CDDF80C905D
:10B540000793CDF80C80002E7FF496AE98E6314636
:10B550003A46204601F008FA0646DFE60B9BCDF896
:10B560002C80A8EB03039B444FF000088AE54FF0C2
:10B57000020AB0EE498AF0EE698A02E401232593BB
:10B580000893FFF7CDBB03D1049BDB073FF556AE15
:10B59000D9461BF8013D302BFAD061E6079B039A90
:10B5A00001330793312313705AE60D9A002A00F0F5
:10B5B000638103F23343069ADDF82C801A44069225
:10B5C000099A17461A44099267E55046FCF75AFB58
:10B5D00053EC1A2B02F04CFF634B0022FCF706FAE7
:10B5E0008046A1F15079614B002251EC1A0BFCF717
:10B5F000FBF942464B4606460F4603F0C9F90028C0
:10B6000040F07F8130463946424609F1004303F05D
:10B61000A1F900283FF48EAC4FF0000A5646B0E482
:10B6200029460B9A204601F03FF905468EE50C901D
:10B6300040E500F04E81079A4D4B564206F00F024E
:10B6400003EBC203D3E9002351EC190B02F010FF06
:10B65000361141EC1A0B00F08881464F00234FF061
:10B66000020AF20706D5D7E9002302F001FF0AF12A
:10B67000010A0123761007F10807F2D1002B3FF4ED
:10B680009FAB41EC1A0BFFF79BBB049B002B7FF495
:10B6900027AEDDE90412C2F31303002B3FF4F2AE30
:10B6A0001EE6002A12DD294601222046049301F0FD
:10B6B0005BF95146054601F0CFF90028049B40F3A1
:10B6C0003581392B00F013810BF13103B94609F8AC
:10B6D000013B079B0133374607934646C0E5A24628
:10B6E00018EE105A18EE904A02460B46FCF77EF907
:10B6F00042464B4606460F4603F04AF960B94246B9
:10B700004B463046394603F01BF900283FF497AC0E
:10B710005FEACB717FF593AC039AFFF7F8BB7168D2
:10B72000204600F011FF0746002800F03A813369F7
:10B7300002339A0006F10C010C30FCF7C1FF3946C8
:10B740000122204601F010F98046ECE5294620460A
:10B7500001F0AAF80546F9E4DDE908239F1A9CE404
:10B7600098F300100000F07F00001C40000014401F
:10B77000E8F40010C0F40010392B00F0B880B9468E
:10B780000133A4E7079A013237460792464648E557
:10B790000E988D4901EBC00142464B4651E902012A
:10B7A00002F066FE5AEC1A9B41EC180B51461AEE59
:10B7B000100A03F00DF90746FCF764FA02460B463F
:10B7C0001AEE100A5146FCF70FF906460E98DDF8FE
:10B7D0000C803037012808F8017B0F4600F0BA8052
:10B7E0000E9B039ACDF838B013449B46C246774B64
:10B7F00000223046394602F03BFE8946804603F07F
:10B80000E7F80746FCF73EFA303702460B4640465B
:10B810004946FCF7E9F80AF8017BDA4506460F4687
:10B82000E5D1DA46DDF838B0694B59EC188B0022C7
:10B8300018EE100A4946FCF7D9F832463B4603F0A9
:10B8400089F800286DD118EE102A4B466049002077
:10B85000FCF7CAF832463B4603F09AF800283FF45A
:10B8600069ABD1460AF1FF3A19F8013C302BF8D008
:10B87000109B0133079303E5129BC3F136039AE64D
:10B88000089B002B3FF4A1AE0F9B002B7FF752AB20
:10B89000079A0E93013A4D4B10921AEE100A394650
:10B8A000002202F0E5FD024616460F460AF10100AD
:10B8B000FCF7E8F932463B4602F0DAFD454B002240
:10B8C000FCF794F847EC1A6B8046A1F15079FFF72A
:10B8D0009BBA4FF0020AB0EE49AAF0EE69AAFFF750
:10B8E0006FBA079B013307933123FFF717BB079B01
:10B8F000BB4601330793392337460BF8013B4646D5
:10B900009EE44FF0000A56460BE699462DE4AA46FF
:10B9100018EE104A1AEE105A109B01330793D146C5
:10B92000AEE4109B039A0793FFF7F1BA7FF4CEAE13
:10B93000DA077FF5CBAEC4E6392BD8D0B9F1000FCA
:10B940003FF7C2AEC2E6249B022B3FF7D5ADCDF840
:10B950001C805FE5C24667E7249B022B3FF7CCAD16
:10B960000F9BCDF81C800893D5E44FF0020AFFF737
:10B9700027BA194B0393FFF7DAB83FF40EACC0F1C6
:10B980003C0094E4002666643146204600F0DCFD6D
:10B99000039068B9114B124800224FF4D57101F0A1
:10B9A00077FB0E4B0E483A4640F2EA2101F070FB5D
:10B9B000039B236401224FF0FF3325960F930A92D5
:10B9C0000893FFF7B7BA00BFE8F400100000244066
:10B9D0000000E03F00001C409CF30010A8F30010A2
:10B9E000BCF30010B1F90C202DE9F0410C46110711
:10B9F000804647D4636842F40062002BA2815EDD7A
:10BA0000A56A002D58D00023D8F80060C8F800308F
:10BA100093B212F4805256D10123E1694046A847FF
:10BA2000431C67D0A389A56A5F0705D56368C01A60
:10BA3000236B0BB1E36BC01AE16902460023404659
:10BA4000A847411C41D1D8F80030002B3DD01D2B18
:10BA500001D0162B56D1A3892269226023F40063FA
:10BA600000216160A381216BC8F8006021B304F15B
:10BA70004003994202D0404600F078F9002020634C
:10BA8000BDE8F0812669BEB193B2256826609A07A9
:10BA90000CBF63690023AD1BA3600BE02B4632464D
:10BAA000E169676A4046B847B0F1000CA5EB0C05A8
:10BAB000664417DD002DF1DC0020BDE8F081E36B6A
:10BAC000002B9DDCF8E7206DAEE7B4F90C3022695D
:10BAD000226023F40063A3810022DB046260C2D5EC
:10BAE0002065C0E7A38943F040034FF0FF30A381F6
:10BAF000BDE8F081D8F80030002B93D01D2B06D084
:10BB0000162B04D0A38943F04003A381D5E7C8F8DE
:10BB10000060D1E738B50C46054608B1836BA3B188
:10BB2000B4F90C00B8B1636EDB0701D4810515D5FB
:10BB300028462146FFF756FF636EDA07054602D412
:10BB4000A3899B050ED5284638BD00F017F8B4F937
:10BB50000C000028E7D10546284638BDA06D00F04E
:10BB6000AFFBE5E7A06D00F0ADFB284638BD00BF98
:10BB7000014900F079BB00BFF5D000102DE9F04776
:10BB80008246394800F09CFBDAF83840002C66D138
:10BB9000DAF80450354ACAF83C200323CAE9B8430E
:10BBA000DFF8DC90DFF8DC80314F324E04230AF5F9
:10BBB0003B72CAF8E8222146C5E90243C5E90044C0
:10BBC000C5E904446C660822AC6105F15C00FCF731
:10BBD00011FEC5E90759C5E90987EE6205F158006C
:10BBE00000F06AFBDAF80850234BEB602146C5E908
:10BBF0000044C5E904446C66AC60AC61082205F100
:10BC00005C00FCF7F7FDC5E90759C5E90987EE6255
:10BC100005F1580000F050FBDAF80C50174BEB60C0
:10BC20002146C5E90044C5E904446C66AC60AC61DA
:10BC3000082205F15C00FCF7DDFD05F15800C5E9BF
:10BC40000759C5E90A76C5F8248000F035FB0123C1
:10BC5000CAF838300448BDE8F04700F033BBBDE80F
:10BC6000F047014800F02EBB6011002071BB0010AE
:10BC700081CD0010A1CD00100900010012000200CA
:10BC80001DCD001041CD0010014800F019BB00BFD0
:10BC90005C110020014800F015BB00BF5C110020C2
:10BCA00038B5084B084D5B1B9C1007D0043B1D4466
:10BCB000013C55F804399847002CF9D1BDE83840CB
:10BCC00003F0BABCA40A0020A00A0020F8B5244F53
:10BCD0000C460646FCF7E0FDBA685568C4F57E637D
:10BCE0000F3325F003052B4423F47F6323F00F0368
:10BCF000A3F58054B4F5805F07DB00213046FDF7E3
:10BD000025F8BB682B44984204D03046FCF7CAFDA6
:10BD10000020F8BD61423046FDF718F801300DD023
:10BD2000104ABB682D1B45F001055D601368304665
:10BD30001B1B1360FCF7B6FD0120F8BD0021304647
:10BD4000FDF704F8BA68831A0F2BDEDD43F0010318
:10BD50005360054B03491B68C01A0860D5E700BF54
:10BD6000180500202011002020090020002961D0A2
:10BD7000F8B50C460646FCF78FFD54F8042C7B4FB3
:10BD8000A4F1080522F0010105EB010CB868DCF80C
:10BD90000430604523F0030300F08B80D207CCF819
:10BDA000043032D454F8082CAD1A1144AA6807F1B3
:10BDB000080082426AD00CEB0304D4F804E0EC687B
:10BDC000D4601EF0010FA26000F0978041F00103E3
:10BDD0006B60CCF80010B1F5007F35D27A68CB08E3
:10BDE00048090121013381401143796007EBC30207
:10BDF00057F83310083AC5E9021247F83350CD60BE
:10BE00003046BDE8F840FCF74DBD0CEB030252682C
:10BE1000D00710D4194407F10800DCF80830834239
:10BE200073D0DCF80C20DA60936041F001036B60A2
:10BE30006950D0E7704741F00103B1F5007F44F845
:10BE4000043CCCF80010C9D3B1F5206F4FEA512360
:10BE500048D28B0903F1390003F13802C300F81806
:10BE6000FB580838984259D05A6822F003028A4297
:10BE700002D99B689842F7D1D868C5E9023085603D
:10BE8000DD603046BDE8F840FCF70CBD0CEB03026A
:10BE90005268D20763D40B44DCE90212CA60916095
:10BEA00043F001026A603046EB50BDE8F840FCF711
:10BEB000F9BC0B44D10707D454F8082CAD1A13442D
:10BEC000D5E90212CA60916043F001026A60284A13
:10BED000BD6012689A4293D8264B30461968FFF726
:10BEE000F5FE8DE7142B0AD9542B1FD80B0B03F149
:10BEF0006F0003F16E02C300B1E719448DE703F14F
:10BF00005C0003F15B02C300A9E741F00103C7E94C
:10BF10000455C5E902006B60695071E779689210B9
:10BF2000012404FA02F20A437A60A6E7B3F5AA7F75
:10BF300006D8CB0B03F1780003F17702C3008EE73C
:10BF400040F25452934206D88B0C03F17D0003F16A
:10BF50007C02C30083E74FF47E737E227FE741F0CB
:10BF600001036B60CCF800104AE700BF1805002001
:10BF700024090020501100209368002B00F08580D8
:10BF80002DE9F04FB1F90C300C461907804683B00B
:10BF9000174698B225D523691BB310F002033D68FC
:10BFA0002DD04FF0000ADFF8BCB25646B9465E45C8
:10BFB0003346524628BF5B464046002E52D0E169C8
:10BFC000676AB847002856DDD9F808301B1A824442
:10BFD000361AC9F80830002BE9D1002003B0BDE8BB
:10BFE000F08F2146404600F0A3FF002840F0368144
:10BFF000B4F90C303D6898B210F00203D1D110F0C2
:10C00000010944D14E46009746B38205D4F808B0E2
:10C0100040F18380B3455A4600F2B28010F4906F2D
:10C0200040F0BF8020680192494600F011FAA368F1
:10C03000019AA3EB0B012368A1601344B24623606D
:10C040000026009B9868A0EB0A00D1449860002865
:10C05000C3D0B4F90C0080B2002ED6D1D5E9009639
:10C060000835D1E7D5E900A60835A0E721464046C6
:10C07000FFF750FD80B3B4F90C3043F040034FF0AC
:10C08000FF30A38103B0BDE8F08F002070471E464B
:10C09000AA46994618461D46009756B388B34A46A5
:10C0A000D4E904132068B24228BF3246884205D939
:10C0B000A16803EB010B5A4500F3A680934263DCB1
:10C0C000E169676A2A464046B847B0F1000BD2DD05
:10C0D000B9EB0B09CAD00120009A9368A3EB0B03BC
:10C0E0005D44A6EB0B069360002B3FF476AF002E69
:10C0F000D4D10AF1080353E902569A460833002EB8
:10C10000F9D032460A21284600F052F9002800F002
:10C110009C800130A0EB0509C1E7206823699842A3
:10C1200016D86369B34213D86FF00042B24228BFF9
:10C130003246E16992FBF3F2676A02FB03F3404681
:10C140004A46B847B0F1000A95DDA6EB0A0678E743
:10C15000B345DA4628BFB2465246494600F078F960
:10C16000A3682268A3EB0A035244A3602260002B59
:10C17000EBD121464046FFF7CDFC0028E5D07AE719
:10C180002068B34632464EE72946019200F060F936
:10C19000019AA3689B1AA360236813442360934603
:10C1A00096E723682169A3EB010B636903EB430A5C
:10C1B0000AEBDA7A0BF101034FEA6A0A334453457A
:10C1C000524684BF9A46524643052CD511464046F6
:10C1D000FBF7C6FF00283BD05A4621690190FCF7C7
:10C1E0006FFAA289019B22F4906242F08002A28140
:10C1F00003EB0B002361AAEB0B03C4F814A0A360AC
:10C200002060B34632460EE729465A4600F020F930
:10C2100023685B44236021464046FFF77BFC0028EF
:10C220003FF456AF27E74046FCF7A4FB034600283F
:10C23000DED121694046FFF799FDB4F90C300C229C
:10C2400023F08003C8F8002017E7721C914627E707
:10C250000C22B4F90C30C8F800200EE74FF0FF3084
:10C26000BCE600BF00FCFF7F2DE9F8430746884687
:10C2700000F538764FF00009D6E90154013D11D49C
:10C28000A389012B05F1FF3508D9B4F90E3001332C
:10C29000214603D03846C04749EA00096B1C04F127
:10C2A0006804EDD13668002EE6D14846BDE8F88333
:10C2B000004870471C0A0020704700BF704700BF4D
:10C2C000704700BF704700BF2DE9F0418B890C46D5
:10C2D000990796B008D504F143030122C4E904325A
:10C2E000236016B0BDE8F081B4F90E1000290646AF
:10C2F00027DB6A4600F078FF002821DB019D05F46A
:10C300007045A5F50055B5FA85F54FF480686D09BF
:10C310004FF4006741463046FBF722FFB4F90C307A
:10C32000F0B1204AF26343F08003C4F81480A38183
:10C330002060206135BB3B43A38116B0BDE8F0818E
:10C34000A38913F0800519D04FF0400841463046CC
:10C35000FBF706FF0025B4F90C302F460028E0D18A
:10C360009A05BED423F0030304F1430243F0020311
:10C370000121C4E90421A3812260B2E74FF480685F
:10C380002F46C7E7B4F90E10304600F043FF10B94E
:10C39000B4F90C30CFE7A38923F0030343F0010382
:10C3A0001BB2C8E771BB00100000000000000000D5
:10C3B00001F0FF01102A2BDB10F0070F08D010F856
:10C3C000013B013A8B422DD010F0070F42B3F6D15A
:10C3D000F0B441EA012141EA014122F007047FF073
:10C3E00000070023F0E80256083C85EA010586EACA
:10C3F000010685FA47F5A3FA87F586FA47F6A5FA06
:10C4000087F68EB9EED1F0BC01F0FF0102F0070211
:10C4100032B110F8013B013A83EA010313B1F8D1BC
:10C420000020704701387047002D06BF354603389D
:10C43000073815F0010F07D1013015F4807F02BFD6
:10C44000013015F4C03F0130F0BC0138704700BF27
:10C4500088420DD98B1883420AD900EB020CBAB17D
:10C46000624613F801CD02F801CD9942F9D1704727
:10C470000F2A0ED8034602F1FF3C4AB10CF1010C21
:10C48000013B8C4411F8012B03F8012F6145F9D1D0
:10C49000704740EA01039B0750D1A2F1100370B529
:10C4A00001F1200C23F00F0501F1100E00F1100432
:10C4B000AC441B095EF8105C44F8105C5EF80C5C40
:10C4C00044F80C5C5EF8085C44F8085C5EF8045CB8
:10C4D00044F8045C0EF1100EE64504F11004E9D1B5
:10C4E000013312F00C0F01EB031102F00F0400EB0B
:10C4F000031327D0043C24F003064FEA940C1E4497
:10C500001C1F8E465EF8045B44F8045FB442F9D108
:10C510000CF1010402F0030203EB840301EB84013C
:10C5200002F1FF3C4AB10CF1010C013B8C4411F8C3
:10C53000012B03F8012F6145F9D170BD02F1FF3CD9
:10C5400003469BE72246EBE7C36C70B505460C46F5
:10C550004BB153F8240080B1026843F82420002333
:10C56000C0E9033370BD21220421FBF783FD03469C
:10C57000E8640028EDD1002070BD012101FA04F625
:10C58000721D92002846FBF775FD0028F3D0C0E924
:10C590000146E4E731B1C36C4A6853F822000860F1
:10C5A00043F82210704700BFF0B50C69064683B00F
:10C5B0000D4601F1140E0020DEF800101FFA81FC78
:10C5C00002FB0C334FEA134C090C02FB01CC013087
:10C5D0009BB203EB0C4384424EF8043B4FEA1C43EE
:10C5E000EADC3BB1AA68A24207DD05EB8402013414
:10C5F00053612C61284603B0F0BD69680193013195
:10C600003046FFF7A1FF019B0746B8B12A690193A5
:10C61000023205F10C0192000C30FCF751F8F26C7B
:10C620006968019B52F82100286042F821503D467C
:10C6300005EB8402013453612C61DBE7024B0348B4
:10C640003A46B52100F024FDA8F300103CF4001098
:10C65000030C1B04D3B90004102310F07F4F04BF58
:10C660000002083310F0704F04BF0001043310F0D3
:10C67000404F04BF80000233002805DB10F0804FDC
:10C6800003F1010308BF2023184670470023E4E7A5
:10C69000036813F00702014607D0DA071FD4980792
:10C6A00021D55B080B600120704798B2A0B11046FD
:10C6B000DAB20AB908301B0A1A0704BF1B09043092
:10C6C0009A0704BF9B080230DA0703D45B0800F125
:10C6D000010006D00B6070471B0C1020E8E700201B
:10C6E0007047202070479B080B600220704700BFF6
:10C6F00038B5C36C04460D464BB15868B0B10268FA
:10C700005A6000220123C0E90435C26038BD2122ED
:10C710000421FBF7AFFC0346E0640028EDD1094B90
:10C72000094800224FF4A07100F0B2FC1C22012144
:10C730002046FBF79FFC0028F1D001220223C0E92C
:10C740000123DEE7A8F300103CF400102DE9F04FC0
:10C750000E691569AE4285B08846144605DB2A4647
:10C76000234635460C4616469846A3686168AF19BD
:10C77000BB42B8BF0131FFF7E7FE0190002800F08F
:10C780008780019B03F1140909EB870AD14505D283
:10C790004B46002243F8042B9A45FBD808F11408B5
:10C7A00008EB860B04F11403D8451A4603EB850504
:10C7B0005FD22B1B153B23F0030304331534A54232
:10C7C00038BF0423CDE902A7AC461F46924605E0D8
:10C7D000000C29D1C34509F1040948D958F8040BC4
:10C7E00085B2002DF4D056464C46002356F8040B73
:10C7F000216882B21FFA81FE05FB02EE000C0A0CD2
:10C80000734405FB002202EB13429BB243EA02434E
:10C81000B44544F8043B4FEA1243E7D849F80730DF
:10C8200058F8040C000CD5D0D9F8003054461946FD
:10C830004D4600222688090C00FB06110A449BB2D3
:10C8400043EA024345F8043B54F8046B2968360C6C
:10C850008BB200FB063303EB1243A4454FEA1342AD
:10C86000E8D8C34549F8073009F10409B6D8DDE92D
:10C8700002A7002F02DC05E0013F03D05AF8043D77
:10C88000002BF9D0019B18461F6105B0BDE8F08F61
:10C89000034B0448019A40F25D1100F0F9FB00BF20
:10C8A000A8F300103CF4001012F003032DE9F0414E
:10C8B0001446064632D10D46A41020D0D6F8488042
:10C8C000B8F1000F33D0E3074FF0000707D464102E
:10C8D00015D0D8F80000A8B18046E307F7D5424646
:10C8E00029463046FFF732FFB5B16968F36C641032
:10C8F00053F821202A6043F821500546E9D1284603
:10C90000BDE8F081424641463046FFF71FFFC8F8B8
:10C91000000007608046E0E70546D8E7013B0F4A84
:10C9200052F823200023FFF73FFE0546C4E701210C
:10C930003046FFF709FE804640B1012340F27122E4
:10C94000C0E904320023B0640360BCE7044B05482F
:10C9500042464FF4A07100F09BFB00BFB0F5001001
:10C96000A8F300103CF400102DE9F0470C46904667
:10C970002669A368496806EB6216751C9D42074646
:10C980004FEA621904DD5B009D4201F10101FADC0E
:10C990003846FFF7D9FD8446002851D0B9F1000F81
:10C9A00000F114000EDD09F105024FEA820E034684
:10C9B0000CEB8202002143F8041B9342FBD1AEF141
:10C9C00014031844216904F1140318F01F0803EB41
:10C9D00081012DD0C8F1200986464FF0000A1A685F
:10C9E00002FA08F242EA0A024EF8042B53F8042B2A
:10C9F000994222FA09FAF2D80B1B153B23F00303E4
:10CA0000043304F11502914238BF0423BAF1000F38
:10CA100018BF2E4640F803A0FB6C6268CCF810608B
:10CA200053F822102160604643F82240BDE8F087A9
:10CA3000043853F8042B40F8042F9942F9D8EBE757
:10CA4000034B0448624640F2D91100F021FB00BFBD
:10CA5000A8F300103CF400100B6984460069C01A6A
:10CA600016D10CF1140C14310CEB830210B401EB51
:10CA7000830301E0944508D252F8044D53F8041D95
:10CA80008C42F7D005D24FF0FF305DF8044B704771
:10CA9000704701205DF8044B704700BF2DE9F84F47
:10CAA0000F691369FF1A002F0E4690467AD101F1E3
:10CAB0001405143202EB830205EB830301E09D426F
:10CAC00073D253F8041D52F8044DA142F7D064D339
:10CAD0007168FFF739FD8146002872D03569D8F8B2
:10CAE0001020C76008F1140E06F1140009F1140AB1
:10CAF00006F1100C0EEB820200EB85075646002172
:10CB00005EF8044B5CF804BFA3B211FA8BF1CB1AA8
:10CB1000210CC1EB1B4101EB23419BB243EA0143D2
:10CB2000724546F8043B4FEA2141E9D8A2EB0804DC
:10CB3000153C08F11508424524F0030606F10406E9
:10CB400038BF0426304424F0030238BF0022874255
:10CB50005244B24416D95646044654F8043B11FADE
:10CB600083F10A1402EB134289B241EA0243A7425D
:10CB700046F8043B4FEA2241EFD87A1E101A20F003
:10CB80000302524423B952F8043D013D002BFAD070
:10CB9000C9F810504846BDE8F88F3346012746468D
:10CBA000984695E7F9DB002792E70021FFF7CCFCD8
:10CBB000814668B101220023C9E904234846BDE843
:10CBC000F88F074B07484A464FF4107100F060FA9F
:10CBD000034B04484A4640F2322100F059FA00BFA4
:10CBE000A8F300103CF40010F0B5012183B0164604
:10CBF0001F46FFF7A9FC054600284CD0C7F30A548E
:10CC0000C7F313030CB143F48013002E019323D018
:10CC100068460096FFF73CFD0346002837D0019A8E
:10CC2000C0F1200102FA01F1C240009801920143D3
:10CC30006961002A14BF02210121AA612961B4B1EE
:10CC4000089AA4F233441C441460099AC3F13503D2
:10CC50002846136003B0F0BD01A8FFF719FD019B42
:10CC60000121C5E9041300F12003002CE8D105EBF4
:10CC70008102A3F232431069089A1360FFF7E8FCBF
:10CC8000099BC0EB41101860284603B0F0BDDDE9F8
:10CC900000126961CDE7034B03482A4640F20A318E
:10CCA00000F0F6F9A8F300103CF40010DFF864C0BF
:10CCB000F8B521F000430027634504460D461646AB
:10CCC000176022DC844653EA0C0C1ED0DFF848C003
:10CCD00001EA0C0C0A46BCF1000F09D10C4B0022F2
:10CCE00001F0C6FB6FF0350704460A4621F0004309
:10CCF00022F0FF421B1522F4E002A3F2FE3342F0C1
:10CD00007F553B4445F40015336020462946F8BD65
:10CD100000005043FFFFEF7F0000F07F10B50C468E
:10CD2000B1F90E1000F0BAFA002803DB236D0344BA
:10CD3000236510BDA38923F48053A38110BD00BFD8
:10CD40002DE9F0410C46B1F90C101F46CB05054604
:10CD500016460BD421F48051A1813B46B4F90E1044
:10CD600032462846BDE8F04100F0CCB8B4F90E10C8
:10CD70000223002200F066FAB4F90C10EAE700BFC3
:10CD800010B50C46B1F90E1000F05CFAA389421CF4
:10CD90000EBF23F4805343F480532065A38110BD5C
:10CDA000B1F90E1000F094B930B540EA0104A307C0
:10CDB00001D1032A0FD8844601F1FF3E07E01EF897
:10CDC000011F03F8011B541EC1B19C462246634655
:10CDD000002AF4D130BD0B468446194653F8045B53
:10CDE000A5F1013424EA050414F0803FE4D1043AAB
:10CDF000032A4CF8045B1946EFD8DDE76244002CA7
:10CE0000E8D003F8011B9342FBD130BD2DE9F04F70
:10CE1000936883B09146002B6ED017688D6880466A
:10CE20000C460868083744E0A38913F4906F2ED0AD
:10CE3000D4E90415A0EB010A05EB450505EBD57512
:10CE40000AEB06006D100130A8422A4684BF054651
:10CE50002A465B0537D511464046FBF781F9002885
:10CE60003BD0524621690190FBF72AFCA289019B25
:10CE700022F4906242F08002A281A5EB0A0203EB49
:10CE80000A006561A260236120603546B2465946BA
:10CE90005246FFF7DDFAA068D9F808102368451B51
:10CEA0008E1B03EB0A00A5602060C9F808601EB362
:10CEB000083757E902B6002EFAD0B542AA46B3D9D0
:10CEC0003546B246E3E74046FBF754FD03460028EB
:10CED000D3D121694046FEF749FF0C23C8F8003042
:10CEE000A389002243F040034FF0FF30A381C9E93A
:10CEF000012203B0BDE8F08F0020C9F8040003B0A0
:10CF0000BDE8F08F38B50C46084D844611462046E2
:10CF10001A4600232B606446F7F7E4FE431C00D05A
:10CF200038BD2B68002BFBD0236038BD6411002076
:10CF300038B5334B1B6805460C460BB19A6B12B3E0
:10CF4000B4F90C3018079AB225D5216900292DD0E3
:10CF500012F0010007D00020A06060694042A0618B
:10CF600039B1002038BD950758BF6069A06000291D
:10CF7000F7D1120658BF0846F4D543F04003A38109
:10CF80004FF0FF3038BD1846FEF7F8FDB4F90C300D
:10CF900018079AB2D9D4D1062AD5520714D42169D8
:10CFA00043F00803A3819AB20029D1D102F4207082
:10CFB000B0F5007FCCD021462846FFF785F9B4F9BB
:10CFC0000C3021699AB2C3E7216B51B104F14002E0
:10CFD000914204D02846FEF7C9FEB4F90C30002275
:10CFE000226321690022C4E9001223F02403D7E759
:10CFF000092243F040032A604FF0FF30A38138BD7F
:10D00000EC0000202DE9F047DFF880A00646DAF8B2
:10D01000000098460F469146FFF752F91A4B1B68DD
:10D02000D3F8484124B365681F2D26DC5EB96B1C1C
:10D030000235DAF80000636044F82570FFF742F922
:10D040000020BDE8F08704EB85010123C1F888903A
:10D05000D4F88821AB401A43022EC4F88821C1F8C5
:10D060000881E4D1D4F88C211343C4F88C31DEE775
:10D0700003F5A674C3F84841D5E7DAF80000FFF7D6
:10D0800021F94FF0FF30DCE728F2001028090020DA
:10D0900000B50B4C25681446EE681A4685B0034669
:10D0A0000D464CB107490095CDE9011430460649BB
:10D0B00000F086F801F090F804490C46F3E700BF51
:10D0C000EC000020BCF50010CCF50010F0F00010D2
:10D0D00038B5074D0022044608462A60F7F7B8FD28
:10D0E000431C00D038BD2B68002BFBD0236038BD1B
:10D0F0006411002070B500294BD006460C4610B1D3
:10D10000836B002B48D0636ED80734D5B4F90C304C
:10D11000002B3ED021463046FEF764FCE36A05460C
:10D1200033B1E169304698470028B8BF4FF0FF356A
:10D13000A3891A063BD4216B41B104F14003994203
:10D1400002D03046FEF712FE00232363616C21B14A
:10D150003046FEF70BFE00236364FEF795FD636E19
:10D160000022DB07A28127D5A06DFFF7A7F8FEF705
:10D1700091FD284670BDA3899905CBD4A06DFFF71A
:10D180009FF8B4F90C30002BC4D1656E15F0010581
:10D1900008D00025284670BDFEF7F0FC636ED80766
:10D1A000B4D4E8E7A06DFFF78DF8284670BD21697B
:10D1B0003046FEF7DBFDBEE7A06DFFF783F8D3E74F
:10D1C0000EB410B583B005AB064C53F8042B019395
:10D1D0000146206800F0B4F803B0BDE8104003B089
:10D1E000704700BFEC00002070B50C46084D0346A8
:10D1F0000026204611461C462E60F7F749FD431CC9
:10D2000000D070BD2B68002BFBD0236070BD00BF29
:10D210006411002038B5074D0022044608462A60F4
:10D22000F7F722FD431C00D038BD2B68002BFBD044
:10D23000236038BD64110020014B93F8280170472A
:10D240002C09002038B50C46084D8446114620466E
:10D250001A4600232B606446F7F712FD431C00D0EA
:10D2600038BD2B68002BFBD0236038BD6411002033
:10D2700082B049B15AB16BB113780B601278101EAD
:10D2800018BF012002B0704701A9002AF3D110464F
:10D2900002B070476FF00100F4E700BF38B50C46EC
:10D2A000084D8446114620461A4600232B606446EA
:10D2B000F7F7FCFC431C00D038BD2B68002BFBD0DB
:10D2C000236038BD641100202DE9F84F4B6E9C049B
:10D2D00090462DD59368126843B38B46064602F1FB
:10D2E000080959E9025A5FEA9A0715D0043D00245B
:10D2F00001E0A7420ED055F8041F5A46304600F010
:10D30000C7FF431C04F10104F3D10023C8E9013332
:10D31000BDE8F88FD8F808302AF0030AA3EB0A0317
:10D32000C8F8083009F10809002BDAD10020ECE731
:10D33000FEF722FE0023C8E90133BDE8F88F00BFE5
:10D340002DE9F04F2DED028BBBB008EE101A08EE60
:10D35000900A1C461746039318B1836B002B00F00C
:10D360009C8218EE102A536EDE0740F19E81B2F9BE
:10D370000C108AB2900409D441F4005218EE101A2D
:10D380004B6E8A8123F4005392B24B66110740F131
:10D39000F88018EE103A1B69002B00F0F28002F0C2
:10D3A0001A030A2B00F0FE8011AB0E930023CDE987
:10D3B0000F33CDE9083306930DF144090793029327
:10D3C0003B78002B00F05B813C4604E014F8013F01
:10D3D000002B00F03481252BF8D1E51B40F0318182
:10D3E0002378002B00F04B814FF0000300258DF8CF
:10D3F0003330671C637801954FF0FF3B2B240137D6
:10D40000A3F120025A2A00F26181DFE812F0AB0298
:10D410005F015F01A7025F015F015F016A005F01B9
:10D420005F0149027E025F015402B9025F01B50249
:10D430005B005B005B005B005B005B005B005B0014
:10D440005B005F015F015F015F015F015F015F01E1
:10D450005F015F01360284005F015F015F015F01D0
:10D460005F015F015F015F015F015F01E5005F0137
:10D470005F015F011A025F016C025F015F014C05F1
:10D480005F015F015F015F015F015F015F015F019C
:10D490005F015F01360286005F015F015F0162028A
:10D4A000860080005F0158025F019402E70082025B
:10D4B00080005F011A027E006C055F015F016E054E
:10D4C0005F017E00A3F13002002117F8013B01EB60
:10D4D000810102EB4101A3F13002092AF5D9019142
:10D4E0008EE718EE900AFEF7E3FE436808931846AD
:10D4F000FBF766FC0990064618EE900AFEF7D8FE88
:10D5000083680793002E40F0A9843B7877E73B7847
:10D5100045F0200573E745F01005AC06039E40F189
:10D520008281073626F007063246736852F8086B88
:10D5300003929846002BC0F25984BBF1FF3F00F0E4
:10D540003E8556EA080325F0800A00F034840A2E4E
:10D5500078F1000380F0EB84303601238DF8E7602A
:10D56000554600930DF1E704009A9DF833305A4573
:10D57000B8BF5A469046002B00F0B78002F1010870
:10D58000B3E018EE101A18EE900A18EE105AFFF7D2
:10D59000CFFC002840F0AC85AA8902F01A030A2BC0
:10D5A0007FF402AF18EE101AB1F90E30002BFFF61F
:10D5B000FBAE4B6EDE0702D4950540F1778518EE81
:10D5C000101A18EE900A23463A463BB0BDEC028B87
:10D5D000BDE8F04F00F0B2BD45F0100515F0200891
:10D5E00000F01281039E073626F007063346D6F870
:10D5F000048053F8086B039325F4806A00234FF0EE
:10D6000000028DF83320BBF1FF3F00F0D38156EAD2
:10D6100008022AF0800540F0CC81BBF1000F40F0F9
:10D62000D184002B40F0CC831AF00103009300F06A
:10D63000FC8330238DF8E7300DF1E70494E7E51B18
:10D640001DD00F9B109A01332A44072BC9E900759E
:10D6500010920F9305DC09F10809029B2B440293F9
:10D66000BEE6002A00F0A38318EE101A18EE900A06
:10D670000EAAFFF729FE40B90DF14409EDE7109B12
:10D68000002B40F0248500230F9318EE102A536ED0
:10D69000D90740F1AE8093895B0600F1328502988C
:10D6A0003BB0BDEC028BBDE8F08FB2F90C108D05DC
:10D6B00018EE103A8AB23FF55DAE18EE105A986D2A
:10D6C000FEF7FEFDB5F90C108AB253E6002BD6D05A
:10D6D0008DF884304FF001084FF000038DF833309F
:10D6E000CDF8008021AC4FF0000B15F0020304933D
:10D6F00018BF08F1020815F08403059305D1019BBA
:10D70000A3EB0806002E00F37F82DDE90F21501CF9
:10D710009DF833608EB10DF133020131C9F800205C
:10D7200007284FF00102CDE90F01C9F8042000F3EA
:10D730004C82024609F108090130049BEBB10DABA4
:10D740000231C9F8003007284FF00203CDE90F017C
:10D75000C9F8043040F35382002900F0238318EE07
:10D76000101A18EE900A0EAAFFF7AEFD00288CD111
:10D77000DDE90F210DF14409501C059B802B00F0C1
:10D780005A81009BABEB0306002E00F3BD81009B8A
:10D79000C9F8004019440728CDE90F01C9F8043041
:10D7A00040F34681002900F0898218EE101A18EE25
:10D7B000900A0EAAFFF788FD00287FF466AF109943
:10D7C0000DF14409680705D5019BA3EB0804002C63
:10D7D00000F37E82DDE901234245ACBF9B18434440
:10D7E0000293002940F0E08100230F930DF14409DA
:10D7F000E6E593899A053FF54FAF18EE104AA06D04
:10D80000FEF760FDA38947E715F0100340F03E8363
:10D8100015F0400200F0FD83039A52F8046B039266
:10D820009846B6B2E8E656F8043B0396E80600F1DF
:10D830000883690640F1028343F3C0381EB24346B1
:10D8400078E6039E56F8044B4FF000038DF8333012
:10D85000002C00F0C583BBF1FF3F00F049835A461E
:10D8600000212046FEF7A4FD002800F02484031BBD
:10D87000009303964FF0000B76E6039E4FF00003F3
:10D880008DF833304FF0010856F8043B8DF88430A2
:10D890000396CDF8008021AC25E7FEF76FF960E52F
:10D8A000039B53F8042B0192002A80F2BA82019A5A
:10D8B0000393524201923B7845F004059FE53B7883
:10D8C0006C2B03BF7B7845F02005013745F0100530
:10D8D00095E53B78682B03BF7B7845F400750137ED
:10D8E00045F040058BE545F0100A1AF0200800F0DD
:10D8F0006E82039E073626F007063346D6F804806C
:10D9000053F8086B0393012379E63B788DF8334095
:10D9100075E5039B53F8046B039330238DF8343083
:10D9200078238DF83530C24B069345F0020A4FF04C
:10D930000008022363E6AE0600F19E82EC0600F1C9
:10D940004783680600F1A483A90540F14183039E43
:10D95000029A56F8043B03961A7031E53B7845F07D
:10D9600001054CE59DF83330002B7FF4CEAD20232C
:10D970008DF833303B7842E53B7845F080053EE555
:10D98000394611F8013B2A2B00F0C483A3F1300281
:10D99000092A0F464FF0000B3FF632AD17F8013B56
:10D9A0000BEB8B0B02EB4B0BA3F13002092AF5D9E1
:10D9B00026E5AA46012B3FF4CAAD022B3AAC12D1A0
:10D9C000069A06F00F033609D35C04F8013D46EAD7
:10D9D00008764FEA181856EA0803F2D13AAB1B1B37
:10D9E00055460093C0E506F00703F60846EA487678
:10D9F0004FEAD808303356EA0801224604F8013DC0
:10DA0000F1D11AF0010FE9D0302BE7D03023023AE0
:10DA100004F8013C3AAB9B1A554600931446A3E523
:10DA2000009911940123129110910F930DF1440963
:10DA300009F10809C6E6019BA3EB0806002E7FF753
:10DA4000A0AE102E40F36283DFF8E8A15346CDE983
:10DA50000445BA4618EE904A18EE105A0846964603
:10DA60001F4607E00EF1020C09F108099646103E28
:10DA7000102E1FDD0EF1010210301023072ACDE910
:10DA80000F20C9F80070C9F80430EBDD0EAA002899
:10DA900000F09580294620460DF14409FFF714FC5B
:10DAA00000287FF4F2ADDDE90FE0103E102E0EF1FC
:10DAB000010CDFDCDDE904453B46014657469A464A
:10DAC0003144BCF1070FCDE90FC1C9F800A0C9F876
:10DAD000046040F3AD81002900F0CA8218EE101AEC
:10DAE00018EE900A0EAAFFF7EFFB00287FF4CDADE9
:10DAF000009BDDE90F21ABEB0306002E02F10100D4
:10DB00000DF144097FF743AE102EDFF828A137DD71
:10DB10005346CDE90445BA4618EE904A18EE105A1D
:10DB20004FF0100B084694461F4607E00CF1020E1A
:10DB300009F108099446103E102E1ADD0CF101027D
:10DB40001030072AC9E9007BCDE90F20EEDD0EAACF
:10DB500020B3294620460DF14409FFF7B5FB002804
:10DB60007FF493ADDDE90FC0103E102E0CF1010ED5
:10DB7000E4DCDDE904453B460146574670469A46DB
:10DB800031440728CDE90F01C9F800A0C9F80460A5
:10DB900000F3F28009F108090130F8E54FF0010EB9
:10DBA00084460DF14409C6E718EE101A18EE900AE3
:10DBB0000EAAFFF789FB00283FF416AE65E54FF08B
:10DBC000010C86460DF1440951E7002900F0E78079
:10DBD00018EE101A18EE900A0EAAFFF775FB00282F
:10DBE0007FF453ADDDE90F210DF14409501CA4E58C
:10DBF00002210DAB1291119301200DF1440902464F
:10DC000009F10809501CB8E5102E40F35A82DDE9ED
:10DC10000FC1DFF824A0CDF828B00B95A34618EE6D
:10DC2000105A5446102318EE90AA08460EE000BF82
:10DC300040F200101CF600100CF600100CF1020E61
:10DC400009F108099446103E102E1CDD0CF101026A
:10DC50001030072AC9E90043CDE90F20EEDD0EAAF6
:10DC600030B3294650460DF14409FFF72DFB00283B
:10DC70007FF40BADDDE90FC0103E102E0CF1010E4C
:10DC80004FF01003E2DCA2460B9D5C46DDF828B0A5
:10DC9000014672463144072ACDE90F21C9F800A098
:10DCA000C9F8046000F3AB8009F10809501C2FE5A6
:10DCB00084464FF0010E0DF14409C4E76C070F9143
:10DCC00052D5019BA3EB0804002C4DDD0DF1440956
:10DCD000102C40F30882DFF85CA40F9A0B46BB4679
:10DCE0004946574618EE109A18EE90AA102505E0FE
:10DCF000901C08313246103C102C18DD561C103395
:10DD0000072EC1E90075CDE90F63F1DD0EAA3BB323
:10DD100049465046FFF7D8FA00287FF4B6ACDDE953
:10DD20000F23103C102C02F1010011A9E6DC8946FA
:10DD3000BA4619465F4621440728C9E900A4CDE93F
:10DD40000F017FF747AD79B118EE101A18EE900A5F
:10DD50000EAAFFF7B9FA00287FF497AC109939E5BD
:10DD600001201A4611A9C6E7DDE901234245ACBFEF
:10DD70009B184344029337E500293FF451AE18EE57
:10DD8000101A18EE900A0EAAFFF79EFA00287FF4E8
:10DD90007CAC0F98109901300DF14409F7E4049B15
:10DDA000002B79D101200A460DF14409E5E40F92D8
:10DDB0000DF1440951E4BBF1000F7FF4CDAB5546A2
:10DDC0004FF0000BCDF800B03AACFFF7CDBB1AF026
:10DDD00010033CD11AF0400200F00C81039A52F873
:10DDE000046B03929846B6B2012308E42D237642D1
:10DDF0008DF8333068EB4808AA46012303E4002974
:10DE00007FD018EE101A18EE900A0EAAFFF75CFAEF
:10DE100000287FF43AACDDE90F210DF14409501CD4
:10DE200076E403933B78FFF7EABA3AACFFF79CBB82
:10DE300009F108090CF101006246A2E4AA0500F10B
:10DE40002F814FEAE3781E464346FFF773BB039BDF
:10DE500053F8046B03930123FFF7D1BB079B002BFF
:10DE60003FF453AB079B1B78002B3FF44EAB3B7842
:10DE700045F48065FFF7C3BADDE9021656F8042BB6
:10DE80000396CB17C2E90013FFF79ABA039B53F826
:10DE9000046B0393FFF7B0BB02210DAB12911193FA
:10DEA0000DF14409ACE6A04A069215F0200836D0E0
:10DEB000039E073626F007063246D6F8048052F84D
:10DEC000086B0392EA0709D556EA080206D08DF8D6
:10DED0003530302345F002058DF8343025F4806A62
:10DEE0000223FFF78CBBAA46FFE4904A0692DCE7C8
:10DEF00020460396FAF764FF4FF0000B0090FFF7FF
:10DF000033BB9DF83320002A00F0B88001200DF1CA
:10DF10003302129011920DF14409014609E415F003
:10DF2000100242D0039A52F8046B0392CAE70AF433
:10DF30008063CDF800B0CDF81090BB46DDF81C90A2
:10DF400000253AAC1F4609E030464146F9F704FF88
:10DF50000A2E78F100031BD3064688463046414618
:10DF60000A220023F9F7F8FE1146303104F8011CAB
:10DF70000A220023013C0135002FE5D099F800105A
:10DF8000A942E1D1FF2DDFD00A2E78F100035BD248
:10DF90003AAB1B1BCDF81C905F46DDF81090DDF806
:10DFA00000B000935546FFF7DFBA15F040013ED0B0
:10DFB000039951F8046B03919046B6B282E7AA46E2
:10DFC000FFF7C5BA012BAA467FF4F7ACFFF7C4BA36
:10DFD000039E029A56F8043B1A600396FFF7F0B9C5
:10DFE0005B46062B28BF0623514C009303969846A8
:10DFF000FFF779BB039B1AF4007814BF53F8046B46
:10E0000053F8046B03931CBF9046F6B20123FFF74D
:10E01000F6BA039B15F4007814BF53F8046B53F859
:10E02000046B03931CBF9046F6B2FFF7E5BA039A60
:10E0300015F4007814BF52F8046B52F8046B039285
:10E040001CBF8846F6B23DE7099B0899E41A1A46B8
:10E050002046FEF7A9FE99F801300BB109F101093C
:10E06000304641460A2200230025F9F775FE73E782
:10E0700001200A460DF14409FFF783BB049B002BE6
:10E080007FF4B6AD0A4601200DF14409FFF779BBD4
:10E09000039E029A56F8043B03961A80FFF790B944
:10E0A00043F3C0185EB24346FFF744BA886DFEF7EB
:10E0B00009F9FFF784BACDF800B003968346FFF75D
:10E0C00053BA0F9A1099DFF86CA00132E2E518EE0E
:10E0D000101A18EE900A0EAAFFF7F6F800283FF47F
:10E0E000D2AAFFF7D2BA0F98DFF848A0013022E693
:10E0F0006B6EDB0705D4AB899F0502D4A86DFEF7D4
:10E10000E1F84FF0FF330293FFF7C9BADFF828A018
:10E110008446D5E4039A7B780F4652F8041B039299
:10E1200041EAE17BFFF76BB954F2001040F20010B6
:10E1300068F200100CF600101CF6001070B50C46CA
:10E140008989ADF58E6D21F00201ADF81410616E74
:10E150001B91E189ADF81610E1690991616A0B9193
:10E160001CA9029106914FF4806106460491079123
:10E1700018A80021CDE900320891FEF79DF8DDE9ED
:10E18000003202A93046FFF7DBF8051E07DB02A9C3
:10E190003046FDF7BFFC002818BF4FF0FF35BDF833
:10E1A00014305B0603D5A38943F04003A38118987C
:10E1B000FEF784F828460DF58E6D70BD49B1FF2A33
:10E1C00002D80A70012070478A2303604FF0FF30A5
:10E1D00070470846704700BF08B5062000F08CF86D
:10E1E000012000F02DFC00BF2DE9F04782B08246EF
:10E1F00088461446FFF720F8012803D108F1FF33C1
:10E20000FE2B36D9424604F15C0301A9504600F0CA
:10E2100011F9421C064632D030B39DF804C00DF10E
:10E220000509002509E023685A1C226083F800C014
:10E230000135B54218D219F801CBA368013B002B78
:10E24000A360F0DAA769BB4261462246504602DB72
:10E25000BCF10A0FE7D100F095F8431CE8D106465F
:10E26000304602B0BDE8F0874646304602B0BDE811
:10E27000F0875FFA88FC8DF804C00646CFE7A389D3
:10E28000304643F04003A38102B0BDE8F08700BFF1
:10E2900030B5536E13F0010FB2F90C30144683B051
:10E2A00005469AB201D198051CD5900406D4626E39
:10E2B00043F4005342F40052A3816266224628468A
:10E2C000FFF792FF636EDA07054602D4A3899B0528
:10E2D00002D5284603B030BDA06DFDF7F3FF2846F8
:10E2E00003B030BDA06D0191FDF7EAFFB4F90C3029
:10E2F00001999AB2D9E700BF38B5154B1F281D68A0
:10E3000020D8D5F8DC22044662B152F820304BB157
:10E31000012B15D0591C0FD0002542F820509847EA
:10E32000284638BD284600F02BF8224601462846EC
:10E33000BDE8384000F00EB816232B60012038BD30
:10E34000002038BD16232B604FF0FF3038BD00BFD2
:10E35000EC00002070B50C46084D03460026204610
:10E3600011461C462E6000F063FB431C00D070BDBC
:10E370002B68002BFBD0236070BD00BF6411002010
:10E3800000F04EBBF8B50D461446064610B1836B3F
:10E39000002B43D0B4F90C20A369A360170790B2F7
:10E3A0001BD52369CBB1EDB281042F4622D522685B
:10E3B0006169D31A994229DD0133A1680139A1604D
:10E3C000511C2160157062699A422AD0A389DB072B
:10E3D00001D50A2D25D03846F8BD21463046FEF736
:10E3E000A7FD20BBB4F90C20236990B2EDB28104E3
:10E3F0002F46DCD442F40052A281626E616922F49D
:10E40000005262662268D31A9942D5DC2146304612
:10E41000FDF780FB58B922680123CEE7FDF7AEFB7C
:10E42000B8E721463046FDF775FB0028D3D04FF002
:10E43000FF37D0E770B5054684B01C4639B10B4EA6
:10E44000D6F8E060B047431C09D004B070BD0A465E
:10E450000649D1F8E06001A9B047431CF5D100227C
:10E460008A2322602B6004B070BD00BF2C090020FD
:10E4700070B54FF0FF0C4CF4E06C1CEA11541DBF5A
:10E480001CEA135594EA0C0F95EA0C0F00F0DEF825
:10E490002C4481EA030621EA4C5123EA4C5350EA0A
:10E4A000013518BF52EA033541F4801143F480135B
:10E4B00038D0A0FB02CE4FF00005E1FB02E506F0EC
:10E4C0000042E0FB03E54FF00006E1FB03569CF041
:10E4D000000F18BF4EF0010EA4F1FF04B6F5007F47
:10E4E00064F5407404D25FEA4E0E6D4146EB0606B9
:10E4F00042EAC62141EA55514FEAC52040EA5E5042
:10E500004FEACE2EB4F1FD0C88BFBCF5E06F1ED8EB
:10E51000BEF1004F08BF5FEA500E50F1000041EB22
:10E52000045170BD06F0004646EA010140EA0200CF
:10E5300081EA0301B4EB5C04C2BFD4EB0C0541EAF1
:10E54000045170BD41F480114FF0000E013C00F306
:10E55000AB8014F1360FDEBF002001F0004170BD2A
:10E56000C4F10004203C35DA0C341BDC04F1140443
:10E57000C4F1200500FA05F320FA04F001FA05F2CF
:10E5800040EA020001F0004221F0004110EBD3709C
:10E5900021FA04F642EB06015EEA430E08BF20EAC8
:10E5A000D37070BDC4F10C04C4F1200500FA04F36B
:10E5B00020FA05F001FA04F240EA020001F00041FD
:10E5C00010EBD37041F100015EEA430E08BF20EA70
:10E5D000D37070BDC4F1200500FA05F24EEA020EB8
:10E5E00020FA04F301FA05F243EA020321FA04F0E7
:10E5F00001F0004121FA04F220EA020000EBD3709E
:10E600005EEA430E08BF20EAD37070BD94F0000F9D
:10E610000FD101F00046400041EB010111F4801FD1
:10E6200008BF013CF7D041EA060195F0000F18BF82
:10E63000704703F00046520043EB030313F4801FBE
:10E6400008BF013DF7D043EA0603704794EA0C0F78
:10E650000CEA135518BF95EA0C0F0CD050EA41068E
:10E6600018BF52EA4306D1D181EA030101F000410B
:10E670004FF0000070BD50EA410606BF1046194633
:10E6800052EA430619D094EA0C0F02D150EA01363F
:10E6900013D195EA0C0F05D152EA03361CBF104680
:10E6A00019460AD181EA030101F0004141F0FE411F
:10E6B00041F470014FF0000070BD41F0FE4141F4A3
:10E6C000780170BD70B54FF0FF0C4CF4E06C1CEAA3
:10E6D00011541DBF1CEA135594EA0C0F95EA0C0F58
:10E6E00000F0A7F8A4EB050481EA030E52EA033513
:10E6F0004FEA013100F088804FEA03334FF0805534
:10E7000045EA131343EA12634FEA022245EA111560
:10E7100045EA10654FEA00260EF000419D4208BF11
:10E72000964244F1FD0404F5407402D25B084FEABE
:10E730003202B61A65EB03055B084FEA32024FF46A
:10E7400080104FF4002CB6EB020E75EB030E22BFC7
:10E75000B61A754640EA0C005B084FEA3202B6EB87
:10E76000020E75EB030E22BFB61A754640EA5C0036
:10E770005B084FEA3202B6EB020E75EB030E22BFC6
:10E78000B61A754640EA9C005B084FEA3202B6EBC7
:10E79000020E75EB030E22BFB61A754640EADC0086
:10E7A00055EA060E18D04FEA051545EA16754FEAE8
:10E7B00006164FEAC30343EA52734FEAC2025FEA06
:10E7C0001C1CC0D111F4801F0BD141EA00014FF095
:10E7D00000004FF0004CB6E711F4801F04BF014366
:10E7E0000020B4F1FD0C88BFBCF5E06F3FF6AFAE82
:10E7F000B5EB030C04BFB6EB020C5FEA500C50F112
:10E80000000041EB045170BD0EF0004E4EEA113194
:10E8100014EB5C04C2BFD4EB0C0541EA045170BD9B
:10E8200041F480114FF0000E013C90E645EA060EDF
:10E830008DE60CEA135594EA0C0F08BF95EA0C0F0D
:10E840003FF43BAF94EA0C0F0AD150EA01347FF455
:10E8500034AF95EA0C0F7FF425AF104619462CE72C
:10E8600095EA0C0F06D152EA03353FF4FDAE10468F
:10E87000194622E750EA410618BF52EA43067FF4E0
:10E88000C5AE50EA41047FF40DAF52EA43057FF470
:10E89000EBAE12E74FF0FF3C06E000BF4FF0010C7B
:10E8A00002E000BF4FF0010C4DF804CD4FEA410CDF
:10E8B0007FEA6C5C4FEA430C18BF7FEA6C5C1BD0AC
:10E8C00001B050EA410C0CBF52EA430C91EA030F2D
:10E8D00002BF90EA020F0020704710F1000F91EA8A
:10E8E000030F58BF994208BF90422CBFD8176FEA58
:10E8F000E37040F0010070474FEA410C7FEA6C5C26
:10E9000002D150EA013C07D14FEA430C7FEA6C5C2C
:10E91000D6D152EA033CD3D05DF8040B704700BF58
:10E920008446104662468C461946634600E000BFA6
:10E9300001B5FFF7B7FF002848BF10F1000F01BD78
:10E940004DF808EDFFF7F4FF0CBF012000205DF843
:10E9500008FB00BF4DF808EDFFF7EAFF34BF0120C8
:10E9600000205DF808FB00BF4DF808EDFFF7E0FF61
:10E9700094BF012000205DF808FB00BF4DF808EDB2
:10E98000FFF7CEFF94BF012000205DF808FB00BF19
:10E990004DF808EDFFF7C4FF34BF012000205DF8FB
:10E9A00008FB00BF4FEA410C7FEA6C5C02D150EAE1
:10E9B000013C0AD14FEA430C7FEA6C5C02D152EA77
:10E9C000033C02D14FF0000070474FF00100704748
:10E9D0004FEA410212F5001215D211D56FF4787387
:10E9E000B3EB625212D94FEAC12343F0004343EA2A
:10E9F000505311F0004F23FA02F018BF4042704705
:10EA00004FF00000704750EA013005D111F000408E
:10EA100008BF6FF0004070474FF00000704700BF24
:10EA2000024B58221A604FF0FF30704764110020EB
:10EA3000024B58221A604FF0FF30704764110020DB
:10EA4000FEE700BF0080004000300000030000002F
:10EA500000800040000C0000020000000080004028
:10EA6000000003000200000000800040000000C021
:10EA700002000000008000400300000002030000CC
:10EA8000008000400C0000000303000000800040F4
:10EA90000C00000000030000008000400030000077
:10EAA000020300000080004000C0000003030000DB
:10EAB0000080004000C00000000300000090004003
:10EAC000030000000203000000800040000000C0BE
:10EAD0000303000000800040000000C000030000AD
:10EAE00000040840C000000003030000193C0010AF
:10EAF000893B0010093B0010A13A00105741524ECB
:10EB0000494E473A2063735F64656C61795F66695B
:10EB10007273742076616C756520697320746F6FF1
:10EB200020686967680000005741524E494E473AD5
:10EB30002063735F64656C61795F6C6173742076C8
:10EB4000616C756520697320746F6F2068696768F0
:10EB50000000000011450010E9440010554200106B
:10EB6000B14100109D410010B13E001000000000B6
:10EB7000C14800102D480010114B0010D94500105D
:10EB80005D460010E1460010D14500101D500010F8
:10EB9000B94E0010B15000102D4D0010354D001031
:10EBA000254D00103D4D0010614D0010914D00109D
:10EBB000000000005D500010000000000000000098
:10EBC000B55D0010495F0010A55E0010995D001052
:10EBD000F55D0010515E001085640010FD640010AA
:10EBE00001660010C964001071650010BD65001059
:10EBF0000002030001000000010100000101004BC0
:10EC0000010100507C49637C000000004963000062
:10EC10000A0D3D3D3D3D3D3D3D3D3D3D20257320A3
:10EC20002825732920257320437572766520547238
:10EC300061636572203D3D3D3D3D3D3D3D3D3D0AAD
:10EC40000D0000004661696C656420746F20696E78
:10EC5000697469616C697A65202573202825732998
:10EC60000A0D00002573202825732920696E697418
:10EC700069616C697A656420737563636573736633
:10EC8000756C6C790A0D0000567265663A20257520
:10EC9000206D562C205363616C653A20252E346616
:10ECA000206D562F4C53420A0D000000257320544E
:10ECB000656D70657261747572653A20252E3266D5
:10ECC000C20C20287261773D2575290A0D000000CD
:10ECD0004661696C656420746F2077726974652081
:10ECE000746F20444143206368616E6E656C20251B
:10ECF000752028456D6974746572290A0D0000003D
:10ED0000456D697474657220647269766520284364
:10ED1000482575292073657420746F20257520633C
:10ED20006F756E74732028252E3266206D56290A61
:10ED30000D000000496E697469616C697A696E67DB
:10ED400020426173652F436F6C6C6563746F722032
:10ED50004441437320746F20257520636F756E7472
:10ED6000732028252E3266206D56290A0D000000DA
:10ED70004441432043483220726561646261636BA1
:10ED80003A207261773D25752C20766F6C7461672F
:10ED9000653D252E3466560A0D00000020204441B2
:10EDA000433D25752028252E33665629202D3E20EB
:10EDB0004144433D25752028252E33665629207C65
:10EDC00020646966663D252E3366560A0D000000F4
:10EDD0000A0D5374617274696E6720257320637520
:10EDE0007276652073776565702028737765657026
:10EDF000696E67204849474820746F204C4F572957
:10EE00002E2E2E0A0D0000000A0D537461727469D3
:10EE10006E672063757276652073776565702E2E38
:10EE20002E0A0D00426173652044726976653A20AE
:10EE300020252E3131662020566F6C74732C2020D3
:10EE4000252E313066202075410A0D00636F6C6CF1
:10EE500020766F6C746167653A2020252E3131660B
:10EE6000202020636F6C6C2063757272653A2020DD
:10EE7000252E3136660A0D000D0A0D0A203D3D3D56
:10EE80002025732028257329202D202573204375E4
:10EE9000727665205472616365722028496320761A
:10EEA0007320566329203D3D3D0D0A00592D6178A0
:10EEB00069733A20257320283020746F20252E3264
:10EEC00066206D41290D0A00582D617869733A203A
:10EED000566320283020746F20252E326620562954
:10EEE0000D0A0D0A00000000202020202020200014
:10EEF000252E32660000000020560D0A0D0A000083
:10EF00003D3D3D3D3D20257320437572766520547F
:10EF10007261636520436F6D706C657465203D3D63
:10EF20003D3D3D0A0D0A0D000A0D3D3D3D20435378
:10EF30005620444154412053544152543A202573A1
:10EF4000203D3D3D0A0D000056636525642C496354
:10EF5000256400002C000000252E34662C252E345C
:10EF6000660000004661696C656420746F20676507
:10EF700074207265666572656E636520766F6C7469
:10EF80006167650A0D0000004661696C6564207464
:10EF90006F20726561642074656D7065726174754F
:10EFA00072650A0D00000000444143206368616EF1
:10EFB0006E656C2030207772697474656E2073758D
:10EFC000636365737366756C6C790A0D00000000ED
:10EFD000444143206368616E6E656C203220777215
:10EFE000697474656E207375636365737366756C9D
:10EFF0006C790A0D000000004661696C656420743C
:10F000006F20777269746520746F204441432063D8
:10F0100068616E6E656C20320A0D00004661696C95
:10F02000656420746F20777269746520746F204462
:10F030004143206368616E6E656C20300A0D0000EC
:10F040000A0D4441432054657374205377656570FD
:10F050002028766572696679696E6720444143208D
:10F0600066756E6374696F6E616C697479293A0AAA
:10F070000D0000004661696C656420746F20726544
:10F08000616420414443206368616E6E656C203189
:10F090000A0D00004661696C656420746F2072651A
:10F0A000616420414443206368616E6E656C203268
:10F0B0000A0D00003D3D3D2043535620444154413C
:10F0C00020454E44203D3D3D0A0D0A0D0000000044
:10F0D00041443535393252005350490041443535A9
:10F0E0003932525F4E504E00030303030303030300
:10F0F00000000000414435353933520049324300A5
:10F10000414435353933525F504E50004C4D373500
:10F110002054656D70657261747572653A2025645E
:10F120002E2564C2B04320287261773D2575290AD7
:10F130000D0000004661696C656420746F20726583
:10F140006164204C4D37350A0D0000003D3D3D20E7
:10F150004C4D3735205445535420454E44203D3DB9
:10F160003D0A0D0A0D0000001B5B324A1B5B480084
:10F170003D3D3D3D3D3D3D3D3D3D3D3D3D3D3D3DBF
:10F180003D3D3D3D3D3D3D3D3D3D3D3D3D3D3D3DAF
:10F190003D3D3D3D3D3D3D3D0A0D00002020447577
:10F1A000616C2044657669636520424A542043754A
:10F1B000727665205472616365722044656D6F0AD2
:10F1C0000D0000000A0D4144353539325220637577
:10F1D00072766520747261636572206661696C6520
:10F1E00064210A0D000000000A0D41443535393311
:10F1F0005220637572766520747261636572206651
:10F2000061696C6564210A0D000000000A0D4C4D17
:10F210003735206661696C6564210A0D00000000C5
:10F220000201030200000000F00000200A000000BC
:10F23000494E4600696E66004E414E006E616E009A
:10F24000303132333435363738396162636465665C
:10F25000000000003031323334353637383941421E
:10F260004344454600000000286E756C6C29000080
:10F2700030000000202020202020202020202020DE
:10F2800020202020303030303030303030303030BE
:10F29000303030300020202020202020202028283E
:10F2A0002828282020202020202020202020202046
:10F2B0002020202020881010101010101010101086
:10F2C00010101010100404040404040404040410B6
:10F2D0001010101010104141414141410101010144
:10F2E000010101010101010101010101010101010E
:10F2F000101010101010424242424242020202021A
:10F3000002020202020202020202020202020202DD
:10F31000101010102000000000000000000000008D
:10F3200000000000000000000000000000000000DD
:10F3300000000000000000000000000000000000CD
:10F3400000000000000000000000000000000000BD
:10F3500000000000000000000000000000000000AD
:10F36000000000000000000000000000000000009D
:10F37000000000000000000000000000000000008D
:10F38000000000000000000000000000000000007D
:10F3900000000000000000004E614E00496E6669EA
:10F3A0006E6974790000000042616C6C6F632073B9
:10F3B0007563636565646564000000002F6D6E749D
:10F3C0002F776F726B73706163652F776F726B73DA
:10F3D000706163652F4743432D31302D706970652F
:10F3E0006C696E652F6A656E6B696E732D4743435A
:10F3F0002D31302D706970656C696E652D33333831
:10F400005F32303231313031385F3136333435317B
:10F41000363230332F7372632F6E65776C69622FCB
:10F420006E65776C69622F6C6962632F7374646CAC
:10F4300069622F64746F612E630000002F6D6E741B
:10F440002F776F726B73706163652F776F726B7359
:10F45000706163652F4743432D31302D70697065AE
:10F460006C696E652F6A656E6B696E732D474343D9
:10F470002D31302D706970656C696E652D333338B0
:10F480005F32303231313031385F313633343531FB
:10F49000363230332F7372632F6E65776C69622F4B
:10F4A0006E65776C69622F6C6962632F7374646C2C
:10F4B00069622F6D707265632E63000000000000AA
:10F4C0000080E03779C34143176E05B5B5B8934660
:10F4D000F5F93FE9034F384D321D30F94877825A2C
:10F4E0003CBF737FDD4F1575000000000000F03F4A
:10F4F000000000000000244000000000000059400F
:10F500000000000000408F40000000000088C34061
:10F5100000000000006AF8400000000080842E41D6
:10F5200000000000D01263410000000084D7974122
:10F530000000000065CDCD41000000205FA0024228
:10F54000000000E876483742000000A2941A6D429D
:10F55000000040E59C30A2420000901EC4BCD64290
:10F5600000003426F56B0C430080E03779C341433B
:10F5700000A0D8855734764300C84E676DC1AB43B1
:10F58000003D9160E458E143408CB5781DAF1544CF
:10F5900050EFE2D6E41A4B4492D54D06CFF08044AA
:10F5A000F64AE1C7022DB544B49DD9794378EA44BF
:10F5B00005000000190000007D0000002C20667589
:10F5C0006E6374696F6E3A200000000061737365AA
:10F5D0007274696F6E2022257322206661696C65E2
:10F5E000643A2066696C6520222573222C206C69A0
:10F5F0006E65202564257325730A00004300000012
:10F60000504F5349580000002E00000020202020B9
:10F6100020202020202020202020202030303030AA
:10F62000303030303030303030303030F8B500BF2E
:10F63000F8BC08BC9E467047F8B500BFF8BC08BCD3
:08F640009E4670470000000027
:08F650003887FF7F0100000074
:10F6580008100000FFFFFFFF00E1F50500000000B3
:10F66800000000000100000000000000020000008F
:10F67800000000000300000000000000040000007B
:10F68800000000000000000000000000060000006C
:10F698000000000000000000000000000000000062
:10F6A8000000000009000000000000000000000049
:10F6B800000000000B000000000000000000000037
:10F6C80040420F000002000054EB00100000000050
:10F6D80000000000D0000020000000000200000030
:10F6E800A086010010000000ECEA0010E4000020F1
:10F6F80002000000A086010048000000ECEA0010AB
:10F70800E8000020000000000E00000001000000DA
:10F7180000C201000300000070EB00101C11002063
:10F7280001000000000100000000000000000000CF
:10F73800000000000100000001000000F0000020AF
:10F7480000000000DC03002044040020AC0400207A
:10F7580000000000000000000000000000000000A1
:10F768000000000000000000000000000000000091
:10F778000000000000000000000000000000000081
:10F788000000000000000000000000000000000071
:10F798000000000000000000000000000000000061
:10F7A8000000000000000000000000000000000051
:10F7B8000000000000000000000000000000000041
:10F7C8000000000000000000000000000000000031
:10F7D8000000000000000000000000000000000021
:10F7E8000000000000000000010000000000000010
:10F7F8000E33CDAB34126DE6ECDE05000B000000D5
:10F8080000000000000000000000000000000000F0
:10F8180000000000000000000000000000000000E0
:10F8280000000000000000000000000000000000D0
:10F8380000000000000000000000000000000000C0
:10F8480000000000000000000000000000000000B0
:10F8580000000000000000000000000000000000A0
:10F868000000000000000000000000000000000090
:10F878000000000000000000000000000000000080
:10F888000000000000000000000000000000000070
:10F898000000000000000000000000000000000060
:10F8A8000000000000000000000000000000000050
:10F8B8000000000000000000000000000000000040
:10F8C8000000000000000000000000000000000030
:10F8D8000000000000000000000000000000000020
:10F8E8000000000000000000000000000000000010
:10F8F8000000000000000000000000000000000000
:10F9080000000000000000000000000000000000EF
:10F9180000000000000000000000000000000000DF
:10F9280000000000000000000000000000000000CF
:10F9380000000000000000000000000000000000BF
:10F9480000000000000000000000000000000000AF
:10F95800000000000000000000000000000000009F
:10F96800000000000000000000000000000000008F
:10F97800000000000000000000000000000000007F
:10F98800000000000000000000000000000000006F
:10F99800000000000000000000000000000000005F
:10F9A800000000000000000000000000000000004F
:10F9B800000000000000000000000000000000003F
:10F9C800000000000000000000000000000000002F
:10F9D800000000000000000000000000000000001F
:10F9E800000000000000000000000000000000000F
:10F9F80000000000000000000000000000000000FF
:10FA080000000000000000000000000000000000EE
:10FA180000000000000000000000000000000000DE
:10FA280000000000000000000000000000000000CE
:10FA380000000000000000000000000000000000BE
:10FA480000000000000000000000000000000000AE
:10FA5800000000000000000000000000000000009E
:10FA6800000000000000000000000000000000008E
:10FA7800000000000000000000000000000000007E
:10FA8800000000000000000000000000000000006E
:10FA9800000000000000000000000000000000005E
:10FAA800000000000000000000000000000000004E
:10FAB800000000000000000000000000000000003E
:10FAC800000000000000000000000000000000002E
:10FAD800000000000000000000000000000000001E
:10FAE800000000000000000000000000000000000E
:10FAF80000000000000000000000000000000000FE
:10FB080000000000000000000000000000000000ED
:10FB180000000000000000000000000000000000DD
:10FB280000000000000000000000000000000000CD
:10FB380000000000000000000000000000000000BD
:10FB480000000000000000000000000000000000AD
:10FB5800000000000000000000000000000000009D
:10FB6800000000000000000000000000000000008D
:10FB78001805002018050020200500202005002079
:10FB88002805002028050020300500203005002029
:10FB980038050020380500204005002040050020D9
:10FBA8004805002048050020500500205005002089
:10FBB8005805002058050020600500206005002039
:10FBC80068050020680500207005002070050020E9
:10FBD8007805002078050020800500208005002099
:10FBE8008805002088050020900500209005002049
:10FBF8009805002098050020A0050020A0050020F9
:10FC0800A8050020A8050020B0050020B0050020A8
:10FC1800B8050020B8050020C0050020C005002058
:10FC2800C8050020C8050020D0050020D005002008
:10FC3800D8050020D8050020E0050020E0050020B8
:10FC4800E8050020E8050020F0050020F005002068
:10FC5800F8050020F8050020000600200006002016
:10FC680008060020080600201006002010060020C4
:10FC78001806002018060020200600202006002074
:10FC88002806002028060020300600203006002024
:10FC980038060020380600204006002040060020D4
:10FCA8004806002048060020500600205006002084
:10FCB8005806002058060020600600206006002034
:10FCC80068060020680600207006002070060020E4
:10FCD8007806002078060020800600208006002094
:10FCE8008806002088060020900600209006002044
:10FCF8009806002098060020A0060020A0060020F4
:10FD0800A8060020A8060020B0060020B0060020A3
:10FD1800B8060020B8060020C0060020C006002053
:10FD2800C8060020C8060020D0060020D006002003
:10FD3800D8060020D8060020E0060020E0060020B3
:10FD4800E8060020E8060020F0060020F006002063
:10FD5800F8060020F8060020000700200007002011
:10FD680008070020080700201007002010070020BF
:10FD7800180700201807002020070020200700206F
:10FD8800280700202807002030070020300700201F
:10FD980038070020380700204007002040070020CF
:10FDA800480700204807002050070020500700207F
:10FDB800580700205807002060070020600700202F
:10FDC80068070020680700207007002070070020DF
:10FDD800780700207807002080070020800700208F
:10FDE800880700208807002090070020900700203F
:10FDF8009807002098070020A0070020A0070020EF
:10FE0800A8070020A8070020B0070020B00700209E
:10FE1800B8070020B8070020C0070020C00700204E
:10FE2800C8070020C8070020D0070020D0070020FE
:10FE3800D8070020D8070020E0070020E0070020AE
:10FE4800E8070020E8070020F0070020F00700205E
:10FE5800F8070020F807002000080020000800200C
:10FE680008080020080800201008002010080020BA
:10FE7800180800201808002020080020200800206A
:10FE8800280800202808002030080020300800201A
:10FE980038080020380800204008002040080020CA
:10FEA800480800204808002050080020500800207A
:10FEB800580800205808002060080020600800202A
:10FEC80068080020680800207008002070080020DA
:10FED800780800207808002080080020800800208A
:10FEE800880800208808002090080020900800203A
:10FEF8009808002098080020A0080020A0080020EA
:10FF0800A8080020A8080020B0080020B008002099
:10FF1800B8080020B8080020C0080020C008002049
:10FF2800C8080020C8080020D0080020D0080020F9
:10FF3800D8080020D8080020E0080020E0080020A9
:10FF4800E8080020E8080020F0080020F008002059
:10FF5800F8080020F8080020000900200009002007
:10FF680008090020080900201009002010090020B5
:10FF7800FFFFFFFF000002005411002043000000B3
:10FF88000000000000000000000000000000000069
:10FF98000000000000000000000000004300000016
:10FFA8000000000000000000000000000000000049
:10FFB80000000000000000000000000043000000F6
:10FFC8000000000000000000000000000000000029
:10FFD80000000000000000000000000043000000D6
:10FFE8000000000000000000000000000000000009
:08FFF800000000000000000001
:020000041001E9
:1000000000000000430000000000000000000000AD
:1000100000000000000000000000000000000000E0
:10002000000000004300000000000000000000008D
:1000300000000000000000000000000000000000C0
:10004000000000004300000000000000000000006D
:1000500000000000000000000000000000000000A0
:1000600000000000BDE1001071D20010000000008F
:1000700094F2001008F60010F0F00010F0F00010FC
:10008000F0F00010F0F00010F0F00010F0F00010B0
:10009000F0F00010F0F00010F0F00010FFFFFFFF94
:1000A000FFFFFFFFFFFFFFFFFFFF000001004153C5
:1000B000434949000000000000000000000000006B
:1000C000000000000000000000000000000041539C
:1000D000434949000000000000000000000000004B
:1000E0000000000000000000000000000000000010
:0C00F00069A900101D020010F9010010A9
:04000005100037B9F7
:00000001FF
