:020000041000EA
:1000000000C001202D670010696700106B670010A9
:100010006D6700106F67001071670010000000002E
:1000200000000000000000000000000073670010E6
:10003000756700100000000077670010AD8A00109F
:100040007D6700107F67001081670010D583001066
:1000500085670010918300109D830010A983001014
:100060008D6700108F670010916700109367001074
:10007000956700101D6F0010C5820010F5820010FA
:100080009D6700109F670010A1670010A367001014
:10009000A5670010A7670010A9670010AB670010E4
:1000A000156C00101D6C0010256C0010B36700105B
:1000B000B5830010BD830010C5830010CD830010F0
:1000C000BD670010BF67001029830010C3670010D0
:1000D000296F0010C7670010C9670010CB670010B8
:1000E000CD670010CF670010D1670010D3670010F4
:1000F000D5670010D7670010D9670010DB670010C4
:10010000DD670010DF670010E1670010E367001093
:10011000E5670010E7670010E9670010EB67001063
:10012000ED670010EF670010F1670010F367001033
:10013000F5670010F7670010356F0010FB670010BF
:10014000FD670010FF6700100168001003680010D1
:100150000568001007680010096800100B6800109F
:100160000D6800100F68001011680010136800106F
:100170001568001017680010196800101B6800103F
:100180001D6800101F68001021680010236800100F
:100190002568001027680010296800102B680010DF
:1001A0005D8300102F680010316800103368001064
:1001B0003568001037680010396800103B6800107F
:1001C0003D6800103F68001041680010436800104F
:1001D0004568001047680010496800104B6800101F
:1001E0004D6800104F6800105168001053680010EF
:1001F000556800105768001010B5054C237833B9C6
:10020000044B13B10448AFF300800123237010BDE9
:10021000400D0020000000001C77011008B5034BC2
:100220001BB103490348AFF3008008BD0000000084
:10023000440D00201C7701100BF096BC0BF022BC83
:100240000BF09ABC704700BF704700BF704700BFFB
:10025000704700BF60B170B50D46164604462022B7
:10026000002108300BF0DAFFC4E90065002070BD02
:100270006FF01500704700BFC8B170B50D4681B171
:10028000064628210120FFF7D9FF044660B13060FF
:10029000294605600120FFF7D1FF606050B10020C2
:1002A00070BD6FF0150070BD6FF00B0070BD6FF08A
:1002B000150070472046FFF7C3FF6FF00B0070BDBD
:1002C00050B110B50446406808B1FFF7B9FF2046A9
:1002D000FFF7B6FF002010BD4FF0FF30704700BFA2
:1002E000C0B1B9B1C268C3699A4209D808D183685C
:1002F00082699B1A0B6002689A4207D300207047FC
:1003000002688368134482699B1AF3E70A606FF4FA
:10031000FA6070476FF01500704700BF2DE9F04F8D
:1003200087B0CDE90121002800F08B809B46002991
:1003300000F08780002A00F08480002504460395A1
:10034000A8466FF4FA69019B0127A3EB080ABBF1E9
:10035000000F33D094F8203005A92046002BF6D1A9
:10036000FFF7BEFF484504D1D4E90223013BC4E9AD
:100370000623059B53451A4628BF5246BBB1002AA7
:10038000E5D0D4E90056A36984F82070ED1A9542AF
:1003900028BF154610F1100F65621E44D7D010F12A
:1003A0000B0FD4D0039B484508BF5B460393002D39
:1003B0003DD14FF0FF3007B0BDE8F08F237C002B1C
:1003C000FCD1D4E90056A1686D1A554528BF5546A1
:1003D000012265610E442274002DEAD0029B2A4658
:1003E00003EB080130460BF07FFE04F108073A7A70
:1003F00082B13968FA6820680A44824206D3796873
:1004000001317960B2FBF0F100FB112200213A606A
:10041000F9603972019BA844434594D8039B002B93
:100420000CBF00206FF4FA6007B0BDE8F08F029BAC
:100430002A46314603EB080004F118070BF054FE7E
:10044000D5E76FF01500EFE7C8B1C2B1BBB1844684
:10045000007CB8B930B5DCF80040DCF80850A4EBFB
:10046000050E714528BF7146CCF814101960DCE9FF
:1004700001310B44012113608CF8101030BD6FF076
:10048000150070476FF00F00704700BF00283AD08A
:10049000F0B5164683B082B31F4673B390F8203090
:1004A00004463BBB0D4601A9FFF71AFF6FF4FA6340
:1004B000984204D1E368013BE361A368A361019919
:1004C000A9B1A94228BF2946D1B1A3692268A2EBEC
:1004D000030C614528BF614661623960A2696368A7
:1004E00013440122336084F8202003B0F0BD084695
:1004F00003B0F0BD6FF00F00F7E76FF01500F4E701
:100500006FF00A00F1E76FF015007047B8B1037C97
:1005100093B18368416902680B44934206D3B3FBED
:10052000F2FCC1680131C16002FB1C330022836010
:1005300042610274104670474FF0FF3070476FF011
:1005400015007047C8B190F820309BB18369416AAB
:1005500002680B44934206D3B3FBF2FCC16901313C
:10056000C16102FB1C3300228361426280F82020BB
:10057000104670474FF0FF3070476FF0150070471E
:100580000023FFF7CBBE00BF0123FFF7C7BE00BFAC
:1005900088B138B5082105460120FFF74FFE044613
:1005A00060B14FF480710120FFF748FE206040B138
:1005B0002C60002038BD6FF0150070476FF00B0005
:1005C00038BD2046FFF73CFE6FF00B0038BD00BF82
:1005D00002790346407990420AD010B41C68A25CAC
:1005E0000A701A7901321A7100205DF8044B7047C5
:1005F0004FF0FF30704700BF42790346007902F1A7
:10060000010C844509D010B41C68A1545A790132F8
:100610005A7100205DF8044B70474FF0FF3070476F
:1006200018B1006808B1FFF70BBE7047401A801080
:10063000704700BF20B143691B68002019607047F4
:100640004FF0FF30704700BF20B143695B68002066
:10065000196070474FF0FF30704700BF48B141B19B
:1006600000230B60426912681AB112680A601846CA
:1006700070474FF0FF30704748B141B100230B6025
:10068000426952681AB112680A60184670474FF002
:10069000FF307047F0B1E9B138B500230B60436912
:1006A0009A68A2B15868D0E9014504B1A56005B1C6
:1006B0006C601D685C6045B13CB10468013A9A60A9
:1006C0000C60FFF7BDFD002038BD1C60F5E74FF062
:1006D000FF3038BD4FF0FF30704700BF20B319B373
:1006E00038B500230B6043699C68D4B11868D0E921
:1006F000015205B1AA608AB1904255605D6809D087
:100700001A6065B10268013C9C600A60FFF798FDC1
:10071000002038BD002DF5D11D60F3E71A605A6046
:10072000F0E74FF0FF3038BD4FF0FF30704700BFAB
:10073000D8B170B544690D4601200C216668FFF7F9
:100740007DFD78B1056006B1B06023680022C0E984
:100750000162606023B1A36801330020A36070BD13
:100760002060F8E74FF0FF3070BD4FF0FF3070476A
:1007700000283AD0F8B50F46064618210120154644
:10078000FFF75CFD044600282CD01C210120FFF758
:1007900055FD20B3164B3460002D08BF1D46012FB8
:1007A0006061C56019D0032F0CD1124A124B134956
:1007B000C4E90023124A134B2361C4E902124061C9
:1007C0000020F8BD104A114B0D49C4E900230B4A23
:1007D0000F4B2361C4E90212F1E70B4AE6E720461A
:1007E000FFF72EFD4FF0FF30F8BD4FF0FF307047A0
:1007F0002D060010390B0010DD0600105D060010FC
:10080000790600103506001031070010950600101B
:100810004906001060B338B543691A69054622BB22
:100820009A689AB11868D0E9014104B1A160A9B1F0
:1008300088424C605C6814D0196084B1013A9A60B7
:10084000FFF7FEFC6B699A68002AEBD11846FFF7A8
:10085000F7FC2846FFF7F4FC002038BD196059600A
:10086000ECE7002CEAD11C60E8E74FF0FF3038BD20
:100870004FF0FF30704700BF28B121B143699B683A
:100880000B60002070474FF0FF30704750B370B5D9
:1008900044690D4601200C212668FFF7CFFCF0B11A
:1008A0000023C0E90136056006B17060D4E9002379
:1008B00090420CD0206023B1A36801330020A360D4
:1008C00070BDA368606001330020A360F8E7002BCF
:1008D000F2D12360A36801330020A360F0E74FF05A
:1008E000FF3070BD4FF0FF30704700BF48B341B3D9
:1008F00000230B6010B44469D4B1A368934217D9A4
:100900002368A361002A18DB0AD04FF0010C7BB1E9
:10091000D3E90103BCF1010F18BF0346013AF6D138
:1009200033B11A68A36100205DF8044B0A60704778
:100930004FF0FF305DF8044B704752424FF0FF3CE0
:10094000E5E74FF0FF307047E8B1F8B50F46B9B1B1
:1009500000230B6045699DB16B691C6816462A68C7
:10096000AA611CB90CE0A46854B16B69DB6820680B
:10097000314698470028F6D12368AC613B60F8BD4A
:100980004FF0FF30F8BD4FF0FF307047D1B170B578
:1009900005460C46012008211646FFF74FFC03468A
:1009A00068B161690160086901300861D1E900023C
:1009B000002E08BF1046586000202B6070BD4FF01D
:1009C000FF3070BD4FF0FF30704700BF40B102688C
:1009D00008B51369013B1361FFF732FC002008BD25
:1009E0004FF0FF30704700BF002839D038B543685A
:1009F0000446002B31D000292FD0D3E9010200B1E9
:100A0000826002B1506022681068834214D0556839
:100A1000AB421BD090681B68013890600B60D4E932
:100A20000020D0E901355268904208BF1D46FFF70B
:100A300007FC6560002038BD98685568834208D07F
:100A400010600DB10028E5D15060E3E75D685560A6
:100A500008B1002DDED11560DCE74FF0FF3038BD66
:100A60004FF0FF30704700BF18B32DE9F0410F463B
:100A7000D9B100230B6045696B691C6816462A686A
:100A8000AA6105F114081CB90FE0A4686CB16B6988
:100A9000DB682068314698470028F6D1AC613946BA
:100AA0004046BDE8F041FFF79FBF4FF0FF30BDE883
:100AB000F0814FF0FF30704700283AD0F0B587B092
:100AC000036805930E460446AAB147685B689F42D7
:100AD00027D00C210120BD68FFF7B0FBF0B1066004
:100AE000B860C0E90175BDB9226893680133002080
:100AF000936007B0F0BD45681B689D4215D00C217E
:100B000001206F68FFF79AFB40B1C0E9006785607C
:100B100017B1B860C0E901756860E5E74FF0FF30D4
:100B2000E7E76846FFF704FEE3E76846FFF7AEFE37
:100B3000DFE74FF0FF30704700B370B545692C68B0
:100B40000E4614B910E0A46874B12068EB68314611
:100B500098470028F7DDAC61314605F1140000220A
:100B6000BDE87040FFF7A8BF6B68AB61314605F187
:100B700014000122BDE87040FFF79EBF4FF0FF3028
:100B8000704700BF58B110F001020AD1034602E0DD
:100B900013F0010F07D15B0802F10102F8D1202305
:100BA000994008407047914008407047014078B133
:100BB00010F0010302D006E0C20706D4400803F19A
:100BC0000103F9D1002108467047D9400846704713
:100BD0000146F8E70346020A000A05D00020D107C3
:100BE00048BF01305208FAD113F0FF0306D00022AB
:100BF000D90748BF01325B08FAD11044704700BFE3
:100C000010B582B0002201A904460CF0A3FA019BA2
:100C1000A34208BF6FF0150002B010BD008840BAB3
:100C200080B27047C1F10F01C9B2884000B20841DB
:100C3000704700BFD0E900305B6E1847D0E9003044
:100C40009B6E18472DE9F04F531C164691B0804615
:100C500014BF16460026A1B30F46D8F84890B9F144
:100C6000000F2AD0D8F84C30002B26DD002509F1E2
:100C70000403DFF854B0DFF854A001932C46311B75
:100C800059F835305A4621EAE17138190BF084FDE4
:100C9000019B0444311B53F835303819524621EA80
:100CA000E1710BF079FDD8F84C300135AB420444CA
:100CB000E5DC204611B0BDE8F08F002011B0BDE8A2
:100CC000F08F03AFC9E700BFC4610110E4610110F8
:100CD0002DE9F0430D46096883B029B380461646D6
:100CE00099462F46002404E055F8231005EB8307AE
:100CF000D1B130460BF038FE013424B204EB84034A
:100D00000028F1D1B9F1000F0BD1FC6864B179680A
:100D1000D8E902230091D8E90001A04703B0BDE85B
:100D2000F0833C69002CF2D16FF0010003B0BDE804
:100D3000F08300BF08F090B808F0AEB82DE9F04F8E
:100D40009BB01E46249C0790631C14BFA2464FF024
:100D5000000A084614BF2AEAEA715146002E00F044
:100D6000908213460090B24A30460BF015FD079A68
:100D700093680446002B00F07E829288002A00F0DF
:100D80007A8200220692069A02EBC20703EB8707DB
:100D900097F82130002B40F0348197F82230002B57
:100DA00000F0768197F82330002B00F037813B79F3
:100DB000A04A52F82320D7E902310DA8CDE900213D
:100DC0009D490BF02DFDAAEB04010DAB30199B4A98
:100DD00021EAE1710BF0E0FC3B68044443B1AAEB6B
:100DE00004013019964A21EAE1710BF0D5FC044464
:100DF00097F82000934A944BAAEB0401002808BFFF
:100E0000134621EAE171914A30190BF0C5FCBA6929
:100E10000444C2B1D07815797B690490907803902E
:100E20005078029012788A4801928A4AAAEB04010B
:100E3000002D08BF024600923019874A21EAE1716D
:100E40000BF0AAFC0444FA699046002A00F088805E
:100E50001368002B00F08480DFF82C92DFF82CB2AE
:100E6000142519E098F80830012B00F0B080022B0F
:100E700049D0002B00F08880AAEB04015A463019B3
:100E800021EAE1710BF088FCFA690334535902EB53
:100E900005081435002B63D098F808100329F5D005
:100EA000AAEB0401301921EAE1714A460BF074FC07
:100EB00097F823300444002BD4D198F80830012B44
:100EC00035D0022B1FD0002BD6D197F8223073B328
:100ED000D8F8003097F820200293BB6801933B7943
:100EE000544951F8233000935C495D4B002A18BFE8
:100EF0000B46AAEB040130195A4A21EAE1710BF0C2
:100F00004BFC0444B8E7D8F8003097F82020534948
:100F10000093534B002A18BF0B46AAEB040130196B
:100F2000514A21EAE1710BF037FC0444A4E7D8F8F8
:100F3000003097F8202001933B793E4951F8233047
:100F400000934649464B002A18BF0B46AAEB040102
:100F50003019464A21EAE1710BF01EFC04448BE78C
:100F6000AAEB0401424A21EAE17130190BF014FCAA
:100F70000799069A8B8801329342069204F10A047B
:100F800040F38E808B68FEE697F82230002B00F04D
:100F90007A813A792749D8F8003051F8222097F819
:100FA00020100493FB682D48CDE902232C4B002927
:100FB00018BF0346B968CDE90021AAEB0401301936
:100FC0002C4A21EAE1710BF0E7FB044454E73A793B
:100FD0001849D8F8003051F8222097F820100092D4
:100FE000CDE901231D4A1E4B002918BF1346AAEB69
:100FF00004013019204A21EAE1710BF0CDFB0444D1
:101000003AE7FA681D4B0B4953F822303A790DA89C
:1010100051F822201A490BF003FCD4E63B79054A2B
:10102000184952F82320BB680DA80BF0F9FBCAE65B
:10103000146201103C690110386201104C62011009
:1010400060620110FC610110F46101106C6201101A
:1010500008620110046201107C6201100C62011030
:101060001062011024630110C862011010630110A6
:101070003C630110F4620110DC620110846901100C
:101080003062011044620110B0620110AC620110C4
:101090003B798A4A0DA852F823100BF0CFFD92E657
:1010A000079BDB68A3B11B6893B1854FDDF81C80FB
:1010B0001425AAEB040130193A4621EAE1710BF03C
:1010C0006BFBD8F80C305B5904441435002BF0D17D
:1010D00007998B68002B69D08A88002A66D0002087
:1010E00009948046CDF828A08B460B9608EBC809DA
:1010F00003EB89034FEA8901DF69089306913B46B8
:10110000002F49D0D7F800A0BAF1000F44D0142521
:10111000D14606E057F805907B191435B9F1000F58
:1011200038D01B7A032BF5D1B8F1000F1CD0DBF8B7
:101130000840069BE618E3699BB1186888B19A4697
:1011400002E05AF8140F60B19AF80830032BF8D176
:1011500049460BF009FC0028DCD05AF8140F00288F
:10116000F2D12434A642E6D1DDE909410B98544A74
:10117000091B4B4621EAE17120440BF00DFB2318BB
:101180000993089BDF6957F805907B191435B9F16D
:10119000000FC6D1BBF8042008F10108424502DD6A
:1011A000DBF80830A2E7DDE9094A0B9E079A1369CC
:1011B0009BB11B688BB1434F14259046AAEB0401E9
:1011C00030193A4621EAE1710BF0E6FAD8F810300E
:1011D0005B5904441435002BF0D1079A136B002B94
:1011E00045D0AAEB04013019374A21EAE1712C34C9
:1011F0000BF0D2FA079B9B69002B49D0079D6B69C6
:10120000AAEB0401002B50D0304A301921EAE171D9
:101210000BF0C2FA6B691B682A4612348BB1284F57
:1012200014259046AAEB040130193A4621EAE171EF
:101230000BF0B2FAD8F814305B5904441435002B83
:10124000F0D1AAEB04013019214A21EAE1710BF037
:10125000A3FA0934AAEB04011E4A21EAE17130190C
:101260000BF09AFA04F109001BB0BDE8F08F536B44
:10127000002BB6D1BEE7079BDB68002B7FF413AFD2
:1012800094E70DAE6DE56FF015001BB0BDE8F08F73
:10129000079BDB69002BB1D1079B9B6A002BADD16B
:1012A000079BDB6A002BA9D1D4E730190A4A21EA4F
:1012B000E1710BF071FA1434CCE700BF3C69011006
:1012C000486301106063011080630110B063011076
:1012D000C4630110E8630110D06301102DE9F04FE1
:1012E00083B09DF830400194002A35D08B46002908
:1012F00032D080469A469146002606EBC60309EB9B
:101300008303DD6925B3296811B32F4600243B7A96
:10131000032B504612D10BF027FB78B9019B03BB7E
:10132000FC68CCB17B68D8F808200C93019BD8E905
:101330000001A44603B0BDE8F04F6047013424B279
:1013400004EB840305EB830755F823100029DED155
:10135000013636B25E45D0DB6FF0010003B0BDE868
:10136000F08F3C69002CF7D07B68D8F808200C93EC
:101370000346DCE72DE9F04F0768D7F854A03C6D31
:1013800099B00E4690469946BAF1000F00F0E08001
:10139000002504E0AA4504F1B00400F0D9802046FD
:1013A000314601350BF0E0FA0028F3D198F80050EF
:1013B00015BB8649D8F804000BF0D6FAE0B9636D86
:1013C0005B6B002B00F08580814908AB05AA48467D
:1013D0000BF046FA022840F08A80636D089A5B6B36
:1013E0000599606C98470346229830EA230028BF8D
:1013F000184619B0BDE8F08FD8F808A09AF8006038
:1014000076B90B96636C229ACDF824900A920893D1
:10141000042D00F2D980DFE805F064614B4B6700D2
:10142000676DA5F10206B6FA86F6BB8876090296C4
:10143000002B4ED0DFF8B0B10394002522E091F8E4
:101440002230002B67D091F82330002B5AD00B7933
:101450005BF82320D1E9023108A8CDE900215D49DC
:101460000BF0DEF908A950460BF07EFA01352DB2DB
:1014700028B9BB68234493F82020B24252D0BB88DD
:101480009D4226DAB96805EBC50401EB8401A4008E
:1014900091F82130002BD2D0CB680A794E495BF805
:1014A000222051F823304D4908A80BF0B9F9D9E7AB
:1014B000F169D8F804201378002B00F08280012312
:1014C00008A8FFF705FC831C05D198F80030042B11
:1014D0006CD06FF0010019B0BDE8F08F636D5969F1
:1014E000E7E7636D1969E4E7636DD968E1E73C49B3
:1014F00005AA48460BF0B4F9012862D1059B229851
:101500002365E8E70A798B685BF82220354908A84B
:101510000BF086F9A6E70B7908A85BF823100BF00F
:101520008DFB9FE71E46DDE902348DF81630B36867
:10153000ADF8143033798DF8173096F823308DF8E4
:1015400018303369079305AB98F800500B9359E7AF
:10155000D7E916453DB3002703E0BD4204F150042E
:1015600021D02046314601370BF0FEF90028F4D196
:1015700098F80030626C0892042B229A08BFA36C82
:101580000A92D8F804200B90CDF8249008BF59682F
:10159000137818BF0146A3B1012308A8FFF798FBF1
:1015A00019B0BDE8F08F6FF0120094E7616DD8F8C4
:1015B00004308A688988012408A80094FFF78EFE09
:1015C00089E76FF0150086E7002172E7F4630110E8
:1015D0000864011038620110846901103062011042
:1015E00014640110446201103C69011003682DE984
:1015F000F041D3E91447A7B10E469046002501E01B
:10160000AF420ED0204631460BF0AEF90135B03472
:101610000028F5D1B8F1010F18BF6FF01500BDE833
:10162000F0816FF01200BDE8F08100BF2DE9F043BA
:101630000068D0E9144783B067B30E4691469846D8
:10164000002503E0AF4204F1B00423D02046314628
:1016500001350BF089F90028F4D194F8A830CBB10A
:1016600004F1780501A92846FEF73AFE00280EDBB2
:10167000019AE06D801A804528BF8046494642465F
:101680002846FEF77DFF10EA200038BF404603B031
:10169000BDE8F0836FF0150003B0BDE8F08300BF34
:1016A0002DE9F0430068D0E9144983B0B9F1000F87
:1016B0002AD00E4690461F46002503E0A94504F1B6
:1016C000B00421D02046314601350BF04DF90028F9
:1016D000F4D194F8A830BBB1783401A92046FEF7C4
:1016E000FFFD00280DDB0198874228BF074687B120
:1016F0003A4641462046FEF747FF10EA200038BF31
:10170000384603B0BDE8F0836FF0150003B0BDE8C4
:10171000F0836FF00A00F4E72DE9F04FD0F800A055
:10172000DAF85CB081B0BBF1000F32D0DAF8587053
:1017300089461646984600253C46204649460BF009
:1017400013F90135503420B3AB45F6D1DAE914452D
:1017500025B34FF0000A03E0554504F1B0041DD055
:10176000204649460AF1010A0BF0FEF80028F3D1A1
:10177000D4F8AC305A1C16D003EB830307EB0313E9
:101780000A4A1B6C4146304601B0BDE8F04F0BF0F1
:1017900003B86FF0010001B0BDE8F08F6FF01200E8
:1017A00001B0BDE8F08F3070F5E700BF186401109C
:1017B0002DE9F84F0568EF6DCFB3AE6D8A469046C0
:1017C00099464FF0000B3446204651460BF0CCF8BA
:1017D0000BF1010B503450B35F45F5D1D5E91454EA
:1017E0004CB34FF0000B03E05C4505F1B00522D08F
:1017F000284651460BF1010B0BF0B6F80028F3D147
:1018000098F800302BB94FF0FF33C5F8AC30BDE885
:10181000F88F0446304641460BF0A6F8503670B1BA
:101820000134A742F6D16FF01500BDE8F88F6FF0D4
:101830000100BDE8F88F6FF01200BDE8F88FC5F821
:10184000AC404846E3E700BF2DE9F047D0F80090F0
:10185000D9E9146ABAF1000F2ED080460F46002550
:1018600003E0AA4506F1B00626D0304639460BF013
:101870007BF8013504460028F3D196F8A83063B30D
:1018800096F8A930EBB9D6F8AC305A1C0BD0D9F881
:10189000582003EB830302EB03139A6CD26812B156
:1018A000586C9047A8B9736D5B6A0022B2652BB182
:1018B000706CBDE8F04718474FF0FF342046BDE894
:1018C000F087F06FFEF7BCFCD8F8009086F8A940CE
:1018D000D9E704462046BDE8F0876FF01504EDE730
:1018E0002DE9F04F99460368D3E9144881B09DF87B
:1018F00028A0B8F1000F00F0A38007468B461646DB
:10190000002504E0A84504F1B00400F099802046C9
:10191000594601350BF028F80028F3D194F8A83087
:10192000002B00F0AC80626D93884FF0FF35C3F15F
:101930002003DD4015EA090500F09E80D2F808C0BA
:1019400084F870A06067A56503462A464FF0010E33
:101950004FF0020805E0A9EB000352080CF1240C3B
:1019600015D0D107F9D5DCF818108978C9088E454B
:10197000B3FBF1F001FB103018FB013938BF8E4684
:101980000028E8D152080B440CF1240CE9D1B3FB38
:10199000FEF20EFB1232002A58D1D4F8A0102366B2
:1019A00003FB06F86666C4F85C80C9B1D4F8A400ED
:1019B000B0B1804566D8B0FBF8F308FB1303A0EB89
:1019C0000308424604F17800FEF744FC061E1CDAC8
:1019D00094F8A930002B45D1304601B0BDE8F08F16
:1019E00094F8A930002B34D101214046FEF726FCA3
:1019F0000146002846D0012384F8A930424604F16C
:101A00007800FEF727FC061EE2DB636D1B6A23B13C
:101A1000606C29469847061EDADBD4F8AC305A1CB5
:101A2000DAD03A68926D03EB830302EB03139A6CEE
:101A30009268002AD0D0586C01B0BDE8F04F104732
:101A40006FF01206304601B0BDE8F08F73449B1A68
:101A5000A3E7E06FFEF7F4FB0023D4F85C8084F882
:101A6000A930C1E7E06FFEF7EBFB0023304684F8B6
:101A7000A93001B0BDE8F08F6FF00106ACE76FF060
:101A80001506A9E76FF00B06A6E700BF2DE9F04F9A
:101A90000768D7F854A03C6D99B00E469046994619
:101AA000BAF1000F00F0CB80002504E0AA4504F154
:101AB000B00400F0C4802046314601350AF054FFDE
:101AC0000028F3D198F80050CDB97C49D8F804002B
:101AD0000AF04AFF98B9636D1B6B002B7BD008900E
:101AE000216D606C08AA9847002805DB089B744AA2
:101AF000229948460AF050FE19B0BDE8F08FD8F898
:101B000008A09AF8006076B90B96636C229ACDF81B
:101B100024900A920893042D00F2CD80DFE805F0AE
:101B200060634B4B6600676DA5F10206B6FA86F658
:101B3000BB8876090296002B4DD0DFF898B103944C
:101B4000002522E091F82230002B5BD091F8233061
:101B5000002B4ED00B795BF82320D1E9023108A885
:101B6000CDE9002157490AF05BFE08A950460AF06A
:101B7000FBFE01352DB228B9BB68234493F8202021
:101B8000B24246D0BB889D4225DAB96805EBC50450
:101B900001EB8401A40091F82130002BD2D0CB6856
:101BA0000A7949495BF8222051F82330474908A8AF
:101BB0000AF036FED9E7F169D8F804201378002B33
:101BC00076D0002308A8FFF783F8831C94D198F8F7
:101BD0000030042B61D06FF0010019B0BDE8F08F28
:101BE000636D1969E8E7636D5969E5E7636DD96865
:101BF000E2E70A798B685BF82220354908A80AF0E9
:101C00000FFEB2E70B7908A85BF823100BF016F86B
:101C1000ABE71E46DDE902348DF81630B368ADF847
:101C2000143033798DF8173096F823308DF818304A
:101C30003369079305AB98F800500B9365E7D7E934
:101C400016453DB3002703E0BD4204F1500421D006
:101C50002046314601370AF087FE0028F4D198F873
:101C60000030626C0892042B229A08BFA36C0A927F
:101C7000D8F804200B90CDF8249008BF5968137849
:101C800018BF0146A3B1002308A8FFF721F819B037
:101C9000BDE8F08F6FF012002EE7616DD8F80430C8
:101CA0008A688988002408A80094FFF717FB23E7B7
:101CB0006FF0150020E700217EE700BFF4630110FC
:101CC000146401103862011084690110306201103F
:101CD000446201103C69011090B100B5037C0A46D2
:101CE00083B0416840692BB101ABFEF7CFFB03B075
:101CF0005DF804FB01ABFEF7A7FB03B05DF804FB46
:101D00006FF01500704700BF2DE9F041D0E914478E
:101D100082B0002F3CD00E469046002503E0AF4233
:101D200004F1B00434D02046314601350AF01CFEDF
:101D30000028F4D194F8A83053B3636D84F8688018
:101D40009A6A1AB1D4F8AC1001312AD0B8F1000F58
:101D500023D19B69F3B1D4F8AC3001331AD101A976
:101D600004F15800FFF7B8FF002813DB636D626EC3
:101D7000B8F1000F1BD0DB690199606C984700280F
:101D800008DB94F86830E06EB3B1FEF7DBFB01E0EE
:101D90006FF0150002B0BDE8F081DB69002BDAD1ED
:101DA000F8E704F1480002B0BDE8F04110479B6934
:101DB0000199606C9847E2E7FEF7A8FBEAE700BFED
:101DC00000680022FFF7A0BF00680122FFF79CBF58
:101DD0002DE9F041D0F854C082B00446BCF1000FA8
:101DE00024D04FF00008474645464646236D3B4405
:101DF0000135D3F8AC2002EB8201013207F1B007C4
:101E000010D0A26D02EB011203F1480092F84C20B1
:101E100042B15B6DDB6A2BB19847D4E915C34344EB
:101E200083F84C60654508F15008DFD3E06E01A9E6
:101E3000FEF756FA019B032B98BF6FF00A050ED9E7
:101E4000E06E04226946FEF79FFB051E07DB009942
:101E5000206800F005FD10F1800F054603D12846EB
:101E600002B0BDE8F0810422009BE06E01930DEB0F
:101E70000201FEF785FB284602B0BDE8F08100BFF5
:101E80002DE9F04F9BB0CDE90410002800F0DB8174
:101E90000C46002900F0D78170210120FEF7CEF911
:101EA0000546002800F0D281E368276A836423692D
:101EB000E669C364C765002F5BD18765049A93699F
:101EC00056696B65B02118461C460393FEF7B6F9B8
:101ED0002865002800F0BD81002C7AD04FF0000862
:101EE0000746B146B02303FB0877D9F80830AB4961
:101EF0007B65424638460AF093FCD9F814A0BAF143
:101F0000000F57D0D5E91646002E53D04FF0000BE6
:101F100003E00BF1010B5E454CD0204651460AF020
:101F200023FD50340028F4D1D9F80430C7F8ACB000
:101F3000C7E9113307F15803FB64D9F80830D9F821
:101F400000203A649A69002A37D0D9E90323C7E907
:101F5000282307F17803FB664FF0010387F8A830C8
:101F6000039B08F10108434509F1180931D02F6D91
:101F7000B8E750213846FEF761F9A865002800F05F
:101F80006B81DFF84482002400E0A86D04EB840339
:101F900000EB0310736843643168B36883642246BE
:101FA0000164013441460AF03BFCA74206F10C06ED
:101FB000EBD183E74FF0FF3BB6E7DA69002AC4D1E3
:101FC0009A6A002AC1D1DB6A002BBED187F8A830FB
:101FD000C6E7382200210CA80AF020F94FF0FF32A2
:101FE00000212846FEF72EFE6B6D00F2374693B1B6
:101FF00000244FF0B0084FF0FF372A6D08FB042291
:102000000023116C506D0097FEF798FE6B6D013444
:102010009C420644F1D3EB6DABB100244FF0FF3787
:10202000AA6D04EB840302EB03120CA8916C4968BF
:102030000F910023116C0097FEF780FEEB6D0134C9
:102040009C420644ECD301217018FEF7F7F828648F
:10205000002800F0048152496E6440F22E420AF0DA
:1020600043F8296CA6F22D4201F22D412846FEF7D5
:10207000E9FD6B6D00F22D44A3B100274FF0B008CD
:102080002A6D2B6C08FB0722A6EB040C2344116C71
:10209000506DCDF800C0FEF751FE6B6D01379F42C9
:1020A0000444EDD3EB6DABB10027AA6D07EB8703BA
:1020B00002EB03122B6C916C301B49680F91234487
:1020C000116C00900CA8FEF739FEEB6D01379F42B2
:1020D0000444EAD3334BD5F840A0DFF8F0B0324FD8
:1020E000DFF8ECE0DFF8EC80DFF8ECC0DFF8EC9034
:1020F00003CB0AEB04064AF8040018889B78B372F5
:102100002A4B71603081C5E90A3B294B2B63294B6F
:102110006B61294BEB61294BAB61294B2B62294B3E
:10212000C5F82490C5E903372B6CC5F838C0C5E95C
:10213000018E0E936B6C0F93049B2A1D1B788DF8F8
:1021400040300CA92846CDE90C2500F01DFB041EEB
:1021500014DB2C2105F16C00FEF78EF8041E0ADB5F
:10216000049B1B78002B59D0012B39D06FF015043C
:10217000E86EFEF7A5F8286800F03AFB286CFEF739
:102180005FF8A86DFEF75CF8286DFEF759F8284651
:10219000FEF756F820461BB0BDE8F08F286401100A
:1021A0003864011068680110491800107513001098
:1021B000B1170010A11600102D160010C11D00103F
:1021C000C91D0010E11800101C640110191700103F
:1021D000350C00103D0C0010ED1500108D1A00108C
:1021E000049B28689B681A686A665A68AA66D3E9DD
:1021F00002230021CDE9091207AA09A90B9300F0D7
:10220000F9FA041EB4DB079BE86E0893042208A9C0
:10221000FEF7B6F9059B00241D60BBE7049B11493E
:10222000114A5B682B66C5E91921104A28684FF4EA
:102230008051CDE909320B9107AA09A900F0DAFA19
:10224000041EE0DA94E76FF01504A3E76FF00B04C7
:10225000A0E76FF00B049AE76FF00B0494E76FF0C0
:102260000B048EE7390D0010350D00105C0D0020B9
:10227000A8B110B50446C06EFEF722F8206800F041
:10228000B7FA206DFDF7DCFFA06DFDF7D9FF206CDC
:10229000FDF7D6FF2046FDF7D3FF002010BD6FF0FD
:1022A000150070476FF01500704700BF6FF0150004
:1022B000704700BF6FF01500704700BF6FF015004A
:1022C000704700BF6FF01500704700BF6FF015003A
:1022D000704700BF2DE9F0410D4600F58058D1F858
:1022E0007C322A68D8F8F01A82B07E2BCDE9001231
:1022F00030D805F2F9160127F4180122D8F8BC3AB3
:1023000021466846984710F10B0F18D0002827D0B7
:1023100012DBD5F87C32ABB922780A2AECD00D2A30
:10232000EAD0C5F87C7223780A2B4FF00103E3D181
:102330002B44002083F8F9010023C5F87C3202B059
:10234000BDE8F0810133C5F87C3222780A2AEFD04B
:102350007E2BD1D900236FF00400C5F87C32EEE764
:102360006FF00A0002B0BDE8F08100BF6FF0150009
:10237000704700BFF0B500F58055144683B0D5F81E
:10238000F02A60680092A2680191161A1F4611D0C7
:102390002168FB074CBFD5F8B83AD5F8BC3A0144E0
:1023A000324668469847002811DB6368864203443A
:1023B00063600EDCBA0709D5D5F8B83A06490122A0
:1023C00068469847002802DB012802D1002003B0AC
:1023D000F0BD6FF00A00FAE7C06C01102DE9F04F74
:1023E000894683B0AE4992460AF05CFD98B1AD4D86
:1023F000AD49DFF8C482834605F13407092603E0BE
:1024000055F8046F58F8361058460AF0ADFA0446ED
:1024100038B1BD42F4D16FF01504204603B0BDE8D9
:10242000F08F9F4989F8006052460AF03BFD99F809
:102430000030032B0146F0D9042B11D10A2201A947
:102440000AF088FEC9F808000028E6D1019B1B7835
:10245000002B18BF6FF01504204603B0BDE8F08FC5
:102460003F2209F119000AF0B9FC8D4989F858405A
:10247000524620460AF016FD99F80060731F054683
:10248000082BC8D801A252F823F000BF6B2500101A
:102490001B240010D3240010D3240010BF240010EC
:1024A000BF2400101B24001011260010DB25001093
:1024B0004FF48072002109F1990009F0AFFE0A2261
:1024C00001A928460AF046FEC9F810000028A4D148
:1024D000BCE7042389F8D931002800F0D380734980
:1024E000DFF8D8B128460AF03FFA4FF00008074657
:1024F00068B108F10108B8F1040F00F095805BF8AD
:10250000041B28460AF030FA07460028F1D1644936
:1025100052460AF0C7FC5FFA88F889F8D981A8F119
:102520000208B8F1010F054600F2B78000283FF419
:1025300072AF01463F2209F159000AF04FFC584999
:1025400089F89870524638460AF0ACFC99F8003089
:102550000546082B74D0002D68D14FF480720021FD
:1025600009F1990009F05AFE57E700283FF453AFEC
:102570000A2201A90AF0EEFDC9F80C0020B9019B5E
:102580001B78002B7FF447AF4549524600200AF0E4
:1025900089FC00283FF43FAF01A910220AF0DAFDC0
:1025A000C9F8040020B9019B1B78002B7FF433AFDE
:1025B00000203B4989F8180052460AF073FC0028B5
:1025C0003FF42BAF3A490AF0CFF9044600287FF4D4
:1025D00022AF012389F818301FE700283FF41BAF12
:1025E00034490AF0C1F9044600287FF414AF2C499D
:1025F00052460AF057FC00283FF40DAF0A2201A909
:102600000AF0A8FDC9F8140000287FF406AF1DE702
:1026100000283BD001463F2209F299100AF0DEFB68
:10262000002389F8D831F8E6082E0CD0FF2229467D
:1026300009F199000AF0D2FB002389F89831ECE601
:10264000002D3FF4E8AE2B78303B092B7FF630AFFE
:10265000FF22294609F199000AF0C0FB0020104929
:1026600089F8980152460AF01DFC00283FF4D3AEC9
:102670000A2201A90AF06EFDC9F8100000287FF4B3
:10268000CCAEE3E6082E7FF468AFC4E601464022F4
:1026900009F2991009F0C2FDBFE699F8003058E739
:1026A00000000020E46A0110A4690110AC69011067
:1026B000B4690110BC690110746A0110686A0110E4
:1026C0004B68002B4ED00A68002A4BD0F0B58C68BE
:1026D000DFF8B0E0254D8F69D1F814C0C0E90023C0
:1026E000D1E90323002A08BF7246C260204A002BAA
:1026F00008BF134603618B6A002C08BF2C46002BD1
:1027000008BF13468460D1E90B62D1E908548362A3
:102710004B6BC969002908BF7146C1611549002F7B
:1027200008BF0F46002E08BF0E4613498761002DD3
:1027300008BF0D46002C08BF0C461049C662002A8F
:1027400008BF0A460E490562BCF1000F08BFF446F7
:10275000002B08BF0B46C0F814C0446202634363F9
:102760000020F0BD6FF01500704700BFA5220010DB
:10277000BD2200106D230010B5220010C5220010EC
:10278000CD220010AD220010F8B550B30C4641B375
:102790000E6836B307464FF4D851012009F072F99C
:1027A000054608B300F5D55031461830FFF788FFCD
:1027B000061E11DB05F58053A268C3F8F42AE2680F
:1027C0006168C3F8F82A227CC3F8F01A83F8FC2A5F
:1027D0003D6000263046F8BD284609F0CDF9304668
:1027E000F8BD6FF01506F5E76FF00B06F2E700BFD6
:1027F00009F0C2B980B32DE9F84317464AB38846B9
:102800000646034600241D7903F52B7335B10134C8
:102810000A2CF8D16FF00F00BDE8F8834FF42B724B
:1028200002FB04F906EB09032946184609F0F6FCF9
:1028300003462846D8E90051D8F808204FF0010C8B
:1028400083F804C046F80950C3E9A0123C60BDE813
:10285000F8836FF01500DFE76FF01500704700BFD9
:102860002DE9F04F2DED028B91B00391002800F07F
:102870003F830A2900F23C834FF42B7601FB06F6D6
:10288000841905462379002B00F0328306F2F913F0
:10289000C31808EE103A06F52973C31808EE903AEB
:1028A00006F5F673C318059306F52673C31800F5ED
:1028B0008057069306F2A113C31806F1210880443D
:1028C00006F5227106F1080B0793D7F8F02A94F861
:1028D000F8310491C246834400EB0109B0462168F7
:1028E00009920A91062B00F20681DFE813F0070037
:1028F0003D007E00D1002D000401A00021462846A5
:10290000FFF7E8FC031EC0F2428118EE902A18EE91
:10291000100A5946FFF762FD0028C0F21881237A99
:10292000082B19D1D4F88032C4F88832A369C4F8CE
:1029300090320023C4F88C32042384F8F831D7F89D
:10294000F03A216809930A9104234A462846FFF782
:1029500011FD031EC0F21B81012384F8F831D7F862
:10296000F02A216809920A91CDE90B2194F8E1112E
:102970008DF83410237A04F1A1010E9104F1610164
:102980000F910D2B00F2B780DFE813F07C01DF011F
:10299000EE01FC017C017C017C010E00AC01CF0149
:1029A000C8010E007C017C01072B00F08582D4E970
:1029B000A023D7F8E06A04F121010BA8B047012356
:1029C0000028C4F8E40184F8E831C0F28E82D4F81B
:1029D0008032C4F8F401C4F8EC31D7F8F02A236847
:1029E0000A930223099284F8F83194F8E831002B15
:1029F00040F0BA80D4F8EC3123B1D4E97C239A4278
:102A0000C0F0BC80237AA3F10902012A31D994F8DD
:102A1000A822002A00F09880052B00F0958006235C
:102A200084F8F831D7F8F03A099323680A93D7F875
:102A3000D43A514609A89847031EC0F2B2802146F5
:102A40002846FFF747FC00280CDB18EE902A18EE0A
:102A5000100A5946FFF7C2FC002803DB237A062B35
:102A600000F0978194F8F831052B6DD0D7F8F02A53
:102A700035E70023C9F80030C9F80430C9F8083038
:102A8000032384F8F831D7F8F02A216809920A91D3
:102A9000237A092B00F0C880D4F89032CDE90D21BB
:102AA000002B00F08F80D4F88C229A42C0F09C80DA
:102AB000D7F8D06AD4F8882251460DA8B047031E33
:102AC00065DBD4F89032A669F61A0023A661C4F833
:102AD0009032002E40F0D380012384F8E831D7F8FB
:102AE000D43A514609A89847002880F258814646B2
:102AF000C4F8E40129E046466FF015034FF4EE7286
:102B000000215846059309F089FB039B06F5F276F0
:102B10004FF42B71A81901FB0351049B0022AA5109
:102B200042608260C2600261EA50059BC9F80420DD
:102B3000C9F80820C1F87C2281F8F821184611B0A4
:102B4000BDEC028BBDE8F08F46460023D6E701239B
:102B500084F8E8310223C4F8E40184F8F831D7F8A6
:102B6000F03A099323680A93D4F89062002E46D075
:102B7000D4F88C329E427FF63DAF4BE003232168B0
:102B8000059A2846FFF7F6FB031EBFF63BAF464605
:102B900013F10B0FB2D1184611B0BDEC028BBDE89A
:102BA000F08F039A4FF42B7404FB02545146C4F87F
:102BB000E431D7F8C43A09A898470023464684F878
:102BC000A832C2E7D4F88412C4F88C321A46A3693A
:102BD0008B4228BF0B469A42D4F88012C4F8903238
:102BE000C4F88812BFF464AF042321684A4628461B
:102BF000FFF7C0FB031ECADBD4F8903258E7D4F8C5
:102C0000E421BD4984EDA28A18EE100A09F008FEFD
:102C1000C4E9A360032321684A462846FFF7AAFBBC
:102C2000031EBFF6E7AEB2E797F8FC3A022B464622
:102C3000CDE90D21D04600F0D680D4F890A2BAF1AB
:102C4000000F38D0D4F88C2292457FF67EAF012356
:102C5000A9594A462846FFF78DFB031E98DB039AC5
:102C60004FF42B7303FB025300209A69D3F89012A0
:102C7000C3F89002521A9A61002A3FF466AF6FF0CF
:102C80000A035BE7052B00F02481062B04BF002319
:102C900084F8A832237A043B092B00F2D280DFE8C3
:102CA00013F00301F600EE00D000D000D000D000F9
:102CB000D000E100D800A069D4F88432D4F8802292
:102CC000C4F88822834228BF0346D7F8C87A414611
:102CD0000DA8B847031EFFF65BAFC4E9A3A3524695
:102CE0009A46B1E7D4F88022A3694FF00001D1548D
:102CF000A3690093D4F88032D7F8DC6A0DAA04F1F6
:102D000021010BA8B0470023C4F890320123C4F876
:102D1000E40184F8E831D7F8F02A60E6A369C4F842
:102D2000E431012384F8E83159E6012384F8E831DD
:102D3000D7F8CC3A04F121010BA8984700283FDAD4
:102D4000C4F8E401D7F8F02A49E6039A4FF42B734C
:102D500003FB02530022C3F8E421012283F8E82197
:102D600046466FF07F03C9E6D7F8F83AC4F8E43175
:102D7000012184F8E811D7F8F41AC4F8EC11C4F86A
:102D8000F4312CE65D4BC4F8EC310B23C4F8F4317C
:102D900025E60023C4F8903284F8A832DCE5059BD0
:102DA0001E605E609E600223237284F8F831A3697E
:102DB000C4F8E431D7F8F03A099323680A9314E68B
:102DC000069EA3694E4AC4F8E4310A21D4F894322D
:102DD000304609F0E1FC0823C4F8EC61C4F8F43192
:102DE000D7F8F02AFBE5D4F88022C4F88822D4F87A
:102DF0009032D4F88402D7F8C8CAA7691A44514659
:102E0000874294BFC3EB0703C3EB00030DA8E04761
:102E1000031EFFF6BDAED4F890221344A269C4F895
:102E200090329342FFF42BAF0123A9594A4628461A
:102E3000FFF7A0FA031EFFF6ABAE0023C4E9A333ED
:102E400083E66FF015000123C4F8E40184F8E8314B
:102E5000C5E5E269D7F8EC3A51460BA89847D7F890
:102E6000F02AF0E7079809F04BFF079AD7F8E46AD1
:102E7000034651460BA8B047D7F8F02AE3E7D7F846
:102E8000C43A51460BA89847D7F8F02ADBE794F8E4
:102E9000203000936269D7F8C06AE36851460BA8F6
:102EA000B047D7F8F02ACEE7D7F8E83A21690BA85F
:102EB0009847D7F8F02AC6E7D4F884320093D7F8B9
:102EC000D86AD4F880320DAA04F121010BA8B047CA
:102ED00075E594F82030E168C4F89412002B3FF4B3
:102EE000D9AE012384F8A832D4E6D7F8F02A76E5E3
:102EF0006FF0150322E600BFE0690110CC690110F4
:102F0000D86901102DE9F047ADF50E7D8A7C91F866
:102F1000119091F810A0DFF8A8C00D462349029146
:102F200002AB2349039153F8223001930646BCE8D3
:102F30000F000DF1100844460FC45CF8043B2360F9
:102F4000BCE80F0009AFBE46AEE80F00DCF8002079
:102F5000CEF8002057F8292058F82A300092EA6865
:102F600014490EA809F05CFC0EA90246044630681C
:102F700005F092FF002815DB0F4B104A4FF4FA5072
:102F800000FB04F4A3FB0430000DA2FB043400EBAF
:102F9000144005F09BFD306805F03EFF29463046A1
:102FA00005F012FF0DF50E7DBDE8F087546B0110A2
:102FB000586B01105C6B0110D55204E9C5B3A291A6
:102FC000C46C011030B5ADF5017D04460D46684670
:102FD0000B4909F025FC69460246206805F05CFFB4
:102FE000002809DB022005F071FD206805F014FFC0
:102FF0002946204605F0E8FE0DF5017D30BD00BFF5
:10300000A06C011084B02DE9F0438BB013AC84E8C0
:103010000E00074614210120FDF710F9002800F0EA
:10302000AB80DDE92123C0E903239DF86C309DF8D6
:1030300064108DF80C301E9B1A9A8DF804100693BC
:1030400005461F9B02924FF4E1394FF0030800261A
:1030500001A96846CDF81090ADF8148007938DF85B
:10306000166005F0B1FE041E55DB0DF16408414603
:103070006846FFF747FF041E67DB009B2B6016982E
:103080008DF8046018210293FDF7D8F80646002851
:103090006FD0DDF858E0BEF1000F24D00EEB4E0CDF
:1030A000159A00EBCC0C034608E0D1E90010C3E907
:1030B00003011833634502F1180214D01168196036
:1030C00051685960D2E9020154695C619860002935
:1030D000EBD111690029E8D1C3E903111833634525
:1030E00002F11802EAD1179B0893189B0993139BCE
:1030F000049301A9149BCDF81CE005F10800069685
:103100000593FEF7BDFE041E1FDB3046FDF798F861
:1031100000243D6027E09DF864308DF804301A9B50
:1031200002939DF86C308DF80C301E9B069301A91C
:103130001F9BADF814806846CDF810908DF816608E
:10314000079305F041FE0DF164083046FDF778F86D
:103150002846FDF775F8684622464146FFF732FFDC
:10316000009805F059FE20460BB0BDE8F04304B0CE
:1031700070476FF00B04E8E76FF00B04F3E700BF54
:1031800038B504466FF4FA65A068FEF721FE38B141
:1031900010F10B0F04D010F1800F01D0A84206D11E
:1031A000E368002BF0D0206998470028ECD038BDA8
:1031B00038B50546006818B105F02EFE044620B962
:1031C000A868FFF755F8044608B1204638BD2846E0
:1031D000FDF736F8204638BD2DE9F04F8BB01D467F
:1031E000834B9DF858809DF85B909DF85EA09DF8FC
:1031F0005FB00E469DF85C10039117469DF85D1078
:103200009DF85920029298429DF85A200491044654
:1032100000F0858003F5F023984208D0042DCCBF40
:103220006FF002006FF001000BB0BDE8F08F042DCD
:1032300000F3DA806F4B15991B688B42C0F0D48085
:103240009DF860308DF826306B4B07932B200023C0
:1032500005928DF8253002F05FFC302002F0B4FAC0
:10326000059A07AB002A4BD1B9F1000F37D1B8F15D
:10327000000F42D1CDF82080039A1AB1089A42F08B
:1032800040020892049A1AB1089A42F02002089269
:10329000BAF1000F03D0089A42F480720892BBF191
:1032A000000F03D0089A42F400720892029A1AB1F1
:1032B000089A42F010020892184602238DF8243032
:1032C00003F004F8159B0193149B00933A462B4698
:1032D0003146204600F0FCF80BB0BDE8F08F032229
:1032E0008DF8242018464FF480620593089202F06E
:1032F000EDFF059BB8F1000FBCD080220892BBE720
:103300004FF4006208921846032205938DF824209A
:1033100002F0DCFF059BB9F1000FA8D0DFE7042D18
:1033200062DC344B15991B68B1EB530F5CD89DF8E8
:1033300060308DF82630304B07930D200023059226
:103340008DF8253002F0E8FB062002F03DFA059AE0
:1033500007AB002A35D1B9F1000F26D1B8F1000F23
:103360003ED1CDF82080039A1AB1089A42F4800227
:103370000892049A1AB1089A42F400120892BAF11B
:10338000000F03D0089A42F080720892BBF1000F40
:1033900003D0089A42F000720892029A002A8BD059
:1033A000089A42F48012089286E703228DF82420BE
:1033B00018464FF000620593089202F087FF059BC4
:1033C000CCE74FF0806208921846032205938DF8EF
:1033D000242002F07BFF059BB9F1000FBED0E4E78B
:1033E0004FF400020892BEE76FF002001CE700BF36
:1033F000006004400C0000200080004010B504462E
:1034000000F0DEF8094B9C4207D0094B9C4209D1E1
:10341000302002F0B7F9002010BD062002F0B2F90A
:10342000002010BD6FF0010010BD00BF006004401F
:1034300000E00B40164B98420FD0164B984224D117
:103440004FF080439B68C3F34223072B1AD8DFE871
:1034500003F012191416080A0D100F4B1868800893
:1034600070470E4870474FF4611070474FF480402A
:1034700070470B4870470B4870470B4870474FF434
:103480007A6070476FF0060070476FF00200704777
:103490000060044000E00B400C00002080F0FA02C5
:1034A00060343C0280C3C9010024F40000F0DEB89F
:1034B00000F026B900F064B900F06CB900F08AB9E8
:1034C00000F0B6B900F0E8B900F0EAB900F01EBAB1
:1034D0002DE9F0419846364B069F98420446164621
:1034E0005FD0344DA8420CBF4FF0010C4FF0FF3CB1
:1034F000314B0CEB8C0C4FEACC0003EBCC0C0022D4
:103500001A50CCE90722CCF80820CCF8102001236F
:103510006FF00102CCF80C30CCE905226360274B38
:103520002361636801B343F0020363600799204697
:10353000FFF7BCFFFF2F37D8E36843EA0747E76090
:10354000236A2362B8F1010F1ED0B8F1020F0FD128
:10355000636843F4403363609EB1E36843F400530F
:103560000020E360BDE8F08123F002036360DDE743
:10357000B8F1030F0DD1636843F4E0236360002EBC
:10358000EBD13046BDE8F081636843F4803363607B
:10359000E2E7B8F1040FDFD1636843F4702363609E
:1035A000DAE74FF0000CA3E76FF00200DAE700BFA4
:1035B0000060044000E00B405C1D002001010100A0
:1035C0002DE9F843264B9842044646D0254EB0429A
:1035D0000CBF01264FF0FF3600236362236A23628B
:1035E0006368214D06EB860023F0010363604FEA18
:1035F000C008E36955F8089023F04013E361B70071
:1036000005EBC000B9F1000F09D002F0BBFA55F884
:1036100008305B6A1BB148466FF00E0198470023E3
:103620006360A360E3602361BC1905EBC4046069B7
:10363000984204DB00F0B0FF6FF0010363613E4489
:1036400005EBC605A869002804DB00F0A5FF6FF0B4
:103650000103AB610020BDE8F8830026BCE700BF92
:103660000060044000E00B405C1D002038B5234B97
:103670001B68B1EB530F3DD80D460446FFF7DAFE49
:10368000B0FBF5F3580813F00103014623D10F28CE
:1036900088BF02462CD9002352100F2A03F10103E0
:1036A0004FEA61011EDD082BF6D14FF400234FF4E1
:1036B00070620F20616921F0FF010143616161695E
:1036C00021F47F410A436261626922F4702213434C
:1036D0000020636138BD421C0F2ADCDCC0B212023C
:1036E0000023E7E7082BE0D0C8B212021B04E1E791
:1036F0000202DFE76FF0020038BD00BF0C000020BF
:103700000129034634D0102932DC1B4A90422AD0CA
:1037100002F5F02290420CBF01224FF0FF32186BED
:10372000C00722D4154802EB820200EBC202D06827
:1037300001281AD1586820F00100586010299160C2
:10374000DA680CD0090201F4706122F4706211434E
:10375000D9605A6842F0010200205A60704722F492
:103760007062DA60F5E70022D9E76FF00600704773
:103770006FF00200704700BF006004405C1D002035
:10378000C36813F4706F1ABFC068C0F30320102021
:10379000704700BFC36823F43043C360032907D8D0
:1037A000DFE801F0120E0802C36843F40053C3605F
:1037B00000207047C36843F48053C3600020704703
:1037C000C368C36000207047C36843F40043C3600C
:1037D0000020704703290BD8DFE801F00220160C07
:1037E000C36823F00103C360C36823F00203C3600E
:1037F00000207047C36843F00103C360C36843F00F
:103800000203C36000207047C36823F00103C36054
:10381000C36843F00203C36000207047C36843F0ED
:103820000103C360C36823F00203C3600020704734
:1038300081B3F8B514460AB90020F8BD06460D4616
:10384000FFF740FE07463046FFF734FEBC4228BF74
:103850003C460828844603D924F00104012CEBD906
:103860000023ACB1032C0CD93168E950043C04337B
:10387000012CF6D1BCF1080F0AD83278EA54581C52
:10388000F8BD012CF9D03188E952023C0233EFE750
:103890001846F8BD00207047C069C0F30560704746
:1038A00089B3F8B514460AB90020F8BD0D4606469E
:1038B000FFF70CFE07463046FFF7FCFDBC4228BF71
:1038C0003C46082888BF24F001040146002CEBD0B8
:1038D000032C4FF0000007D92B583360043C043010
:1038E000002CE2D0032CF7D8012C06D02B5A3380C1
:1038F000023C0230002CF5D1D7E70829FDD82B5C1B
:1039000033700130F8BD0020704700BFC069C0F3BC
:103910000520C0F12000704700F0FEB808B5124B3A
:1039200098420DD0114B984212D0114B984217D1AA
:10393000382001F027FF342002F0EEF8002008BD07
:103940000D2001F01FFF102002F0E6F8002008BD56
:103950001C2001F017FF202002F0DEF8002008BD37
:103960006FF0010008BD00BF00D0014000E0014041
:1039700000F00140C0B370B504460D461646FFF78F
:10398000CDFF1B4B9C4212D01A4B9C421CD01A4BB1
:103990009C4226D1382001F017FF184802F096FC0F
:1039A000324629462046BDE8704000F04DB80D2053
:1039B00001F00AFF124802F089FC324629462046EF
:1039C000BDE8704000F040B81C2001F0FDFE0D483D
:1039D00002F07CFC324629462046BDE8704000F0EB
:1039E00033B86FF0010070BD4FF0FF30704700BF7B
:1039F00000D0014000E0014000F00140106D0110D6
:103A0000F86C0110046D011000F0A0B800F0F0B8DF
:103A100000F0FEB800F00EB900F01AB900F030B9AD
:103A200000F046B900F04CB900F052B900F054B9BA
:103A300000F0BEB900F092BA00F0A0BA014B1968CC
:103A400000F076BD04000020F8B5002858D00F46DD
:103A5000102115460446FFF7E9FF064608B1304637
:103A6000F8BD236843F0010323602046FFF7D8FF29
:103A70002046FFF7D7FF02212046FFF7DDFF062192
:103A80002046FFF7D7FFD7B123681F4A43F0020350
:103A9000944223602ED01D4B9C420ED01C48844281
:103AA0000CBF02244FF0FF341A4B04EB440403EB29
:103AB000C404012363603046F8BD0124F4E73A46AC
:103AC00029462046FFF728FF0F4B9C4214D003F5F0
:103AD00080539C4212D00E498C420CBF02214FF001
:103AE000FF310C4B01EB410403EBC404002666607C
:103AF0003046F8BD3446D7E73946F2E70121F0E712
:103B00004FF0FF36ABE700BF00D0014000E00140BE
:103B100000F00140D01D00200346A0B16AB9B1F504
:103B2000806F0DD27F29C26484BF4FF40042C2640B
:103B3000C26C11430020D96470476FF010007047C9
:103B40006FF0020070474FF0FF307047002841D0FF
:103B500010B4224AA1F574236FF4107423449342E5
:103B600014D31F4B994230D81E4B1B685B08B3FB24
:103B7000F1F149088B1EB3F5FF7F01F1FF3124D825
:103B800041635DF8044B8163FFF740BF154B164C52
:103B90001B685B08B3FBF1F14A00A4FB01C14908B3
:103BA000A4FB0242013952080F2902F1FF320CDC5A
:103BB0000F2A0ADC0902D2B289B21143C16302683A
:103BC0000A4942F400420260D1E76FF002005DF85A
:103BD000044B70474FF0FF30704700BF009F240038
:103BE00040E133000C000020ABAAAAAA801A06000C
:103BF0000649436B826B0868C2F30802C3F30803EB
:103C000013444008B0FBF3F0704700BF0C000020E5
:103C1000034658B1006B1A6B10F0010016BF42F05A
:103C2000020242F0010200201A6370474FF0FF3099
:103C3000704700BF48B1036B43F004030363036B99
:103C400013F00403FBD1184670474FF0FF30704764
:103C500098B191B17AB1002301F1FF3C06E0C16A4D
:103C60000133C9B29A420CF8031004D041688907A5
:103C7000F5D518467047104670474FF0FF30704733
:103C800098B191B17AB1002301F1FF3C06E0013314
:103C90009A421CF80310C9B2C16204D04168C90637
:103CA000F5D518467047104670474FF0FF30704703
:103CB000C36943F08003C361C3691B06FCD470472A
:103CC000436A43F080034362436A1B06FCD4704797
:103CD00081600261704700BF002865D0036843F02F
:103CE00001032DE9F04103600768036843F4806332
:103CF0000E46044607F480670360002943D0002580
:103D00002BE001F005FD236823F0800323600A20E7
:103D100001F0FEFC236813F400784FF00A002BD169
:103D200001F0F6FC236843F0800323600A2001F0D1
:103D3000EFFC23689A054FF00A001DD501F0E8FC5E
:103D4000236843F0400323600A2001F0E1FC23686C
:103D5000DB0525D40135AE4215D00A2001F0D8FC90
:103D6000236823F0400323600A2001F0D1FC23687C
:103D7000D9054FF00A00C4D52368013543F0C003CC
:103D8000AE422360E9D16FF008001FB9236823F425
:103D900080632360236823F001032360BDE8F08182
:103DA0004046002FF6D1F1E74FF0FF30704700BFDB
:103DB0002DE9F041D0E900437F2B00F2C980664B2A
:103DC0009C42054608D003F580539C4204D003F57D
:103DD00080539C4240F0B6802368980740F1B5803C
:103DE00007226FF07F412046FFF71EFE2046FFF7B7
:103DF00019FE2046FFF714FE6A690023E360636141
:103E000042BBEA686B685B00E362236B43F001032B
:103E100000262363202704E0A36813F4FE4F11D18A
:103E2000EA68964219D2A3689906F5D5A968921B4B
:103E300031442046FFF7F2FDA760A36813F4FE4F5C
:103E40000644EDD0EE602046FFF7E4FD6FF0080079
:103E5000BDE8F081EA68002AD4D100221121204671
:103E6000FFF7E2FD6B69002B4DD0B3F5807F88BF73
:103E7000002323622046FFF7CBFD266B16F00206D7
:103E8000FBD16B686A695B0043F00103E362002ABF
:103E900039D010274FF001081DE0A36813F4FE434A
:103EA00029D1A26812F0010F6A6912D0B24210D271
:103EB000911BB1F5807F8CBF236221626B68216BFF
:103EC0005B0043F0010341F002012163C4F8088064
:103ED000E362964217D2A36813F0110FDDD029696F
:103EE000921B31442046FFF797FDA760A36813F4A7
:103EF000FE430644D5D06E612046FFF78BFD6FF080
:103F00000800BDE8F081AB698BB1236B43F002037D
:103F10002363A368DB07FCD54123A360A36813F4E4
:103F2000FE4F0CBF00206FF00800BDE8F081236B4E
:103F300043F004032363A3685A06FCD5A368DB0798
:103F4000E7D5E9E76FF00200EFE76FF00600ECE776
:103F50006FF01000E9E700BF00D001408269D2B2E3
:103F60008A42034607D3C26922F4706242EA012101
:103F70000020D96170476FF0020070478269C2F378
:103F800007228A42034607D3426A22F4706242EA59
:103F900001210020596270476FF00200704700BF96
:103FA0002DE9F84F054640B1012800F09280022823
:103FB00000F01E8100239B68FFDEA54CDFF89CB259
:103FC000A368DBF8007013F4FE4F40F0FA80DFF8CE
:103FD0009092FA6859F82560DFF888A2B2425AF840
:103FE000258011460FD87B69434526D9A16811F079
:103FF000110F17D1B24200F0C68049F825604AF887
:104000002580BDE8F88FA368990600F19380E368E6
:1040100043F02003E3607B699845EED2A16811F07C
:10402000110FE7D03969A3EB080241442046FFF79E
:10403000F3FC1023F968A3608044B142DDD17B69B1
:10404000984540F0A0800023E3606361A368A3600B
:10405000BB6922692261002B40F0D580236B43F0BD
:1040600004032363A36813F4FE4F794B00F0D08060
:104070009C4200F0F98003F580539C4200F00781D8
:1040800003F580539C420CBF02234FF0FF335BF8D3
:104090002300C369002B00F0D3806FF0080198471C
:1040A0000023E3606361A268A260694A216921611B
:1040B00094420AD0674B9C4200F0C08003F58053C5
:1040C0009C420CBF02234FF0FF3300224BF8232009
:1040D00097E7604CDFF884B1A368DBF8047013F451
:1040E000FE4F3FF474AFA368A360226922610023EE
:1040F000E36020466361FFF78DFC5BF82500C36930
:104100001BB16FF0080198470023E3606361A36867
:10411000A360236923614F4B9C4200F08D804E4D7C
:10412000AC420CBF02254FF0FF3500234BF8253081
:10413000BDE8F88FB968921B31442046FFF76EFC4A
:10414000FA6806442023B242A3603FF660AFE368FA
:1041500023F02003E3607FF45EAF7B69002B3FF424
:104160006FAF226B42F0020222630122A260E2687A
:10417000434542F00102E2607FF662AFA26812F0AE
:10418000110F7FF44FAFA268D2077FF536AF01223F
:10419000A260B8F1000F04D17A68520042F0010227
:1041A000E262A3EB0802B2F5807F88BF00222262A0
:1041B0009845E36834BF43F0110323F01103E36033
:1041C0001BE7A368A360236923612046E56065615E
:1041D000FFF720FCDBF80000C36913B16FF00801A2
:1041E0009847E5606561A368A360236923619CE744
:1041F000194CDFF868B0A368DBF8087013F4FE4FC1
:104200003FF4E5AE6FE7236B43F00203236329E736
:104210009C4236D003F580539C423AD003F580533C
:104220009C420CBF02234FF0FF335BF82300C369AD
:1042300033B10021984733E7012576E7012344E7AE
:10424000E3606361A368A3602369236132E700BF71
:1042500000D0014000E0014000F00140B81D002006
:10426000C41D0020AC1D0020DBF80000C369002B3A
:104270007FF413AFE3606361A268A26022692261E8
:1042800023E7DBF80000C369002BD2D1F2E701235A
:10429000FDE60123C9E700BF2DE9F84398460E4625
:1042A0009F4B11688768D0F8009015460B4000229C
:1042B0000446C8F80020002B75D117F4FE4F40F0DB
:1042C000E580CA0640F12781FB0606D51EB1002213
:1042D00002212046B0471023A3602369D90706D5E1
:1042E0001EB1002206212046B04701232361296820
:1042F00048F220030B4200F0F180BB0606D51EB148
:10430000002203212046B0472023A3602369980799
:1043100006D51EB1002205212046B04702232361A5
:1043200039041FD50023C8F800301EB142460421CD
:104330002046B0477B4A00234FF400419442A160DD
:10434000C5E900330AD0784B9C4200F0E28003F5C7
:1043500080539C420CBF02234FF0FF33734A00216D
:1043600042F823107A061ED50023C8F800301EB18B
:10437000424604212046B0476A4A00234021944225
:10438000A160C5E900330AD0674B9C4200F0BF80B2
:1043900003F580539C420CBF02234FF0FF33634A66
:1043A000002142F823107B0211D51EB100221146D4
:1043B0002046B0474FF48003A3600823A3604FF466
:1043C0000043A36047F6117C0123C5E900C338020E
:1043D0000ED51EB1002201212046B0474FF4000344
:1043E000A3600823A3604FF620710223C5E90013E0
:1043F0003A0716D519F4006275D01EB100220121CA
:104400002046B0474FF480020823A2604FF40041D9
:10441000A3604FF620720223A160C5E90023BDE826
:10442000F88317F4FE4FFAD06FF00803C8F8003095
:104430001EB1424604212046B04707236FF07F4259
:10444000A2602361636A43F080036362636A1B06B0
:10445000FCD4E36943F08003E361E36913F0800374
:10446000FBD1304A9442C5E9003309D02E4B9C421F
:1044700049D003F580539C420CBF02234FF0FF3319
:104480002A4A002142F82310BDE8F8836FF00803A0
:10449000C8F8003016B142460421B04707226FF039
:1044A0007F412046FFF7C0FA2046FFF7BBFA2046BF
:1044B000FFF7B6FA1B4A00239442C5E9003309D03E
:1044C000194B9C4221D003F580539C420CBF022320
:1044D0004FF0FF33154A002142F823106B689A070A
:1044E0007FF540AF09E716B111462046B0470823D3
:1044F0004FF40001A16047F61172A3600123C5E9E2
:104500000023BDE8F8830123BAE70123E2E7012392
:1045100045E7012322E76B68D8073FF5D5AEE7E60C
:104520000800C00000D0014000E00140B81D00209C
:1045300030B5174B984285B0044624D003F580531C
:10454000984205D003F5805398421ED005B030BD87
:10455000012023689B0704D505B0BDE83040FFF774
:104560001FBDE5680B4B626953F82010CDE902527C
:1045700001AB02AA2046FFF78FFEDDE90223E260CD
:10458000636105B030BD0020E3E70220E1E700BF32
:1045900000D00140B81D0020032870B516D800EBEC
:1045A00080000D4E8400335983B10C48012101F085
:1045B000DBFA054668B933193051DB6807481D60DE
:1045C0005A685A6001F0DEFA284670BD6FF00205A5
:1045D000FAE76FF00505F7E71C1E0020181E002003
:1045E00000F026BE00F05CBE08B5174B984210D014
:1045F000164B984215D0164B98421AD0154B98423C
:104600001FD1442001F088FA442001F0BBF80020BB
:1046100008BD0B2001F080FA092001F0B3F800205A
:1046200008BD0C2001F078FA0A2001F0ABF8002058
:1046300008BD1C2001F070FA212001F0A3F8002031
:1046400008BD6FF0020008BD0020044000300440A7
:10465000004004400014084070B504460E4615465C
:10466000FFF7C2FFA8BB022D2DD0042D18D0204B80
:104670009C421BD01F4B9C422CD01F4B9C4230D0E5
:104680001E4B9C4223D11E4801F020FE442001F025
:104690009BF82A4631462046BDE8704000F068B9D4
:1046A000062001F0B7F8124B9C42E3D1154801F007
:1046B0000DFE092001F088F82A4631462046BDE863
:1046C000704000F055B9052001F0A4F8CFE76FF075
:1046D000020070BD0C4801F0F9FD0A2001F074F8E9
:1046E000D7E70A4801F0F2FD212001F06DF8D0E78C
:1046F0000020044000300440004004400014084002
:10470000E86D01107C6D0110A06D0110C46D0110E9
:1047100038B53A4B9842044630D003F5805398425E
:104720002CD003F58053984228D003F57533984276
:1047300033D10523022A436132D0042A2DD1B1F5A9
:10474000165F4ED8036843F480330360036843F474
:104750000013036042D04FF48032B1F5166FB2FB04
:10476000F1F201FB02F3C3F5803334D9244800256C
:104770004561B3EB510F88BF013218E0042A0CD019
:10478000204600F02DF9002806DD236843F400439D
:10479000236023681B03FCD538BD6FF0020038BDD1
:1047A00003680360B1F5E10F88BF01221CD9144BE7
:1047B0001A611A6812F4403F0AD0186800F44030B9
:1047C000B0F5803F0DD10E4B1B69B0FBF3F0DAE77B
:1047D0004FF4E100F7E701206061CAE707220023F8
:1047E000C4E76FF0100038BD4FF4E102B2FBF1F204
:1047F00001FB02F3C3F5E103BBE700BF0020044067
:1048000000140840164B98421AD003F58053984282
:1048100016D003F58053984212D003F575339842B1
:104820001AD1036813F4403F0CD0006800F4403004
:10483000B0F5803F0DD10B4B1B69B0FBF3F0704717
:1048400000F028B9074B4FF4E1001B69B0FBF3F00F
:1048500070476FF0100070476FF00200704700BFA4
:10486000002004400014084000F05AB900F078B964
:1048700000F09CB9012970B5204B0E460446154640
:1048800011D0984225D01E4B98421ED01D4B984205
:1048900031D11D4801F01AFD2A4631462046BDE8B7
:1048A000704000F0DDB998421DD0154B98421ED0E3
:1048B000144B98421FD1154801F008FD2A46314695
:1048C0002046BDE8704000F0CBB9114801F0FEFC75
:1048D000E2E7104801F0FAFC2A4631462046BDE8DE
:1048E000704000F0BDB90C4801F0F0FCD4E70B4873
:1048F00001F0ECFCD0E76FF0020070BD0020044036
:104900000030044000400440DC6D0110D06D011007
:10491000B86D0110946D0110886D0110AC6D01101F
:1049200000F0C4B900F0DEB900F00EBE00F0F8B936
:1049300000F02ABA00F05CBA00F070BA00F072BA67
:1049400000F086BA00F08ABA00F0A6BA00F0C4BA45
:1049500000F0C6BA00F0C6BA00F0DCBA00F0F4BA53
:1049600000F00EBB00F00EBB00F0B6BC00F0D4BCF3
:104970001A4B984270B504460D4616460BD003F507
:104980008053984207D003F58053984203D003F533
:10499000753398421FD101212046FFF7D5FF00B1A2
:1049A00070BD08212046FFF75FFF0028F8D10146BF
:1049B0002046FFF75DFF0028F2D101462046FFF7B1
:1049C00055FF0028ECD1324629462046FFF7A0FECD
:1049D00000EAE07070BD6FF0020070BD002004407E
:1049E000294B98420BD003F58053984207D003F52A
:1049F0008053984203D003F5753398423BD1052389
:104A000010B44361032A39D8DFE802F0151D2802EB
:104A100004681E4AB2FBF1F344F4403401FB132254
:104A2000046013B1B2EB510F00D901335DF8044BB0
:104A30000361FFF7E7BE164B1A685208B2FBF1F3A9
:104A400001FB1322EDE704686FF0020244F48034A6
:104A5000B2FBF1F3046001FB1322E2E704684FF4B8
:104A6000E10344F40034B3FBF1F301FB03F2C2F5BC
:104A7000E1020460D5E76FF0020070476FF00200BA
:104A80005DF8044B704700BF002004400048E80177
:104A90000C0000201F4B98420BD003F58053984226
:104AA00007D003F58053984203D003F5753398423D
:104AB0002DD1036803F44033B3F5803F1BD0036866
:104AC00013F4403F10D0036803F44033B3F5003FC4
:104AD00017D0036803F44033B3F5403F17D10E4BB2
:104AE0000069B3FBF0F070470C4B00691B685B0872
:104AF000B3FBF0F0704700696FF00203B3FBF0F016
:104B0000704700694FF4E103B3FBF0F070476FF0BA
:104B100002007047002004400048E8010C0000201B
:104B20000E4A904203460BD002F58052904207D0C5
:104B300002F58052904203D002F5753290420AD1BC
:104B40000539032907D81A6822F4406242EA812114
:104B50000020196070476FF0020070470020044089
:104B6000114B98420BD003F58053984207D003F5C0
:104B70008053984203D003F57533984202D161B156
:104B8000012903D06FF00201084670470368002135
:104B900043F48053036008467047036823F480534E
:104BA00003600846704700BF002004402B4A904233
:104BB00003460BD002F58052904207D002F5805296
:104BC000904203D002F57532904244D1042942D874
:104BD000DFE801F01117253303001A6842F01002D4
:104BE0001A601A6842F020021A601A6842F0400205
:104BF00000201A6070471A6822F0100200201A6024
:104C000070471A6842F010021A601A6822F02002F7
:104C10001A601A6822F0400200201A6070471A6871
:104C200042F010021A601A6822F020021A601A6814
:104C300042F0400200201A6070471A6842F01002E9
:104C40001A601A6842F020021A601A6822F04002C4
:104C500000201A6070476FF0020070470020044087
:104C6000114B98420BD003F58053984207D003F5BF
:104C70008053984203D003F57533984202D161B155
:104C8000012903D06FF00201084670470368002134
:104C900043F40053036008467047036823F400534D
:104CA00003600846704700BF002004400C4B984248
:104CB0000BD003F58053984207D003F580539842F8
:104CC00003D003F57533984204D14368DB0604D45E
:104CD000006A70476FF0020070476FF00C00704779
:104CE000002004400D4B98420BD003F580539842AE
:104CF00007D003F58053984203D003F575339842EB
:104D000006D1436813F0800305D10162184670474D
:104D10006FF0020070476FF00B00704700200440F6
:104D2000F8B5184B9842064617460BD003F580534A
:104D3000984207D003F58053984203D003F57533AA
:104D4000984218D1D1B1CFB13B68002B0FDD4D1E79
:104D5000002405E005F8010F3B680134A34207DD9C
:104D60003046FFF7E1FD0028F4DA3C60F8BD00248E
:104D70003C600020F8BD6FF00200F8BD4FF0FF303E
:104D8000F8BD00BF00200440F8B5184B9842064615
:104D900017460BD003F58053984207D003F5805394
:104DA000984203D003F57533984218D1D1B1CFB1F1
:104DB0003B68002B0FDD4D1E002403E03B680134EF
:104DC000A34209DD15F8011F3046FFF7ABFD0028AF
:104DD000F4D03C60F8BD00243C600020F8BD6FF0CA
:104DE0000200F8BD4FF0FF30F8BD00BF00200440C6
:104DF0008AB110B40139002305E00133046A01F8D7
:104E0000014F9A4203D04468E406F6D51A4610468C
:104E10005DF8044B70471046704700BF4068C0F310
:104E2000032070478AB110B40139002305E0013333
:104E300011F8014F04629A4203D044682406F6D563
:104E40001A4610465DF8044B70471046704700BF85
:104E50004068C0F30330C0F1080070470D4B984222
:104E60000BD003F58053984207D003F58053984246
:104E700003D003F57533984209D1036843F4807376
:104E80000360036813F48073FBD1184670476FF01A
:104E900002007047002004400E4A904203460BD0A7
:104EA00002F58052904207D002F58052904203D022
:104EB00002F57532904209D14A1E072A06D81A68AF
:104EC00022F00F0211430020196070476FF00200BA
:104ED000704700BF00200440006800F00F007047DA
:104EE000C06870470A4B98420BD003F58053984234
:104EF00007D003F58053984203D003F575339842E9
:104F000002D1C160002070476FF00200704700BFFF
:104F1000002004400B4A904203460BD002F5805219
:104F2000904207D002F58052904203D002F57532CC
:104F3000904204D19A6811430020996070476FF045
:104F400002007047002004400C4A904203460BD0F8
:104F500002F58052904207D002F58052904203D071
:104F600002F57532904205D19A6822EA01010020CB
:104F7000996070476FF00200704700BF0020044046
:104F800040687047F8B5794B04460068984200F0D5
:104F9000B58003F5805398425BD003F58053984267
:104FA00000F0B28003F57533984240F0CE800325BF
:104FB0006F4F704E57F82530002B51D056F82530E2
:104FC0001BB12369002B40F0B980E368002B40F04F
:104FD000B580C4E905332069002839D0A368002BC7
:104FE00000F0B9802068614B984200F08F8003F593
:104FF0008053984200F08C8003F58053984200F073
:10500000818003F5753398420CBF03234FF0FF33C3
:105010000B2146F82340FFF79FFC10212068FFF783
:105020009BFC2068FFF788FCA1692369A5685A1AD0
:10503000824228BF024629442068FFF77BFCA3690F
:10504000024613442068A3611021FFF783FC00206F
:10505000F8BD474F474E012557F82530002BADD1FD
:1050600056F82530002B57D02369002B66D1E26813
:105070000023C4E90533002AADD06268002A67D056
:1050800020683A4A90420DD03B4B984242D003F5FB
:105090008053984234D003F5753398420CBF0323F4
:1050A0004FF0FF33402147F82340FFF755FC2068BD
:1050B000FFF746FC6169E3685A1A6368824228BFB9
:1050C000024619442068FFF739FC636903446361B1
:1050D0002068FFF735FC03287FF67DAF6269E3683F
:1050E0009A427FF478AF15B3012D2AD0022D0BBF61
:1050F00004224FF08072012502251AE0002557E7AF
:105100000223CFE7022383E7022551E700237FE74D
:1051100001237DE70123C5E74FF0FF31FFF71EFCB8
:1051200020684FF0FF31FFF715FCE268A0E74FF46D
:105130008042124B403543F825204CE76FF00500C4
:10514000F8BD4FF400420025F3E76FF00300F8BD0F
:105150006FF00200F8BD4FF0FF312068FFF7FEFB53
:105160002068FFF7EFFB6FF00200F8BD002004405D
:105170007C1E00206C1E00200030044000E100E096
:1051800038B5134B98421AD003F58053984214D087
:1051900003F58053984216D003F57533984214D125
:1051A00003220C4B53F8220030B1C5694DB10024E5
:1051B00043F82240A847204638BD0122F1E70022EB
:1051C000EFE7284638BD0222EBE76FF0020038BD5A
:1051D000002004407C1E002038B5134B98421AD0A2
:1051E00003F58053984214D003F58053984216D0AB
:1051F00003F57533984214D103220C4B53F8220067
:1052000030B1C5694DB1002443F82240A84720467B
:1052100038BD0122F1E70022EFE7284638BD02221F
:10522000EBE76FF0020038BD002004406C1E002048
:1052300030B5184B984283B0044626D003F580530E
:1052400098421ED003F5805398421CD003F5753365
:1052500098421CD1032520460191FFF791FF0E4A89
:105260000E4B52F8252053F825309A4206D001996A
:105270002046FFF7B1FF002003B030BD002003B08F
:1052800030BD0125E7E70225E5E70025E3E76FF0FC
:105290000200F1E7002004406C1E00207C1E00206C
:1052A00008B50C4B98420BD003F58053984207D0B9
:1052B00003F58053984203D003F57533984205D126
:1052C0004FF0FF31FFF74AFB002008BD6FF00200EE
:1052D00008BD00BF002004400E4B984210B50446A4
:1052E0000BD003F58053984207D003F580539842C2
:1052F00003D003F57533984209D12046FFF772F9C0
:105300006FF00F012046FFF76BF9002010BD6FF022
:10531000020010BD00200440884B98422DE9F04760
:10532000054600F0C18003F58053984276D003F51E
:105330008053984200F0998003F57533984240F00D
:10534000E8804FF00308DFF8F8912846FFF700FBEC
:1053500059F8286004461EB3AB68034013F00B0FE6
:1053600040F0DA80F368002B5BD1DFF8D8A15AF85F
:1053700028706FB1E30623D45AF8282059F8286022
:10538000964200F0948091691269914273D026B1DF
:105390007269F3689A4200F09D800020BDE8F087B2
:1053A000DFF8A0A15AF82870002F00F0C080AB6889
:1053B000034013F00B0F40F0AF8010F0100357D0F4
:1053C0003B69002BD8D03868FFF7B6FABB693A6959
:1053D000B968D31A834238BFB869BB6938BF101A9D
:1053E000024619443868FFF7A5FABB691844B8614A
:1053F000BC693B6938681C1BFFF7A8FA8442C0F0FF
:10540000818038681021FFF7A5FA5AF8282059F84A
:105410002860B2424BD0002AB5D1B8E74FF001085E
:1054200091E73068DFF81CA1FFF78AFA7369F26828
:105430007168D31A834238BF7069736938BF101A14
:10544000024619443068FFF779FA736918447061AD
:1054500040213068FFF77EFA5AF82870002F89D172
:1054600059F82860002E98D092E74FF002086AE7BA
:105470003A461E4687E7314B9D420BD003F58053D9
:105480009D4207D003F580539D4203D003F5753349
:105490009D4203D10B212846FFF760FA00212846E0
:1054A000FFF79AFE002079E74FF000084BE7BA6952
:1054B0003B699A427FF471AF7A69FB689A427FF444
:1054C0006CAF2846FFF78EF800212846FFF788F8D2
:1054D000002063E7194B9D420BD003F580539D429A
:1054E00007D003F580539D4203D003F575339D42E9
:1054F00003D140212846FFF731FA00212846FFF763
:105500003FFE4AE7BB6939693868C91AFFF71CFAD8
:1055100077E76FF0030041E72846FFF763F86FF085
:1055200008012846FFF75CF86FF0030036E7E968EA
:105530002846FFF70FFA6FF003002FE70020044022
:105540007C1E00206C1E002010B504462046FFF78C
:10555000F3F90028FAD02046BDE81040FFF7E0B983
:1055600038B54FF0E02318499C691A6922F480325B
:105570000A601A69D20723D46FF07F4405225C6168
:105580004FF080759C611A61104B114A1968002315
:10559000A0FB010106F0F4F80E4BB0FBF5F205FBA1
:1055A000120084421A6007D81A6801321A602C442B
:1055B000094B201A186038BD074B201A186038BDF7
:1055C0005D690135E0E700BF901E00200C0000205F
:1055D00040420F0008000020941E002070B54FF0DC
:1055E000E0242369DB0306D50E4D2B68002B03DD79
:1055F0002B68013B2B6070BD0B4E33685BB16FF0C5
:105600000F009847094A00233360126822614FF067
:10561000FF332B6070BD054A4FF0FF3312682261E3
:105620002B6070BD080000208C1E0020901E002002
:1056300010B50C4C0C4B22681960002A0FDC08B91D
:10564000002010BDFFF78CFF2368002BF8DD4FF022
:10565000E0220020136943F00203136110BD6FF0D4
:10566000050010BD080000208C1E0020F8B5174C66
:105670002368002B1EDB26682EBB154B4FF0E02560
:105680001B68AA699A421ED8124F3B685BB16FF043
:105690000F009847104B3E601A682A614FF0FF33A5
:1056A00023600020F8BD0C4A4FF0FF3312682A61D6
:1056B0002360F6E7074C2368002BF2D000209847C0
:1056C00000202060F8BD6FF00500F8BD0800002044
:1056D000941E00208C1E0020901E002010B5094C46
:1056E000236823B16FF00F00984700232360064A18
:1056F000064B10684FF0E0214FF0FF3208611A604E
:1057000010BD00BF8C1E0020901E0020080000204D
:1057100038B5184C2268002A29DC00B938BDFFF7DB
:105720001FFF4FF0E02202E01369DB031BD4236864
:10573000002BF9DC104B1A684FF0E0218B69934283
:10574000FCD80E4D2B6823B16FF00F009847002353
:105750002B600B4B4FF0E022196811614FF0FF33C3
:105760000020236038BD2368013B2360DFE76FF032
:10577000050038BD08000020941E00208C1E00206B
:10578000901E00203F2809D90E4A4038D168C0B287
:10579000012303FA00F00843D06070471F284FF040
:1057A000804208D92038916CC0B2012303FA00F07E
:1057B000084390647047516A012303FA00F00843DC
:1057C00050627047000008403F280AD9104940380D
:1057D000CB68C0B2012202FA00F023EA0000C860E0
:1057E00070471F284FF0804109D920388B6CC0B218
:1057F000012202FA00F023EA0000886470474B6A35
:10580000012202FA00F023EA00004862704700BF5C
:1058100000000840023810B5052877D8DFE800F00E
:105820000827374B5F03BDE810403A4800F04EBDF3
:105830004FF08044384A636F42F2881143F01103FD
:1058400063679161A36843F480330021A3604FF440
:105850007A70FFF7EDFE03E0FFF708FF063052D144
:10586000A368DA01F8D5FFF739FF002010BD002149
:105870004FF47A70FFF7DCFE4FF0804403E0FFF74F
:10588000F5FE06303FD1A3689900ECD4F7E74FF05E
:1058900080440021A36843F40023A3604FF47A708E
:1058A000FFF7C6FE03E0FFF7E1FE06302BD1A36849
:1058B0001B01F8D5D7E74FF080440021A36843F4DB
:1058C0008013A3604FF47A70FFF7B2FE03E0FFF796
:1058D000CDFE063017D1A368D800C4D4F7E74FF047
:1058E00080440021A36843F40033A3604FF47A702E
:1058F000FFF79EFE03E0FFF7B9FE063003D1A36871
:105900009B01B0D4F7E76FF0090010BD6FF0020003
:1059100010BD00BFEC6C01100008004038B54FF01E
:1059200080439D68072877D8DFE800F05A76672320
:105930002C3B4B046E4800F0C9FCC8B94FF08042C4
:10594000936843F46063936000214FF47A70FFF72B
:105950006FFE4FF0804403E0FFF788FE06305ED113
:10596000A3689B04F8D5FFF7B9FE00F0A7FF00205D
:1059700038BD4FF08042936823F4606343F4C06302
:105980009360E1E74FF08044A16811F4002150D00A
:105990004FF08042936823F4606343F400639360A4
:1059A000D2E74FF08044A16811F4801100F08D809F
:1059B0004FF08042936823F4606343F42063936064
:1059C000C2E74FF08044A16811F400316AD04FF073
:1059D0008042936823F4606343F440639360B3E7C9
:1059E0004FF08044A16811F4802148D04FF08042EC
:1059F000936823F460639360A6E74FF08044A16846
:105A000011F4803128D04FF08042936823F4606312
:105A100043F48063936097E76FF0020038BDA3689A
:105A200005F4606523F460632B43A3606FF0090005
:105A300038BDA36843F40023A3604FF47A70FFF7E6
:105A4000F7FD03E0FFF712FE0630EFD1A3681B015C
:105A5000F8D5FFF743FE9BE7A36843F48033A360C8
:105A60004FF47A70FFF7E4FD03E0FFF7FFFD063027
:105A7000DCD1A368D901F8D5FFF730FEC3E7A368EE
:105A800043F48023A3604FF47A70FFF7D1FD03E065
:105A9000FFF7ECFD0630C9D1A3685A01F8D5FFF72E
:105AA0001DFEA3E7A36843F40033A3604FF47A70AC
:105AB000FFF7BEFD03E0FFF7D9FD0630B6D1A368BE
:105AC0009A01F8D5FFF70AFE81E7A36843F4801333
:105AD000A3604FF47A70FFF7ABFD03E0FFF7C6FD5C
:105AE0000630A3D1A368D800F8D5FFF7F7FD5FE72C
:105AF000EC6C01104FF08042936803F4E07398421D
:105B000008D0936800F4E07023F4E07318439060C9
:105B100000F0D4BE704700BF3F280AD94038114A70
:105B2000C0B2012303FA00F0906093681842FCD1E0
:105B300070471F280BD92038C0B201234FF0804294
:105B400003FA00F05064536C1842FCD170470123F3
:105B50004FF0804203FA00F0506053681842FCD1C5
:105B6000704700BF0000084050E8003F3BB940E8E4
:105B70000013002BF8D1BFF35F8F184670476FF00A
:105B800005007047BFF35F8F00230360704700BFBD
:105B90000146014800F020B8004400400146014899
:105BA00000F032B8004400400146014800F044B81B
:105BB00000440040014800F057B800BF00440040D6
:105BC000014800F059B800BF00440040014800F00F
:105BD0005BB800BF0044004042680A4B12F0800FDF
:105BE00014BF4FF4167C4FF4FA7C4268A1EB0C0111
:105BF000A3FB0113C3F3C60322F07F0213434360E8
:105C000043607047CDCCCCCC82680A4B12F0800F39
:105C100014BF4FF4167C4FF4FA7C8268A1EB0C01A0
:105C2000A3FB0113C3F3C60322F07F021343836077
:105C300083607047CDCCCCCCC2680A4B12F0800F89
:105C400014BF4FF4167C4FF4FA7CC268A1EB0C0130
:105C5000A3FB0113C3F3C60322F07F021343C36007
:105C6000C3607047CDCCCCCC036C13F0010F0CBFDC
:105C70006FF0060000207047036C13F0020F0CBF9A
:105C80006FF0060000207047036C13F0040F0CBF88
:105C90006FF0060000207047D0F80031012223F099
:105CA0000103C0F80031C0F80027D0F80031DA0352
:105CB000FBD5D0F8003143F00103C0F80031D0F833
:105CC0000031DB03FBD57047FFF7E6BF0146014813
:105CD00000F014B8006000400146014800F028B808
:105CE00000600040014800F03DB800BF0060004087
:105CF0000146014800F03AB80060004011F0260C5F
:105D000010D00A4A13691B07FCD4036943EA0C0349
:105D1000036111F0060007D0044B186910F0080069
:105D2000FBD170476FF00200704700BF0060004079
:105D300011F0260C10D00A4A13691B07FCD4036922
:105D400023EA0C03036111F0060007D0044B186925
:105D500010F00800FBD170476FF00200704700BFE1
:105D600000600040006900F0D0007047036901F056
:105D7000D00123EA0103036100207047174B9842CA
:105D800023D003F58053984215D003F580539842F1
:105D90001FD003F5805398421DD003F5DB2303F594
:105DA0008063984213D003F5806398420CBF0520AE
:105DB0004FF0FF3000E00120094B03EBC0024FF031
:105DC000010C03F830C0516070470020F4E7042054
:105DD000F2E70220F0E70320EEE700BF00000140F9
:105DE000981E002000294DD0F0B58C780369022C54
:105DF0000CBF4FF080464FF4804643EA06030BBFCA
:105E00006FF000556FF400554FF080724FF48072C0
:105E100003610BBF4FF4803601264FF4002C4FF086
:105E2000080C0CBF4FF0100E4FF0000E836913EA00
:105E30000C0FFBD04B78076903FA0EF33B43036169
:105E40008B6807691B0203FA0EF33B43036106608C
:105E5000C3681342FCD04B6803FA0EF343608369B6
:105E6000022C05EA0305856100D0F0BD836943F08B
:105E700080738361036943F00043036183695B03BB
:105E8000FCD5F0BD704700BF002939D010B591F89E
:105E900002E0BEF1020F26D01EF003032AD19C4679
:105EA000836943F000438361C36843F00113C36017
:105EB0000B78046903FA0CF323430361836902FA44
:105EC0000CF21A4382614B78072B1CD8DFE803F0F1
:105ED0000707040404070404BEF1020F0DD0FFF706
:105EE00081FF002010BD4FF0100C836923F00043A8
:105EF0008361D9E74FF0000CF7E76FF0100010BD99
:105F00004FF0FF307047002010BD00BF174B984284
:105F100023D003F58053984214D003F58053984260
:105F20001FD003F5805398421DD003F5DB2303F502
:105F30008063984213D00E4A90420CBF05224FF066
:105F4000FF3200E0012200230361836913F008039C
:105F5000FBD1084901F8323070470022F3E70422F0
:105F6000F1E70222EFE70322EDE700BF0000014066
:105F700000100840981E0020036943F400430361A9
:105F800083695B07FCD57047036923F40043036111
:105F9000704700BF03680068704700BFC36843F0E4
:105FA0000113C360704700BF836943F0012383611D
:105FB000704700BF836923F001238361704700BFEE
:105FC0000160C368DB05FCD5704700BFF0B57D4BB1
:105FD000984283B004460D46174628D003F58053F7
:105FE000984222D003F58053984200F0D58003F503
:105FF0008053984200F0D28003F5DB2303F58063E1
:10600000984200F0C780704EB0420CBF05264FF09A
:10601000FF36002D00F0CA80EB78023B032B00F224
:10602000C880DFE803F0382B19060126F1E70026C7
:10603000EFE7032E40F3B6800320FFF7EBFB4FF4AE
:10604000FA512046FFF79AFE0222052E41D8DFE8DA
:1060500006F0475B2E8D7E6F042E00F0A180032E8C
:1060600000F3A080032206200192FFF7D3FB4FF438
:1060700000412046FFF782FE019AE6E7032E00F377
:1060800091800520FFF7C6FB4FF4E1012046FFF7A2
:1060900075FE0222D9E7032E00F384800220FFF769
:1060A000B9FB4A492046FFF769FE0122CDE70720E8
:1060B0000192FFF731FD1120FFF786FB019A47B1EE
:1060C000AB78022B12BF42484248019200F0FEF822
:1060D000019A2946204603B0BDE8F040FFF7D4BE40
:1060E00005200192FFF718FD0F20FFF76DFB019AC5
:1060F000002FEED0AB78022B12BF37483748019201
:1061000000F0E4F8019AE4E706200192FFF704FDAD
:106110001020FFF759FB019A002FDAD0AB78022B41
:1061200012BF2F482F48019200F0D0F8019AD0E713
:1061300043200192FFF7F0FC4320FFF745FB019A53
:106140002946204603B0BDE8F040FFF79DBE42203F
:106150000192FFF7E1FC4220FFF736FB019A294646
:10616000204603B0BDE8F040FFF78EBE0820019244
:10617000FFF7D2FC1220FFF727FB019A002FA8D0CF
:10618000AB78022B12BF18481848019200F09EF815
:10619000019A9EE704263CE702263AE7032638E701
:1061A000012260E76FF0100003B0F0BD4FF0FF3048
:1061B000FAE70F4B196820464908FFF7DFFD002278
:1061C00043E700BF00000140001008400048E8011C
:1061D0004C6D0110586D01101C6D0110286D0110DF
:1061E000346D0110406D0110646D0110706D01106F
:1061F0000C00002010B50446FFF788FE174B9C42A8
:1062000011D0174B9C4224D003F580539C4211D0EF
:10621000144B9C4213D0144B9C4207D1BDE8104054
:106220004220FFF7AFBA0F20FFF7ACFA0F4B9C42AA
:106230000AD010BDBDE810401120FFF7A3BABDE899
:1062400010401220FFF79EBABDE810404320FFF730
:1062500099BA1020FFF796FAE8E700BF0000014066
:106260000010014000300140000C084000100840C0
:10627000FFF782BEFFF788BEFFF78CBEFFF78EBE2A
:10628000FFF792BEFFF796BEFFF79ABEC10710B5A3
:10629000044608D4A2070BD463070ED42046BDE8F9
:1062A000104000F0F7B90020FFF78EFAA207F3D5EF
:1062B0000120FFF789FA6307F0D54020FFF784FA41
:1062C0002046BDE8104000F0E5B900BF70B5804B36
:1062D00005689D42044637D003F580539D4220D087
:1062E00003F5EE2303F580639D4200F08180794839
:1062F00085420CBF08200020FFF7C8FF754B2268BD
:106300009A4215D06268217A284600F08DF9D0B9FA
:10631000637A042B00F2D980DFE803F05A4C3E2F59
:1063200018000220FFF7B2FF6A4B22689A42E9D1B7
:10633000237A012B00F0BD80022B00F0A780002BF8
:1063400058D06FF0100070BD0120D5E72B6E626849
:1063500023EA02032B666B6E13436B66D5F8B830E5
:1063600023EA0203C5F8B8305A4BA17A9D4239D0CE
:106370002846BDE8704000F03FB92B6E62681343B9
:106380002B666B6E23EA02036B66D5F8B83023EAFE
:106390000203C5F8B830E7E72B6E626823EA020310
:1063A0002B666B6E13436B66D5F8B8301343C5F894
:1063B000B830D9E72B6E626813432B666B6E23EA05
:1063C00002036B66D5F8B8301343C5F8B830CBE795
:1063D0002B6E626823EA02032B666B6E23EA0203CC
:1063E0006B66C1E700290CBF6FF01000002070BD84
:1063F000042081E76368384958001A010E6A00F0EA
:10640000020002F02002024326EA02020A628A68BF
:10641000C3F34003034322EA03038B60637A042B34
:106420008FD8DFE803F0261B031B030062682A49AC
:10643000D300086A03F0100302F00106334320EA98
:1064400003030B6256019300086A03F0040306F08D
:106450004006334320EA03030B6285E71E49626866
:106460000E6AD30002F0010003F01003304303432F
:10647000E7E76268184893005101066A03F00403D5
:1064800001F040010B43334303626DE76368124937
:1064900058001A010E6A00F0020002F020020243C6
:1064A00032430A628A68C3F34003034313438B6099
:1064B000B4E76368084958001A010E6A00F0020048
:1064C00002F0200202433243A0E76FF0020070BDE9
:1064D0000080004000060840006C00400A4A9042DC
:1064E0000B4601D000F078B8084A106A116A01EA38
:1064F000831100EAC3000B06C0F3C00002D540F0D0
:1065000002007047704700BF00060840006C004062
:10651000094A904201D000F063B8084810B4046AF8
:10652000CA0001F00101214302F0100319435DF894
:10653000044B0162704700BF00060840006C004039
:106540000A4A904201D000F04DB810B4084C0B46F6
:10655000C900206A01F0100203F00101114320EA92
:10656000010121625DF8044B704700BF000608403E
:10657000006C0040094A90420B4601D000F034B84C
:10658000074A106A116A01EAC3011840CB0600F0FD
:10659000010002D540F00200704770470006084035
:1065A000006C004000F088B8034A904201D000F02F
:1065B0001FB8024AD16170470006084000680040D9
:1065C000034B984201D000F015B8024BD8697047D0
:1065D0000006084000680040406A0840704700BF5D
:1065E000C16170470162704780690840704700BF11
:1065F00081647047006C704769B1012907D1D0F8F8
:10660000C03000211A43C0F8C020084670476FF020
:10661000020108467047D0F8C03023EA0202C0F8F1
:10662000C0200846704700BF0346006B1043186344
:106630005A6005292AD8DFE801F00A12141B220348
:10664000C3F8882000209A67DA669A6070475A611A
:106650005A6000201A67DA67C3F8882070471A6109
:10666000F6E7C3F888200020DA671A679A60704757
:10667000C3F888200020DA67DA669A607047C3F8AA
:10668000882000209A671A679A6070476FF00200AE
:10669000704700BF10B5064C217831B905484FF45A
:1066A000007205F0BBFD01232370002010BD00BF68
:1066B000C8220020C81E002070B5054640B1012840
:1066C00023D0022823D00328124E18BF002600E052
:1066D000114E3046FFF774FF044601463046FFF77F
:1066E00063FF8CB10D4E0E4B06EBC51603EBC515C3
:1066F000E30703D52B680BB130689847640806F1AF
:10670000040605F10405F3D170BD064EE1E7064E1F
:10671000DFE700BF0006084000800040C8200020DE
:10672000C81E002000900040000408404A488546EA
:106730004A48804780B94A494A4A4B4B9B1A03DD75
:10674000043BC858D050FBDC4849494A00209142DC
:10675000BCBF41F8040BFAE74648804746488047EB
:1067600046488047FFF7FEFFFEE7FEE7FEE7FEE74D
:10677000FEE7FEE7FEE7FEE7FEE7FEE7FEE7FEE7F1
:10678000FEE7FEE7FEE7FEE7FEE7FEE7FEE7FEE7E1
:10679000FEE7FEE7FEE7FEE7FEE7FEE7FEE7FEE7D1
:1067A000FEE7FEE7FEE7FEE7FEE7FEE7FEE7FEE7C1
:1067B000FEE7FEE7FEE7FEE7FEE7FEE7FEE7FEE7B1
:1067C000FEE7FEE7FEE7FEE7FEE7FEE7FEE7FEE7A1
:1067D000FEE7FEE7FEE7FEE7FEE7FEE7FEE7FEE791
:1067E000FEE7FEE7FEE7FEE7FEE7FEE7FEE7FEE781
:1067F000FEE7FEE7FEE7FEE7FEE7FEE7FEE7FEE771
:10680000FEE7FEE7FEE7FEE7FEE7FEE7FEE7FEE760
:10681000FEE7FEE7FEE7FEE7FEE7FEE7FEE7FEE750
:10682000FEE7FEE7FEE7FEE7FEE7FEE7FEE7FEE740
:10683000FEE7FEE7FEE7FEE7FEE7FEE7FEE7FEE730
:10684000FEE7FEE7FEE7FEE7FEE7FEE7FEE7FEE720
:10685000FEE7FEE7FEE7FEE700C001203569001015
:106860002877011000000020400D0020400D00207E
:10687000685400208169001021BB001041AC001059
:106880000B4A08B50346106828B10A4903448B42F5
:1068900007D8136008BD08480649106003448B42BE
:1068A000F7D905F037F90C2303604FF0FF3008BD2E
:1068B000CC22002000B00120685400204FF080431B
:1068C0009A6802F46062B2F5206F26D010D8B2F553
:1068D000806F20D0B2F5C06F14D14FF4FA534FF04F
:1068E00080420F499268C2F38212D3400B60704716
:1068F000B2F5406F0CD00B4B0B49B2F5606F08BF7F
:106900000B46ECE7074B0949002A08BF0B46E6E7B0
:106910004FF40043E3E7064BE1E74FF4E103DEE722
:106920000C00002000E1F505C0687804008793039F
:106930000048E8014FF0804010B4816884680E4A36
:1069400044F4E07401F4E0718460136CDC07FCD55E
:10695000094A136C9807FCD5074A136C5B07FCD5F2
:106960004FF08042002093685DF8044B23F4E073FD
:106970000B439360704700BF00440040704700BF66
:1069800010B51B4C1B4BA36062B61B48FFF79CF96C
:10699000D4F8883043F47003C4F88830BFF34F8FC5
:1069A000BFF36F8F40F2D660FFF7F2F8FFF702F9FE
:1069B0000028FBD140F24C40FFF7F0F8FFF700F958
:1069C0000028FBD140F24C40FFF7EEF8FFF7FEF84D
:1069D00004460028FAD10420FEF7A0FF2046FFF766
:1069E00089F8FFF76BFF02F05DF8FFF7C7FF10BDF6
:1069F00000ED00E00000001000A0024058B1436824
:106A00001F2B08DC03691B7A012B0BBF0020002021
:106A10000B70087070476FF01500704750B14368F5
:106A20001F2B07DC10B5006900240472FFF74EFC31
:106A3000204610BD6FF01500704700BFF8B5002963
:106A400052D00B690C46002B4ED04B681F2B4BDCF1
:106A5000064614210120F9F7F1FB0746002846D02D
:106A60000C210120F9F7EAFB0546002835D0227AEF
:106A7000022A0CD82368032B09DC93B1012B2FD0F9
:106A8000022B2FD0032B1B4918BF00210AE02846F8
:106A9000F9F7D6FB6FF015043846F9F7D1FB20461D
:106AA000F8BD154960682469296001218140696049
:106AB00000216A7229722178A972C7E900303A72FE
:106AC00018463D61FFF7E2FB3869FFF7FFFB04461C
:106AD0000028DCD137602046F8BD6FF00B04DBE7FF
:106AE0000649DFE70649DDE76FF01504D7E76FF0E9
:106AF0000B04D4E7000608400080004000900040EE
:106B00000004084009B1FFF799BF016008467047CB
:106B100048B110B504460069F9F792FB2046F9F731
:106B20008FFB002010BD6FF01500704708B3F8B55B
:106B300043681F2B044619DC01290E4616D800694C
:106B4000012507680572FFF7C1FB61683B6805FA1C
:106B500001F10B43AE423B60384603D0FFF7F0FC37
:106B60000020F8BDFFF7D4FC0020F8BD6FF0150041
:106B7000F8BD6FF01500704720B343681F2B21DC70
:106B80000269126810B50C46012199401368012C66
:106B900043EA0103136005D0022C0DD03CB16FF025
:106BA000150010BD1046FFF7B3FC002010BD1046C5
:106BB000FFF7C6FC204610BD136823EA0101002040
:106BC000116010BD6FF01500704700BF70B5E8B1DF
:106BD0000E4641681F29044618DC0269106801232B
:106BE00003FA01F103680B430360157A3DB1FFF727
:106BF000C1FC6368D84000253070284670BDFFF79F
:106C00006DFC6368D8403070284670BD6FF0150584
:106C1000F3E700BF0020FFF7C5BC00BF0120FFF76E
:106C2000C1BC00BF0220FFF7BDBC00BF174A4168CE
:106C300038B552F821304569013B42F8213004460D
:106C4000B3B92868FCF76AFEC8B9636833B1012B91
:106C500016D0022B16D00346012101E04FF400515B
:106C60000B4A203342F82310BFF34F8FBFF36F8FCF
:106C70002846F9F7E5FA2046F9F7E2FA002038BD90
:106C80001021EDE74FF080410123E9E7D0220020F9
:106C900000E100E030B589B0002832D04469002C12
:106CA0002FD04568DDB9184D0491B3FA83F35B0921
:106CB0000021CDE90523CDE90211237A027B00955D
:106CC00001921BB162680691CDE902236846FCF788
:106CD000AFFE237A05464BB9284609B030BD012DD9
:106CE0000DD0022D094D18BF0025DDE76068F9F7CA
:106CF000A7FA002328462372636009B030BD044D13
:106D0000D2E76FF01505E7E700D0014000F0014041
:106D100000E0014000283CD070B5466988B0002EE4
:106D200034D0144642680D46A2B1012A2CD0022A62
:106D3000194A18BF002283B970683472D8B121464D
:106D400005F020FB70602246294605F0CDF90020B1
:106D500008B070BD114A002BEED0017B00236846BD
:106D6000CDE90021CDE90254CDE904530693FCF7A7
:106D70005FFE08B070BD2046F9F75EFA706000282B
:106D8000E1D16FF00B00E3E7054AD4E76FF015009F
:106D9000DEE76FF01500704700F0014000D00140C1
:106DA00000E001402DE9F04784B0002847D00C46B0
:106DB000002944D00B69002B41D00B68022B3ED830
:106DC000054618210120F9F739FA2860002800F05B
:106DD0008C800C210120F9F731FA0646002844D0B6
:106DE0002268D4F81090002A2FD1414F61684148A1
:106DF0002B68376081425A6002D93F4881422BD8C4
:106E0000DFF81481986058F822A0227A1A735E6124
:106E1000BAF1000F09D13846FCF780FD5246012136
:106E20003846FCF7A7FD002859D12B6899F8006077
:106E30005B68012B4BD0022B20D0002B41D06FF090
:106E40001504204604B0BDE8F087012A45D0022A87
:106E50002A4F18BF0027C9E729488142D0D92948BD
:106E60008142CDD96FF015043BE06FF00B04286828
:106E7000F9F7E6F9204604B0BDE8F087224A07CAD0
:106E800001AB83E8070018468DF80E60FFF71EFA85
:106E90003846FCF7BBFD2B689B680146994228BF2A
:106EA00019463846FCF7B0FD0028C8DB226858F8C0
:106EB000223000240133204648F8223004B0BDE8D7
:106EC000F087124A07CA01AB83E80700DBE7104AE4
:106ED00007CA01AB83E80700D5E70E4F86E74FF0FE
:106EE000FF343046F9F7ACF9C1E76FF00B04A8E7BF
:106EF00000D00140A0860100801A060000F0014089
:106F000040420F0040E13300106D0110F86C011099
:106F1000046D011000E00140D02200200148FCF780
:106F20008DBD00BF00D001400148FCF787BD00BF08
:106F300000E001400148FCF781BD00BF00F00140C6
:106F4000F0B5C169037B0D688BB0B3FA83F1012200
:106F500049098DF81D10991AB1FA81F14909A3F177
:106F600002030446B3FA83F38DF81E1069798DF895
:106F70001C2000205B09091A8DF81F3063688DF80A
:106F8000202018BF01218DF824108DF821208DF8C4
:106F900022008DF82300002B34D09342254E18BFD9
:106FA00006460AAA12E907000DF1080C2B68A7682B
:106FB000ACE803008CF8002001972A7900920121A7
:106FC00000223046FCF708F938BB6368E3B91A4879
:106FD000617BFCF773FA00BB6368D3B1012B1548E2
:106FE00018BF00200121FCF767FAB0B9636893B1BC
:106FF000012B104818BF00200821FCF759FA60B98E
:107000000BB0F0BD0C4ECCE7012B0A4818BF002096
:10701000DEE70948E6E70848EEE763682BB906486B
:10702000FCF7ECF96FF01500EAE7012B014818BFF7
:107030000020F5E700E00B400060044098B1436891
:1070400010B5044653B90948FCF7D8F9E069F9F7D7
:10705000F7F82046F9F7F4F8002010BD012B04489A
:1070600018BF0020F0E76FF0150070470060044083
:1070700000E00B402DE9F04F064689B00D46029323
:1070800073689DF84C0001909046002B00F0018140
:10709000012BA04C18BF0024DFF888A296F80C90B2
:1070A0005AF82330D6F81CB04B450BD03046FFF7CA
:1070B00047FF0746002840F0E88073684AF82390AD
:1070C00096F80C906368012723F47023636007FA35
:1070D00009F14FF47020F9F755FD636818436060BB
:1070E00024214046F9F7AAF88246002800F00F81D3
:1070F00024214046F9F7A2F80090002800F0CB8048
:1071000038461C21F9F79AF88146002800F0CB8018
:10711000E36943F08013E361236A43F4006323626D
:107120002B7B002B00F0BA80636823F480736360CC
:10713000A968A160E369784843F04003E361F9F787
:1071400021FDA3681843A060E369DBF80C0043F459
:107150008003E361E36943F08023E36106A902F061
:107160003BF80746002840F08780DBF80C0007A9B1
:1071700002F032F80746002879D1009BC9F8006078
:10718000C9E9033A079BC9F80830069B0393C9F87D
:107190000430019B2BB1029BC9F81430129BC9F833
:1071A0001830B8F1000F41D0DBF80030009ADBF85E
:1071B00014E00494D3E9037108EBC806DBF810303F
:1071C000029302EB8606134674465246DDF808E049
:1071D000CDF814A0CDF808B0B24608204FF0010C4D
:1071E000BB460E4629684D4FC3E90014A9681877BD
:1071F000C3F8149083F80CC01F616F6899609E619A
:107200002433C2E901719A454FF00201C2F800E04F
:1072100010771173C2F818B005F11C0502F12402B1
:10722000E0D1049CDDF808B0DDF814A0039BDBF886
:107230000C000099424602F013F8074690B9079BEC
:10724000DBF80C004246514602F00AF8074668B3E4
:107250000699DBF80C0002F0A9F80799DBF80C009E
:1072600002F0A4F80799DBF80C0001F0DBFFDBF873
:107270000C00069901F0D6FF4846F8F7E1FF0098A8
:10728000F8F7DEFF5046F8F7DBFF384609B0BDE8F7
:10729000F08F234C00E76FF00B07F3E7636843F4CC
:1072A0008073636044E76FF00B07E8E76368079952
:1072B000DBF80C0043F02003636002F055F807464A
:1072C0000028C5D10699DBF80C0002F04DF80746FE
:1072D0000028BDD1019B002BD7D10799DBF80C000A
:1072E00002F0C8F80028F8D00699DBF80C0002F08C
:1072F000C1F80028F1D0236BDB07FCD4636823F0CE
:1073000020036360E36923F04013E361BDE76FF09E
:107310000B07BAE700E00B400000FFFF51730010BD
:1073200000600440DC22002010B582B0049C009470
:1073300001240194FFF79EFE02B010BD00B50023AA
:1073400083B0CDE90033FFF795FE03B05DF804FB91
:10735000F8B5136814465A68DD690F4612B3012A5E
:107360001C4E18BF002604E06168E86802F088F847
:1073700028B1A168E86802F083F80028F4D1336BE3
:10738000DB07FCD487B1B968B36813480B43B3601B
:10739000F9F7F8FBB3681843B060736843F0200353
:1073A0007360F8BD0D4EE4E763690BB1A0699847BF
:1073B000606801F0CBFFA06801F0C8FFE068F8F753
:1073C0003FFF2069F8F73CFF2046BDE8F840F8F79A
:1073D00037BF00BF00E00B400000FFFF006004402B
:1073E0002DE9F04F436885B083460C460192002B8F
:1073F00000F02581012B984D18BF0025002C00F0CE
:107400002481964F9BF80C6057F82330B3420BD081
:107410005846FFF795FD002840F0E280DBF8043085
:1074200047F823609BF80C606B68012123F47023FC
:107430006B60B1404FF47020F9F7A4FB6B68184300
:10744000019B68604FF0000A002B00F0C880EB69D8
:1074500043F08013EB612B6A002243F400632B623C
:10746000AA60237B002B00F0CC806B6823F4807330
:107470006B606369DBF81460DBF81C90A2694FF461
:107480007A7808FB0366DBF8183008FB0238D9F875
:1074900004309E4200F0C380DBF80430002B00F083
:1074A000BC80012B40F0D4806B4F3B69039338467E
:1074B000FBF7C0FFD9F80430694A9E4202EB500244
:1074C000B2FBF0F213D0002E00F0AF80B6FBF2F169
:1074D000FF2900F2AE803B69029223F0FF033B617B
:1074E000FF20F9F74FFB3B69029A18433861D9F83E
:1074F0000830984513D0B8F1000F00F09880B8FB21
:10750000F2F1FF2900F29D803B6923F47F433B6148
:107510004FF47F40F9F736FB3B6918433861C9E9FE
:1075200001682168002974D0A268AA60EB6943F061
:107530004003EB612846FBF7C7FFA368A3EB0009F4
:10754000B9FA89F906464FEA59196368002B5DD0EC
:10755000A1684448F9F716FBAB681843A860EB69CB
:1075600043F48003EB614FF000086B6843F02003A5
:107570006B600027B8F1000F02D0B9F1000F18D1ED
:10758000216811B1A268B2422DD861680029F1D0FA
:10759000A268BA42EED9D21B39442846FBF790FFC5
:1075A000A3680744A3EB0708B8FA88F84FEA58180D
:1075B000E0E72B6A1B05FCD56B6823F020036B60AA
:1075C000EB691C3423F04013EB6154F80C0C01F010
:1075D0007BFA019B0AF1010A53457FF438AF002082
:1075E00005B0BDE8F08F921B31442846FBF76CFFD5
:1075F000A3680644A3EB0609B9FA89F94FEA5919B9
:10760000C3E76B6843F480736B6032E74FF00108A7
:10761000ABE74FF001090E4697E7134F45E7D9F85E
:10762000083098457FF438AF7BE7012153E701210B
:107630006AE70E4804F09EFE039B3B6171E70A4D2A
:10764000DCE60B4804F096FEF6E76FF01500C7E79E
:1076500000231B69FFDE00BF00E00B40E422002096
:1076600000CA9A3B0000FFFF00600440246E011036
:10767000506E011010B588B00023CDE901111446F9
:1076800001A90122CDE90433CDE9063303948DF835
:107690001020FFF7A5FE08B010BD00BF2DE9F04196
:1076A00000294DD08B690E46002B49D080462421FD
:1076B0000120F8F7C3FD0446002849D01821012015
:1076C000F8F7BCFD0546002837D033687268B76903
:1076D0006360A260327A2273727A6273B27AA273A2
:1076E000012B0760E0610AD96FF015062846F8F70C
:1076F000A7FD2046F8F7A4FD3046BDE8F0812046FE
:10770000FFF71EFC06460028F0D1B96891B1D7E911
:1077100003239A42E8D205F10C0001F0EFFC08B116
:107720000646E3E76368E2696BB1012B02D113619E
:1077300021235361C8F80040DEE76FF00B06D5E760
:107740006FF01506D8E70F232F21C2E90431F1E7C6
:107750006FF00B06D0E700BF704700BF6FF0570017
:10776000704700BF00282ED069B362B370B50079AE
:1077700040B1012823D0022823D00328134D18BF7D
:10778000002500E0124D134C134B1E7804EB401300
:107790001A6142019960A55000225A60DA609A612C
:1077A0000E4ADA610EB1002070BD04EB4010FDF707
:1077B000D9F8063008BF6FF00F00F4D170BD084D46
:1077C000E1E7084DDFE76FF015007047001408404F
:1077D00000200440F0220020ED220020118400103F
:1077E000003004400040044000282ED069B362B34A
:1077F00070B5007940B1012823D0022823D0032896
:10780000134D18BF002500E0124D134C134B1E788A
:1078100004EB4013DA6042015960A55000229A60DF
:107820001A615A610E4ADA610EB1002070BD04EB94
:107830004010FDF797F8063008BF6FF00F00F4D145
:1078400070BD084DE1E7084DDFE76FF015007047A8
:107850000014084000200440F0220020ED22002007
:10786000118400100030044000400440F0B585B0A1
:10787000057900214FF481730291CDE9001104468E
:10788000ADF80830002D3CD0012D62D0022D7CD007
:10789000032D6BD0C06803912E46F0B1A7693868FC
:1078A00001F0E2FB23793868002B39D10E216A46BA
:1078B00001F0C2FB386801F0A1FBE068F8F7B0FE08
:1078C000E068F8F7BDFC002D3FD0012D59D0022D06
:1078D0004AD0032D324818BF0020324B7201985015
:1078E00003EB4613304ADA61FDF73EF8237903B320
:1078F000012B2CD0022B46D0032B294818BF002087
:1079000018E0C66829480390002EE6D0A7693868B9
:107910002E460E2101F0A8FB23793868002BC5D034
:10792000012B2CD0022B1DD0032B0CBF5821002182
:10793000BDE71E48FCF758FEA069F8F781FC204619
:10794000F8F77EFC002005B0F0BD1848C5E71848E0
:10795000F0E7C3681648039003B3A7692E4638685A
:107960000F21D7E72221A2E71248B6E7C3680C48E7
:1079700003909BB1A7692E4638685821CAE70F21AA
:1079800095E70B48A9E70B48D4E7C368094803907B
:1079900023B1A7692E4638682221BBE72E469CE713
:1079A00000140840F0220020597700100020044005
:1079B000003004400040044070B582B001920028BD
:1079C00035D00E46002932D0002A30D00546C06896
:1079D000A8B1002404E0019B0134A3420CD9E8685B
:1079E0003119F8F7F5FD0028F5D0002C14BF20461A
:1079F0006FF00A0002B070BD204602B070BD2B7956
:107A000043B1012B0FD0022B0FD00C4A032B08BF20
:107A1000104600E00A4801AA3146FCF787FF48B942
:107A2000019802B070BD0748F5E70748F3E76FF02B
:107A30001500DFE76FF00400DCE700BF001408402A
:107A40000020044000300440004004402DE9F04F85
:107A50008BB0002962D08B690C46002B5ED080462B
:107A60001C210120F8F7EAFB0546002800F0E5801C
:107A700004210120F8F7E2FBA86122780746D2B979
:107A8000DFF80C92A3692A71E1682961667C032EF4
:107A900047D0042E1AD0D6B16FF015063846F8F745
:107AA000CFFB2846F8F7CCFB4846FCF79DFD304657
:107AB0000BB0BDE8F08F012A35D0022A36D06D4BCD
:107AC000032A0CBF99464FF00009DBE7022694F821
:107AD00010A0BAF1030FDFD894F812B0BBF1000F79
:107AE00002D0BBF1010FD7D11A7812B3013A012AA3
:107AF000D2D801220092002248460193FCF7ACFD47
:107B00000028C9D1019B93F801C02B79012B12D019
:107B1000022B00F08C80002B00F083806FF01506A4
:107B2000C5E70426D3E7DFF86C91ABE7DFF868918F
:107B3000A8E70092DFE7504A07CA06AB83E80700D0
:107B400018468DF822C00193FEF7C0FB0AF105012B
:107B50004846FCF789FE00289ED131464846FCF78E
:107B600087FE002898D159464846FCF77FFE00283A
:107B700092D1009908224846FCF77CFE0646002870
:107B80008AD1227A019BC8F80050002A8FD005F1D3
:107B90000C000093F8F7FCFC064600287FF47EAF4B
:107BA000364A0390059003A93846049201F00CFA76
:107BB000064600287FF472AF314A06924FF4817274
:107BC0000795ADF820202A79009B002A38D0012A99
:107BD0003DD0022A49D0032A42D0002138680991B9
:107BE0001A4601F01DFA0646B8B92B79386863B316
:107BF000012B31D0022B31D0032B0CBF5821002197
:107C000001F026FA064640B91E4901222846FFF730
:107C1000A9FD064600283FF44AAF386801F0EEF9A6
:107C20003CE7194A07CA06AB83E8070088E7174A0A
:107C300007CA06AB83E8070082E76FF00B0636E75A
:107C4000134A386809920E21CAE70E21D8E7114A73
:107C5000386809920F21C3E70F21D1E72221CFE72E
:107C6000044A386809925821BAE70B4A38680992E1
:107C70002221B5E700140840A06D0110B46E011078
:107C8000617D0010EC2200207C6D0110C46D01109C
:107C90000020044000300440004004402DE9F04F33
:107CA00083B0002850D08A4600294DD01646002ABD
:107CB0004AD0274DDFF89C90DFF89C80DFF89CB01D
:107CC00004460027082E334628BF0823019309E005
:107CD000022B2BD0032B0CBF40460020FCF740FEAC
:107CE00043060AD423792846002BF7D0012BEFD185
:107CF0004846FCF735FE4306F4D52379C3B1012B82
:107D000018D0022B18D0032B0CBF404600200AEBE2
:107D1000070101AAFCF70CFE019B1F44F61A68B983
:107D2000002ECFD1384603B0BDE8F08F5846D5E7D6
:107D30002846ECE74846EAE75846E8E76FF00407CC
:107D4000384603B0BDE8F08F6FF01507EAE700BFD3
:107D5000002004400030044000140840004004406B
:107D600070B5164D04462978C068F8F745FC2279AD
:107D700042B1012A1ED0022A1ED0032A104B18BF7E
:107D8000002300E00F4B10485101012643500F4BD8
:107D90001C7800EB421300215960D96099610C49AD
:107DA0009D601E61D96104B170BDBDE87040184688
:107DB000FCF7D8BD074BE6E7074BE4E7EC220020D1
:107DC0000014084000200440F0220020ED22002092
:107DD000118400100030044000400440022801D803
:107DE0000020704708B503F095FE092303604FF0AB
:107DF000FF3008BD022801D80120704708B503F004
:107E000089FE09230360002008BD00BF08B503F008
:107E100081FE092303604FF0FF3008BD022808B53A
:107E200004D84FF400534B60002008BD03F072FEED
:107E300009230360002008BD10B540B90B4B012297
:107E4000186801F009F8041E08DB204610BD03F095
:107E500061FE092303604FF0FF34F6E703F05AFE9A
:107E6000644204604FF0FF34EFE700BF702300204E
:107E70000138012810B507D80A4B186801F00CF832
:107E8000041E08DB204610BD03F044FE09230360F6
:107E90004FF0FF34F6E703F03DFE644204604FF01C
:107EA000FF34EFE77023002000680B68C01A7047AA
:107EB0006FF05700704700BF62B60020704700BFE8
:107EC00072B60020704700BF6D290AD8064A4809DB
:107ED000012301F01F0103FA01F142F820100020F4
:107EE00070476FF01500704700E100E06D290FD872
:107EF0004B0909480122203301F01F0102FA01F168
:107F000040F82310BFF34F8FBFF36F8F00207047EF
:107F10006FF01500704700BF00E100E06D2909D83F
:107F200001F1604101F561415201D2B281F80023B3
:107F3000002070476FF01500704700BF10B586B085
:107F40000023CDE90333059300282ED0012830D03B
:107F500002282CD003280CBF1F211946400100F134
:107F6000804303F52033144CD3F80421E06C0291D4
:107F700042F00402C3F8042148B102AA6946F8F7A6
:107F8000E3FC20B9009A93680BB1D0689847E06D84
:107F900048B102AA01A9F8F7D7FC20B9019A936861
:107FA0000BB1D068984706B010BD1C21D6E71E2142
:107FB000D4E71D21D2E700BF1000002010B51F4AF2
:107FC00086B000239042CDE90333044605932DD0BB
:107FD00003F1804303F58833984214D003F58053AE
:107FE000984227D003F58053984225D003F5DB2330
:107FF00003F5806398421BD003F5806398420CBF61
:108000000A23002300E006230D490293486B02AACD
:1080100001A9F8F799FC38B9019A93680BB1D068B7
:1080200098472046FEF72AF906B010BD0523EBE776
:108030000923E9E70723E7E70823E5E70000014014
:1080400010000020F0B587B00023CDE9033305937D
:10805000A1F11803022B029140F28C8036290E46C2
:1080600000F0888000287AD01446002A77D0137A4E
:108070000B2B74D84A4FDA0007EBC3035868E8B1FA
:1080800002AA01A9F8F760FC054658BB637A013BD8
:10809000072B64D8DFE803F007680463636307070E
:1080A000E068FEF7EDF8E268019BC3E90062D4E9FD
:1080B0000012C3E90212284607B0F0BD101D384473
:1080C000384A0321F8F754FB05460028F3D1237AF8
:1080D00007EBC30302AA586801A9F8F735FC054667
:1080E0000028D3D010210120F8F7A8F8014601900C
:1080F000002851D0E368C0E90063D4E90023C0E957
:108100000223237A07EBC3035868F8F711FB0546EF
:10811000F8B9637A013B072B12D801A252F823F079
:10812000B7800010878100107F810010418100100E
:108130004181001041810010B7800010B78000100D
:10814000237A07EBC307694678686FF01505F8F7DF
:10815000A1FA0198F8F774F8284607B0F0BD6FF05F
:108160001505284607B0F0BD0220FDF7AFFD002839
:1081700099D00EE06FF05705284607B0F0BDE068D3
:10818000FEF77EF897E70220FDF7A0FD05460028E0
:1081900091D06FF00F058EE76FF00B058BE700BFF6
:1081A00010000020A97E0010B1B1F8B50D4F3C6859
:1081B000064614B104600020F8BD0D4601201021D0
:1081C000F8F73CF8034650B12968AA68386019608E
:1081D000DA6020463360F8BD6FF0150070476FF02D
:1081E0000B00F8BD7423002000B3F0B5114C83B030
:1081F000074604F16006002502E00198F8F720F830
:10820000606801A9F8F76AFA0028F6D060680834B7
:10821000F8F700FBB44244F8045CF1D13846F8F7B3
:108220000FF8054B00201D6003B0F0BD6FF0150086
:10823000704700BF100000207423002010B586B0E6
:108240000023CDE9033301930593A1F11803022B19
:10825000029128D9362926D068B314465AB3507AE9
:10826000022814D003281AD0012815D0217A134BE4
:1082700003EBC10302AA586801A9F8F7F5FB04460D
:10828000B0B90198F7F7DCFF204606B010BD0C4BE3
:108290000393FDF721FDE9E7D3680393E6E7D06890
:1082A000FDF7F0FFE2E76FF05704204606B010BD7F
:1082B0006FF01204E8E76FF01504E5E71000002006
:1082C0000060004008B50948FCF750FB084B1A68ED
:1082D0005AB19A6932B91A6922B1BDE80840044816
:1082E000FCF740BBDB68002BF7D108BD0020044041
:1082F000F022002008B50948FCF738FB084B1A6A41
:108300005AB19A6B32B91A6B22B1BDE808400548E0
:10831000FCF728BBDB6A002BF7D108BD0030044016
:10832000F02200201023002008B50948FCF71EFBAE
:10833000084B1A6C5AB19A6D32B91A6D22B1BDE868
:1083400008400548FCF70EBBDB6C002BF7D108BDDD
:1083500000400440F02200203023002008B50948E6
:10836000FCF704FB084B1A6E5AB19A6F32B91A6FB8
:1083700022B1BDE808400548FCF7F4BADB6E002BDB
:10838000F7D108BD00140840F0220020502300203F
:108390000148FFF713BE00BF000001400148FFF78E
:1083A0000DBE00BF001001400148FFF707BE00BF2F
:1083B000002001400020FFF7C1BD00BF0120FFF7F2
:1083C000BDBD00BF0220FFF7B9BD00BF0320FFF70E
:1083D000B5BD00BF00B583B0FDF784FC430602D4F1
:1083E00003B05DF804FB4020FDF782FC074B01A9B8
:1083F000586AF8F733F90028F2DB019A9368002BEA
:10840000EED0D068984703B05DF804FB1000002060
:1084100030B5344A0368934287B041D002F58052A8
:10842000934228D0304A934248D002F575329342A5
:108430004ED00023CDE90333059302934FF0FF356F
:1084400011B318460B21FCF785FA284B586802AA8D
:1084500001A9F8F779FA044658B9019A24489368B3
:10846000690144502BB1234DD068012129709847F0
:108470002C7007B030BD0022CDE9032205920F22F7
:10848000029201250029DCD14269C368934211D0D0
:10849000826903699342ECD1002BEAD0164BD5E7F1
:1084A00000250E24CDE90355059502940029C8D175
:1084B0000D46E9E7002BEBD0104BC7E70022CDE9D2
:1084C000032205922222029202250029B9D1DBE77C
:1084D0000022CDE9032205925822029203250029A9
:1084E000AFD1D1E700200440004004402800002024
:1084F000F0220020ED2200202000002018000020A3
:1085000018B183680B60002070476FF0150070474A
:108510006FF05700704700BF18B3838810B504464A
:1085200063B1012B17D0022B17D0032B11D0042BD2
:1085300015D0052B0C4818BF002000E00B48FDF7B4
:1085400059FE6069F7F77CFE2046F7F779FE0020B8
:1085500010BD0748F3E70748F1E70748EFE707488A
:10856000EDE76FF015007047001008400000014073
:10857000003001400010014000200140000C084084
:1085800010B308B5838863B1012B11D0022B14D02E
:10859000032B0BD0042B15D0052B0D4818BF002042
:1085A00000E00C48FDF764FE002008BD0A48F9E72A
:1085B0000A48FDF75DFE002008BD0948FDF758FE9A
:1085C000002008BD0748EDE76FF01500704700BFB9
:1085D0000010084000000140003001400010014040
:1085E00000200140000C084010B308B5838863B137
:1085F000012B11D0022B14D0032B0BD0042B15D040
:10860000052B0D4818BF002000E00C48FDF732FE96
:10861000002008BD0A48F9E70A48FDF72BFE0020B4
:1086200008BD0948FDF726FE002008BD0748EDE714
:108630006FF01500704700BF0010084000000140B7
:10864000003001400010014000200140000C0840B3
:1086500030B3838810B50C4663B1012B12D0022BC6
:1086600016D0032B0CD0042B18D0052B0E4818BFA6
:10867000002000E00D48FDF7FFFD2060002010BD48
:108680000B48F8E70B48FDF7F7FD2060002010BD10
:108690000948FDF7F1FD2060002010BD0748EAE71A
:1086A0006FF01500704700BF001008400000014047
:1086B000003001400010014000200140000C084043
:1086C00020B308B5134B1B68B1EB530F1BD2838843
:1086D00063B1012B11D0022B11D0032B0BD0042B33
:1086E0000FD0052B0C4818BF002000E00B48FDF709
:1086F000CBFD002008BD0A48F9E70A48F7E70A4819
:10870000F5E70A48F3E76FF0150008BD6FF01500B4
:10871000704700BF0C00002000100840000001401E
:10872000003001400010014000200140000C0840D2
:10873000B0F5805F28D801280DD9032803D810236D
:108740000B7000207047072808D90F280AD830235B
:108750000B700020704700200870704720230B70BA
:10876000002070471F2805D93F2807D850230B70D9
:108770000020704740230B70002070477F2806D8E8
:1087800060230B70002070476FF015007047FF28C2
:1087900003D870230B7000207047B0F5007F03D220
:1087A00080230B7000207047B0F5806F03D29023B8
:1087B0000B7000207047B0F5006F03D2A0230B7040
:1087C00000207047B0F5805F14BFB023C0230B704A
:1087D000002070472DE9F04182B000296CD00B8851
:1087E000052B0D4668D8074618210120F7F726FD0E
:1087F0000446002863D00C210120F7F71FFD064630
:1088000000284DD0D5E901212B88A380C4E902219D
:1088100043BBDFF8B8802B4B18680DF10701400807
:10882000B0FBF2F08DF80700C0B2FFF781FF0546FC
:1088300048BB012370807370E268C6E901239DF88C
:108840000730337040466661FDF7D4FC2A46314656
:108850004046FDF7BBFB054698B93C60284602B090
:10886000BDE8F081012B1ED0022B16D0032B1DD0AA
:10887000042B1ED0052B144B14BF4FF00008984654
:10888000C9E76FF015053046F7F7DAFC2046F7F731
:10889000D7FC284602B0BDE8F081DFF83480BAE7A3
:1088A0006FF00B05F2E7DFF82C80B4E7DFF82880E3
:1088B000B1E7DFF82880AEE76FF01505CEE76FF07F
:1088C0000B05CBE70C000020001008400000014021
:1088D000002001400010014000300140000C084021
:1088E0002DE9F04182B0002800F0A78083880D4672
:1088F000064663BB544A554B17691B680DF10301CB
:108900005B08B3FBF5F0FFF713FF044678BBD6F81E
:1089100014809DF8033088F8003001A9304600F03B
:1089200045FB044618BBB3882BBB4748FDF762FCE8
:10893000B3888BB3012B5ED0022B6ED0032B60D09B
:10894000042B72D0052B424818BF002025E0012BD4
:1089500020D0022B4DD0032B1AD0042B59D0052B3D
:108960006ED13B4AC7E73848FDF782FCB560204628
:1089700002B0BDE8F081012B3FD0022B4BD0032B7E
:1089800041D0042B4FD0052B314818BF0020CDE734
:10899000304AB0E7304AAEE72B4841460022FDF7A7
:1089A00015FB0446002848D1B38863B1012B26D0BB
:1089B000022B34D0032B28D0042B38D0052B24488D
:1089C00018BF002000E020480199FDF75DFC3B0442
:1089D000CCD5B388002BC6D0012B22D0022B16D0C9
:1089E000032B26D0042B26D0052B194818BF0020B6
:1089F000BAE71A4A7FE71848CFE7174896E71648BC
:108A0000E2E71448C9E7134890E71248DCE7134847
:108A1000AAE7134A6FE7114888E71048BDE70F48F7
:108A2000D2E70D48A0E70E4880E70D48B5E70C48AF
:108A3000CAE7084898E70A4896E76FF0150496E7F2
:108A400000231B69FFDE00BF000001400C00002076
:108A5000001008400030014000100140002001409B
:108A6000000C08400C4B0D4A1B68A2FB03239B091A
:108A7000013BB3F1807F0BD24FF0E02208485361F5
:108A80004FF0E00C0021072380F823C091611361AF
:108A90000120FCF73DBE00BF0C000020D34D62104A
:108AA00000ED00E008B5FFF7DDFF08BD10B5054C8F
:108AB000FCF794FDD4E90023501C43F10001C4E904
:108AC000000110BD78230020FCF722BE4FF47A731A
:108AD00003FB00F0FCF71CBE00293ED0CB682DE95B
:108AE000F0410C46002B32D01B68002B32D00A68B4
:108AF000042A2CD81C4E56F8227005467FB1214618
:108B00002846984748B92368296856F823300B60EF
:108B10001A7901321A71E3680B61BDE8F0811821FE
:108B20000120F7F78BFB8046D0B1F7F78BFB88F875
:108B300004702368626846F82380C8F80830E36848
:108B4000C8E9032322691B68C8F81420D7E76FF02F
:108B50001500E2E76FF05700DFE76FF01500704790
:108B60006FF00B00D9E700BF8023002070B50B4EDB
:108B700056F820502B7904464BB92868F7F768FB64
:108B80002846F7F75DFB002346F8243070BD013B13
:108B9000DBB22B71002BF0D070BD00BF8023002012
:108BA00078B1036910B504468BB102681AB19068B8
:108BB000FFF7DCFF2369DB6833B12046BDE81040D6
:108BC00018476FF0150070476FF0570010BD6FF039
:108BD000150010BDF8B5C8B11D4603690446ABB118
:108BE0005B68B3B10368186816460F46F7F72CFBAD
:108BF00022692B462046556839463246A8472368E5
:108C000004461868F7F722FB2046F8BD6FF01504FC
:108C1000FAE76FF05704F7E7F8B5C8B11D460369E6
:108C20000446ABB19B68B3B10368186816460F469B
:108C3000F7F70AFB22692B462046956839463246EB
:108C4000A847236804461868F7F700FB2046F8BDDC
:108C50006FF01504FAE76FF05704F7E738B51C21F9
:108C600005460120F7F7EAFAA0B10446F7F7EAFA59
:108C700000202071D5E90032C4E902326A7A2274F8
:108C8000AA7A6274EA68A9696261044AA16142F839
:108C9000234038BD6FF00B0038BD00BF9423002087
:108CA000002936D0CB6870B50C4663B31B686BB334
:108CB0000A68082A27D8194E56F822200546CAB154
:108CC000214628469847034690B921682A6856F8F5
:108CD00021101160087901300871E1681161E169C2
:108CE000116210342A6894E80300143282E8030009
:108CF000184670BD0846FFF7B1FF03460028F7D1BC
:108D0000E3681B68DCE76FF01503F1E76FF05703CA
:108D1000EEE76FF015031846704700BF942300205C
:108D200070B50B4E56F820502B7904464BB9286885
:108D3000F7F78EFA2846F7F783FA002346F824302F
:108D400070BD013BDBB22B71002BF0D070BD00BFBA
:108D50009423002078B1036910B504468BB10268F2
:108D60001AB19068FFF7DCFF23695B6933B12046D5
:108D7000BDE8104018476FF0150070476FF05700BE
:108D800010BD6FF0150010BD70B5B8B10369044691
:108D9000A3B15B68ABB1036818680D461646F7F7D8
:108DA00053FA236920465B68324629469847236870
:108DB00004461868F7F74AFA204670BD6FF01504AC
:108DC000FAE76FF05704F7E7F8B5E9B14B690C46DD
:108DD000D3B10A780A2A17D81B68C3B10646984748
:108DE000054608B12846F8BD336862695A61094FE3
:108DF000207807EB8000F7F725FA2278336857F8D8
:108E000022201A602846F8BD6FF01505EAE76FF0DA
:108E10005705E7E7B8230020C8B1436910B50446F9
:108E200093B15B696BB10068F7F712FA6369217956
:108E3000084A5B69002042F821002046BDE8104046
:108E400018476FF0570010BD6FF0150010BD6FF0A0
:108E500015007047B823002070B5B8B143690446C7
:108E6000A3B10D4691B15B689BB100681646F7F758
:108E7000EBF9636920465B6832462946984703460A
:108E800020681C46F7F7E2F9204670BD6FF0150424
:108E9000FAE76FF05704F7E770B5B8B143690446D5
:108EA000A3B10D4691B19B689BB100681646F7F7D8
:108EB000CBF9636920469B683246294698470346AA
:108EC00020681C46F7F7C2F9204670BD6FF0150404
:108ED000FAE76FF05704F7E7F8B5C1B1CB680C4675
:108EE000ABB11B68B3B106469847054668B933680D
:108EF0000A4F2088E2681A6107EB8000F7F7A2F9B1
:108F00002288336857F822201A602846F8BD6FF08F
:108F10001505FAE76FF05705F7E700BFE4230020D7
:108F2000C8B1036910B5044693B15B6A6BB10068C0
:108F3000F7F78EF92369A188084A5B6A002042F896
:108F400021002046BDE8104018476FF0570010BDC3
:108F50006FF0150010BD6FF015007047E42300207E
:108F600020B1036913B19B681BB118476FF015005E
:108F700070476FF057007047A0B1036910B5044601
:108F80006BB1DB6843B10068F7F760F923692046ED
:108F9000DB68BDE8104018476FF0570010BD6FF058
:108FA000150010BD6FF01500704700BF28B10369B0
:108FB0001BB111B11B691BB118476FF01500704749
:108FC0006FF05700704700BF79B138B54B680C4659
:108FD0008BB11B6863B10546984728B92B68616857
:108FE0009A68596001329A6038BD6FF01500704779
:108FF0006FF0570038BD6FF0150038BD50B14268B2
:1090000042B1916A49B18268013A826002B9084767
:10901000002070476FF0150070476FF057007047E1
:1090200020B1436813B15B681BB118476FF015009E
:1090300070476FF05700704720B1436813B19B68C9
:109040001BB118476FF0150070476FF0570070475D
:1090500020B1436813B19B691BB118476FF015002D
:1090600070476FF05700704720B1436813B1DB6958
:109070001BB118476FF0150070476FF0570070472D
:1090800020B1436813B11B6A1BB118476FF015007C
:1090900070476FF057007047436870B5044603B3DC
:1090A00000252E4614E0A3682B44186BF7F7D0F880
:1090B000206940B1A3682B4403F11002D96911B1B2
:1090C000D968FFF7B9FF63689E4205F1380508D2F9
:1090D000A3682B4401369868F7F79CFB0028E2D080
:1090E00070BDE069F7F7B4F8E36820465B6898471D
:1090F0000028F5D1A369013BA36170BD2DE9F043C0
:1091000083B0002961D08B680F46002B5DD01B68AF
:10911000002B5DD0064601A8F7F794F80198F7F701
:1091200093F8BB6839461B6830469847804630B193
:109130000198F7F78BF8404603B0BDE8F08330683C
:109140001C30F7F77FF83368BA68DA607A6882B360
:1091500044460BE033689B684B4403F13000F7F75B
:1091600071F87B680134A342336822D99B68C4EB51
:10917000C40503EBC5030022012103F10800F7F742
:10918000F7FA4FEAC50905460028E3D0002744B1A5
:1091900033689B684B4401379868F7F73BFBA7425D
:1091A000F6D1306878B183696BB1FFF775FFA846D7
:1091B000BEE79A69019801329A61F7F747F840468D
:1091C00003B0BDE8F083A846B2E76FF01508B2E738
:1091D0006FF05708AFE700BF70B582B0E0B1C36869
:1091E0000446CBB19B68D3B1C0690E46F7F72CF8A3
:1091F000E36801A99B6820469847054630B9019B62
:10920000A268C3EBC30302EBC3033360E069F7F763
:109210001DF8284602B070BD6FF01505F9E76FF034
:109220005705F6E738B5A0B1C36804468BB10D46C3
:1092300079B1DB6883B1086BF7F706F8E368296852
:10924000DB68204698470446286BF6F7FFFF204668
:1092500038BD6FF01504FAE76FF05704F7E700BF69
:109260002DE9F04782B000286BD08946002968D0EC
:109270009046002A65D01C46002B62D08246186BAF
:10928000F6F7E2FF4E4600253146A0682F4601352D
:10929000F7F74EFAA84506F12406F5D1DAF81030B2
:1092A000002B43D004F1200363612368E36199F844
:1092B0001C306376C4E908A499F80C30012B2BD933
:1092C000022B3BD109232376DAF80C3049461B697F
:1092D00020469847064678B9DAF820301A4AE168FD
:1092E000DAF81000002B08BF1346224642F8103F60
:1092F000FFF796FE064690B10025A06801A9F7F792
:10930000EDF9AF4205F10105F7D1206BF6F79EFFAD
:10931000304602B0BDE8F0870B232376D4E7D9F8B6
:109320001820E168DAF81000FFF7AAFE206BF6F7C4
:109330008DFF0026304602B0BDE8F0876FF01506BD
:10934000DAE76FF01506E3E70594001038B5044638
:109350000025006BF6F778FF206B84F83450F6F7A1
:1093600075FF284638BD00BF38B5C8B1C36804468C
:10937000B3B10D46A1B15B69ABB1086BF6F764FF01
:10938000206910B1E968FFF763FEE36820465B6976
:10939000294698470446286BF6F758FF204638BD03
:1093A0006FF01504FAE76FF05704F7E730B583B0B4
:1093B00008B3C3680546F3B10C46E1B19B69EBB154
:1093C000086BF6F741FF286910B1E168FFF74CFE22
:1093D000A06801A9F7F782F90028F9D0EB682146C7
:1093E0009B69284698470346206B1C46F6F72EFFDC
:1093F000204603B030BD6FF01504F9E76FF0570455
:10940000F6E700BF10B5436884B0044602A9986827
:10941000F7F764F9E8B9636801A99868F7F71EF9E6
:10942000636803A99868F7F727FA0298036913B1EC
:10943000426901999847039B8BB123680199DB68C6
:1094400060681B699847D4E90001FFF78DFF04B0FD
:1094500010BDD4E90001FFF7A9FF04B010BDD4E9A5
:109460000032D1681869FFF7FFFD636801221A71A5
:1094700004B010BD09B1087970470120704700BFE2
:1094800038B5A0B1C36804468BB10D4679B11B6AEB
:109490006BB1086BF6F7D8FEE36829461B6A2046D5
:1094A00098470446286BF6F7D1FE204638BD0124C4
:1094B000204638BD61B138B5CB680C4673B11B6826
:1094C0004BB10546984710B92B68E268DA6038BDA1
:1094D0006FF0150070476FF0570038BD6FF0150042
:1094E00038BD00BF20B1C36833B19B680BB11847CA
:1094F00070476FF0570070476FF01500704700BF5E
:1095000020B1C36833B11B690BB1184770476FF0C6
:10951000570070476FF01500704700BF20B1C36857
:1095200033B19B690BB1184770476FF05700704714
:109530006FF01500704700BF70B5C8B10546C06830
:109540000E4620B10021FFF7E9FF044670B9A86874
:1095500002223146FFF718FCEB68044633B10121C3
:109560001846FFF7DBFF002818BF0446204670BDF1
:109570006FF01204FAE700BF8C4638B1014642EAA8
:10958000CC2252BA21F8102FFFF7D6BF4FF0FF3090
:10959000704700BFD8B142EA01336FEA434C6FEA2B
:1095A0005C4C1FFA8CFCC3F3072370B543EA0C2311
:1095B0000E46014643F0800321F8103F154604464D
:1095C000FFF7BAFF10B904EB4604A58270BD4FF057
:1095D000FF30704748B330B590F8413043EA81011D
:1095E00041F461510B1243EA0123014683B021F893
:1095F000103F15460446FFF79FFF002810DB0023AD
:109600000DF106012046ADF80630FFF795FF002862
:1096100008D1BDF806305BBA9AB223822A800020B6
:1096200003B030BDFCDB228AF8E74FF0FF30704713
:1096300028B330B590F83F300D461B02014643F089
:10964000541321F8103F83B00446FFF775FF00283C
:1096500010DB00230DF106012046ADF80630FFF7C0
:109660006BFF002808D1BDF806305BBA9AB223829E
:109670002A70002003B030BDFCDB228AF8E74FF0EF
:10968000FF30704700284BD0F0B50D46044683B03C
:1096900008461646F7F79EFA290A41EA05252146AB
:1096A00045F0101521F8105F05462046FFF744FFEE
:1096B000002830DB00230DF106012046ADF806300E
:1096C000FFF73AFF002828D1BDF806305BBA2382A5
:1096D00015F0FF001ED00138C0B2B51E002706EB02
:1096E000400608E0BDF806305BBA9AB2238225F83E
:1096F000022FB5420ED00DF106012046ADF80670DE
:10970000FFF71AFF0028EDD005DB228A25F8022F8B
:10971000B542F0D1002003B0F0BDD9DA03B0F0BDFE
:109720004FF0FF30704700BF002842D070B50123D2
:109730008B400E465BBA014643F0100321F8103F00
:1097400082B014460546FFF7F7FE002820DB082EFE
:1097500023D000230DF106012846ADF80630FFF7AF
:10976000EBFE002816D1BDF806305BBA2B82002331
:109770000DF106012846ADF80630FFF7DDFE0028A2
:1097800014D1BDF806305BBA9AB22B822280002039
:1097900002B070BDEBDA02B070BD95F85430002B0A
:1097A0000CBF78206920FFF78FF9D2E7F0DB2A8A17
:1097B000ECE74FF0FF3070472DE9F04107460D46CA
:1097C00001205821F6F73AFD00287DD0A96804460B
:1097D0000830FFF765FA0646002868D1296959B1B3
:1097E00004F10C00FFF766FE002866D1E068012155
:1097F000FFF786FE002852D1354B2360002384F802
:1098000041300823A374204600F07EF9002846DB8F
:1098100005F1140304F12E0205F11C0013F8011BDD
:1098200002F8011B8342D979D171F7D195F8241040
:10983000204600F0A7F9002831DB95F825102046D6
:1098400000F0B6F900282ADB95F82610204600F033
:1098500029FA002823DB204600F068F900281EDBE7
:109860002B7863B30121204600F0D4F9002816DBE1
:1098700027354FF0000815F8012B003A414618BF74
:109880000122204600F0AAF908F1010800285FFA39
:1098900088F804DBB8F1080FEDD13C600AE0064619
:1098A000E06808B1FFF71EFEA068FFF753FA2046F4
:1098B000F6F7C6FC3046BDE8F0810646F4E7696875
:1098C000204600F0BDF9D1E76FF00B06F2E700BFCC
:1098D000106F011038B5A0B1054600F015F9044627
:1098E00068B9E86818B1FFF7FDFD044638B9A86803
:1098F000FFF730FA044610B92846F6F7A1FC2046D7
:1099000038BD6FF01504FAE72DE9F043857C83B08C
:109910000446002D00F08F800022013D00F12F0C45
:1099200000F12E016FF02D005CFA85FC1646001B3D
:10993000174615464FF0010E431811F8018B08F138
:10994000FF38B8F1040F7AD8DFE808F068636D5A81
:10995000030094F83E800EFA03F348EA030384F808
:109960003E306145E8D192B223680621DB6820468B
:109970009847002841DB23683246DB680D212046EA
:109980009847002839DB23682A46DB6805212046F2
:109990009847002831DB2368BFB2DB683A460421D0
:1099A00020469847002828DB236894F84020DB688D
:1099B00009212046984700281FDB236894F83E20A1
:1099C000DB68082120469847002816DB236894F8B6
:1099D0003F20DB680A212046984700280DDB2368DA
:1099E0000DF106021B6904212046984728B99DF80D
:1099F0000600C01B18BF4FF0FF3003B0BDE8F08376
:109A000094F83F800EFA03F348EA030384F83F30EA
:109A1000A7E70EFA03F31D43EDB2A2E70EFA03F334
:109A20003B43DFB29DE70EFA03F35BB21D433B43BA
:109A3000EDB2DFB295E72E462F462A4694E791F81D
:109A40000780B8F1020F0AD0B8F1030F17D0B8F1B0
:109A5000010F19D00EFA03F31A43D2B281E794F83A
:109A60003E800EFA03F35BB243EA080884F83E80B6
:109A700094F8408043EA080384F8403071E70EFA16
:109A800003F31E43F6B26CE708FA03F394F83E8042
:109A900048EA030384F83E3063E700BFC8B110B55D
:109AA00090F83E200A41D20782B00C460ED40368DB
:109AB0000DF107015B699847002805DB9DF8073029
:109AC00043FA04F000F0010002B010BD90F84030FD
:109AD000F6E74FF0FF30704790B190F8403052B940
:109AE000012202FA01F123EA0102036880F8402012
:109AF000DB680921184701228A401A43D2B2F4E7F1
:109B00004FF0FF30704700BF10B558B1036840F602
:109B1000AC52DB680F21984704460A20FEF7D6FFB7
:109B2000204610BD4FF0FF34FAE700BF18B1002205
:109B3000C287FFF7E9BE4FF0FF307047F0B170B554
:109B40001E46036884B0C9B21B69019114460DF129
:109B50000E020546984700280EDBBDF80E202B6844
:109B60000199DB6822EA0602224392B2ADF80E2088
:109B70002846984700EAE07004B070BD4FF0FF300F
:109B8000704700BF88B1002938B54FF0200314BFDB
:109B90001A4600220D4603210446FFF7CFFF002896
:109BA00002DB84F84250002038BD4FF0FF30704790
:109BB00088B1002938B54FF0100314BF1A460022AF
:109BC0000D4603210446FFF7B9FF002802DB84F8A5
:109BD0004350002038BD4FF0FF307047B8B170B52A
:109BE0000E46154604466AB901238B409BB20B21F1
:109BF0002046FFF7A3FF002803DB3444002084F84D
:109C00004C5070BD01228A4092B21346EFE74FF0EC
:109C1000FF30704788B1002938B54FF4007314BF86
:109C20001A4600220D460B210446FFF787FF002845
:109C300002DB84F84450002038BD4FF0FF307047FD
:109C4000C0B138B5A1F57A7241F294139A420D462B
:109C50000DD84FF4007300220B210446FFF76EFF6E
:109C6000002803DB002084F84400A56438BD6FF0B1
:109C7000210038BD6FF01200704700BF78B159B1B4
:109C800090F8443023B140F6C4130B6000207047B5
:109C9000826C0A60184670476FF0150070476FF0CD
:109CA0001200704788B1002938B54FF4807314BF93
:109CB0001A4600220D4603210446FFF73FFF002805
:109CC00002DB84F85450002038BD4FF0FF3070475D
:109CD000E0B170B5154682B041F01002C5F3032320
:109CE0008DF804208DF805300E46044601234068A7
:109CF0008DF80650032201A9FEF76CFF002803DB54
:109D000004EB46040020A58202B070BD4FF0FF3086
:109D1000704700BFA8B110B582B00C46110A8DF88B
:109D200005108DF8062040688DF8044001230322B9
:109D300001A9FEF74FFF0F2C01D120EAE07002B01D
:109D400010BD4FF0FF307047A8B370B5012382B04B
:109D500003FA01F18DF80610C1F307218DF8051003
:109D600015460446022640688DF80460032201A9C6
:109D7000FEF730FF00281CDB402201238DF8042071
:109D800060681A4601A9FEF725FF002811DB60680C
:109D90000123324601A9FEF73FFF002809DB9DF8A9
:109DA00004309DF805201B0203F4706313442B80DC
:109DB000002002B070BD4FF0FF30704708B330B5DF
:109DC00083B0012341F070018DF80410154604465C
:109DD0001A46406801A9FEF7FDFE00280FDB606807
:109DE0000123022201A9FEF717FF002807DB9DF8D7
:109DF00004209DF8053003EB022300202B8003B0E4
:109E000030BD4FF0FF307047E0B130B583B0012373
:109E100060228DF804200D4604461A46406801A9C8
:109E2000FEF7D8FE00280BDB60680123022201A99F
:109E3000FEF7F2FE002803DB9DF805302B700020B2
:109E400003B030BD4FF0FF30704700BF002845D051
:109E50002DE9F041074686B008460D461446F6F750
:109E6000B9FE02268DF8065080462D0A78688DF8D6
:109E700004600123032201A98DF80550FEF7AAFE14
:109E8000002828DB40238DF8043078680023012265
:109E900001A9FEF79FFE00281DDB5FFA88F56A0026
:109EA000786802F0FE02012301A9FEF7B5FE002842
:109EB00011DB7DB1013DEDB2A21C01AB16FB052605
:109EC0001A78597801EB022124F8021BA64203F10B
:109ED0000203F5D1002006B0BDE8F0814FF0FF305D
:109EE000704700BF2DE9F04106460F46012058217A
:109EF000F6F7A4F900286AD0F96805460430FEF7A1
:109F0000EBFD041E57DB0023324A85F8413008235D
:109F10002A60AB742846FFF7F7FD041E48DB07F103
:109F2000140305F12E0207F11C0013F8011B02F8BF
:109F3000011B8342D979D171F7D197F824102846B3
:109F4000FFF720FE041E33DB97F825102846FFF7A5
:109F50002FFE041E2CDB97F826102846FFF7A2FEE2
:109F6000041E25DB2846FFF7E1FD041E20DB3B78BD
:109F70003BBB79682846FFF763FE0446002C17DBDD
:109F800027374FF0000817F8012B003A414618BF59
:109F900001222846FFF722FE08F10108041E5FFA9D
:109FA00088F805DBB8F1080FEDD13560002405E035
:109FB0006868FEF7F5FD2846F6F742F92046BDE849
:109FC000F08101212846FFF725FE0446D6E76FF011
:109FD0000B04F3E7286F011038B588B10546FFF789
:109FE00093FD044608B1204638BD6868FEF7D8FDE9
:109FF00004460028F7D12846F6F722F9204638BD56
:10A000006FF01504EFE700BF4368DA68B2F5806FC0
:10A0100049D82DE9F04F066883B0D6F84C808246C7
:10A02000002A35D04FF000094FF0010B1D6847465C
:10A03000002402E00134202C1FD00BFA04F3AB43C0
:10A04000F8D12246706801A9F6F750FC019B5A7FAF
:10A05000012AEFD19869197F03680DF102025B684C
:10A060009847F0B9BDF80230C3F30B030134202C3C
:10A07000ADF8023027F8023BDFD1DAF80430D3E93B
:10A08000021209F101094A458844CFD8D6F84C801C
:10A090005A6858694146F6F773FA002003B0BDE8E4
:10A0A000F08F0023E2E76FF0040070472DE9F047DE
:10A0B00082B09DF828909DF82CA050B30E4641B375
:10A0C00005462421012090461F46F6F7B7F80446BE
:10A0D000E0B1114A00974346182102F05DFB84F875
:10A0E0001DA0277784F81E906868A6612146F6F7C0
:10A0F0001FFB054618B9284602B0BDE8F087204688
:10A10000F6F79EF8284602B0BDE8F0876FF00B0521
:10A11000F1E76FF01505EEE7446201102DE9F04715
:10A1200082B0002861D00F46064669464068F6F7BF
:10A13000A3FB054618B1284602B0BDE8F087009899
:10A140002421F6F77BF80446002851D0009BB06428
:10A15000002BF0D0DFF8ACA0DFF8AC90DFF8AC80DB
:10A1600012E0187FA0605B7F8B4229D0022B05D1C3
:10A17000214B84F82010C4F81880E361009B01355E
:10A18000AB4204F12404D6D92A4601A97068F6F737
:10A19000ADFB00222271019B0121C4E9043584F842
:10A1A00022101C62002FDCD19A7FA2605B7F042BFF
:10A1B0000FD0052B04BF84F82010C4F81CA0DDE7E5
:10A1C000072884F8202009D80C4BC4F81880E361D4
:10A1D000D4E784F82070C4F81C90CFE7084BE36103
:10A1E000042384F822202371C8E76FF01505A2E745
:10A1F0006FF00B059FE700BFC0000020700000203B
:10A20000B00100207401002038010020000200206D
:10A2100070B504989D68144630B1052802D16B7F53
:10A22000052B17D0204670BD6B7F022BFAD1084654
:10A23000F6F7E6FCAE69297F336880B240F6FF721C
:10A24000824228BF02461B68304698470028EAD160
:10A250002046E8E70846F6F7D3FC0646297FA869BA
:10A26000B2B2FFF739FC0028DDD1AB692A7F134475
:10A27000204683F82460D6E708B5029B032B07D15C
:10A28000054B064A0846064902F0CAFA102008BDE6
:10A290006FF0150008BD00BF406F0110486F01103E
:10A2A000546F01100000000070B582B09A680698E3
:10A2B00095690C46082841D8DFE800F01E746C94BC
:10A2C000343B4354050001A92846FFF7D7FC00287A
:10A2D00035D195F84230002B00F08F80019A03466B
:10A2E0004FF0FF315A4801F0FBF902465949204628
:10A2F00002F096FA02B070BD537F022B00F0858009
:10A300002B68117F5B6801AA28469847B8B9BDF849
:10A3100004205049C2F30B022046ADF8042002F09D
:10A320007FFA0CE04C49204602B0BDE8704002F0D4
:10A3300077BA537F042B77D0052B6ED0002002B064
:10A3400070BD2B6801AA5B68082128469847002841
:10A35000F5D1BDF804203F49C2F30B02204602F0BC
:10A360005FFAECE701A92846FFF788FC0028E6D150
:10A3700001993A48A1FB000100F072FF30A3D3E934
:10A38000002301F0C5F802460B462046344902F08E
:10A3900047FAD4E72F490022204602F041FA012073
:10A3A00002B070BD537F012B34D0022B44D195F8FD
:10A3B000436001A92846FFF761FC0028BFD101983E
:10A3C000012E08BF400000F0FFFE264B002200F0E7
:10A3D00075FF0B4624490246204602B0BDE8704096
:10A3E00002F01EBA137F1D4495F84C30012B23D880
:10A3F0001E4A194952F8232095E7019A12A1D1E982
:10A40000000101F06DF9024670E7137F05EB43058B
:10A41000AA8A7EE795F84260CBE7137F1D4495F842
:10A420002420ADF8042061E7117F2846FFF736FBB2
:10A4300082B2ADF8042059E76FF015007FE700BF46
:10A440000000000065CDCD412340E3FFFFFFFFFF8B
:10A450000BE4F2FF5C6F011018640110FCBDFB08F7
:10A46000686F01100000303F606F0110D86F01105D
:10A4700038B5B8B10022054611460430F6F778F930
:10A48000044608B1204638BD0246696805F1080057
:10A49000F6F77CFA04460028F4D06868F6F7BAF9B3
:10A4A000204638BD6FF01504ECE700BF2DE9F04FF2
:10A4B00085B0002800F099800F46002900F09280B6
:10A4C000804654210120F5F7B9FE0546002800F02A
:10A4D0008680FFF7CDFF834628BBDFF81491DFF8B5
:10A4E00018A107F12E06044606E0022B22D0032B0A
:10A4F0002CD00134082C42D016F8013B012BF4D1AA
:10A500000193002300934A46E3B239462846FFF7F9
:10A51000CDFD0028EDD083466868F6F77BF910B9C9
:10A52000A868F6F753FA2846F5F78AFE584605B0AC
:10A53000BDE8F08F0193002300935246E3B2394601
:10A540002846FFF7B3FD0028D3D0E4E7012300221B
:10A5500001930092E3B24A46394628460393FFF737
:10A56000A5FD039B02220028D5D1CDE90002394682
:10A5700052462846FFF79AFD0028BAD0CBE70022C2
:10A580000126009201961A4A234639462846FFF7CB
:10A590008DFD83460028BFD131462846FFF7BEFD1A
:10A5A000041E15DDE602EC603046F5F745FEE86472
:10A5B00080B1EB68A96CAB820E4B2E655846A96141
:10A5C000AB6385F800B0C8F8005005B0BDE8F08F67
:10A5D000A346A1E7A86CF5F733FEA3469CE76FF00E
:10A5E0000B0BA3E76FF0120BA0E76FF0150B9DE7C5
:10A5F0006C6F011009A00010407001102DE9F04FA0
:10A600008DB0CDE9042000287BD00E46002978D0FB
:10A61000542101201446F5F711FE8046002874D01D
:10A62000FFF726FF03900746002842D1331DDFF8CD
:10A63000F4A0029304EB4409049B00256BB945E0A8
:10A64000E319524693F82EB0BBF1040F15D0BBF1BD
:10A65000050F35D00335A94538D056F82540002CD4
:10A6600030D0A368002BEBD163685BB3E319294AB0
:10A6700093F82EB0BBF1040FE9D1274906A802F0E8
:10A68000CFF8029BCDF804B013F82530009306AA4A
:10A690002146FBB24046FFF709FD0028DAD00390BF
:10A6A000D8F80400F6F7B6F818B9D8F80800F6F7A5
:10A6B0008DF94046F5F7C4FD03980DB0BDE8F08F65
:10A6C0001649DBE76FF012030393E9E7029B0137BA
:10A6D0000133082F0293AFD100214046FFF71EFD42
:10A6E0000028DCDDD8F84830C8F818300C4BC8F822
:10A6F0003830059BC8F80C00A8F81400C3F8008097
:10A70000DAE76FF015030393D6E76FF00B030393BB
:10A71000D2E700BF786F01108C6F0110806F0110BD
:10A7200009A00010706F011038B5B0B10446806CFC
:10A7300008B1F5F785FDE06C08B1F5F781FD6068BB
:10A74000F6F768F8054618B9A068F6F73FF9054628
:10A750002046F5F775FD284638BD6FF01505FAE778
:10A76000E0B170B5012582B00E4604460023406872
:10A770008DF804502A4601A9FEF72CFA08B102B060
:10A7800070BD60682B462A4601A9FEF745FA0028ED
:10A79000F5D19DF80430337002B070BD6FF0120037
:10A7A000704700BF28B370B582B00D460DF10301AC
:10A7B00016460446FFF7D4FFC8B99DF8033031466A
:10A7C00023EA050328468DF80330F6F7DBF99DF8F8
:10A7D00003201043C1B201238DF803108DF805103A
:10A7E00060688DF80430022201A9FEF7F3F902B087
:10A7F00070BD6FF01200704738B590B1012211465C
:10A800000546FFF7CFFF044608B1204638BD68680B
:10A8100010B1FEF7C5F904462846F5F711FD2046AC
:10A8200038BD6FF01504F0E770B5022982B030D85A
:10A83000194B0546595C6FF01204A8B1032988BF73
:10A840006FF0210410D8154B13F821304FF0FF346E
:10A8500053B18DF80410406816460023012201A967
:10A86000FEF7B8F9044610B1204602B070BD686822
:10A870000123022201A9FEF7CFF904460028F3D1F3
:10A8800001A8F6F7CBF920F07F003080204602B017
:10A8900070BD6FF01504E7E7E46F0110E86F011079
:10A8A000F0B583B000286ED00D4600296BD04C68FF
:10A8B000002C68D0237A03F04803482B63D1064666
:10A8C0000820F5F7B9FC074600285FD0214601A80B
:10A8D000FEF702F9044628B13846F5F7B1FC2046E8
:10A8E00003B0F0BD019B7B600DF1020201213846EF
:10A8F000FFF79AFF0446002841D1BDF80230B3F5B6
:10A90000964F1FD103F1FE4303F5980303F275231D
:10A9100002463B6001213846FFF744FF044658B920
:10A92000024602213846FFF73DFF0446A8B1012246
:10A9300011463846FFF736FF78680028CCD0FEF77E
:10A940002FF9C9E70198FEF72BF93846F5F778FC9F
:10A950006FF01204204603B0F0BD6A780421384637
:10A96000FFF720FF04460028E1D12A781821384655
:10A97000FFF718FF04460028D9D13760AFE70198E8
:10A98000FEF70EF9A8E76FF01504A8E76FF00B04C7
:10A99000A5E700BF02290B4626D810B51146184A74
:10A9A00084B0D35C044640B3032B23D8154A02EB92
:10A9B00083025278DAB14FF47F4001918DF80C3068
:10A9C000F6F7F4F801990346FF208DF80D30F6F7FD
:10A9D000EDF801238446032260688DF80EC003A9B8
:10A9E000FEF7F8F804B010BD6FF0150070474FF097
:10A9F000FF30F7E76FF02100F4E76FF01200F1E7A6
:10AA0000E46F0110E86F011008B501464FF6807041
:10AA1000F6F7CCF8082180B2F6F704F9C0EB401342
:10AA200000EB8300800008BD064908B581FB0031BA
:10AA3000C017C0EB61114FF68070F6F7A3F880B233
:10AA400008BD00BFD34D621070B582B08446069B2E
:10AA5000012B144626D0022B07D0002B14BF6FF019
:10AA600012006FF0150002B070BD01250A220846E1
:10AA700001A9DCF8006002F0B7FA019A1278B2B9C5
:10AA80000C4A00F55643D83393420DD8FFF7CCFF5C
:10AA9000294602463046FFF77DFF002808BF2046C2
:10AAA00002B070BD0225E1E76FF02100DBE76FF037
:10AAB0001500D8E720BF020010B582B00068049BE3
:10AAC000022B14D80C460B490DF10602C95CFFF7A6
:10AAD000ABFE08B102B010BDBDF80600FFF794FF51
:10AAE00005490246204601F09BFE02B010BD6FF002
:10AAF0001200EFE7187001105C6F011008B5029AA0
:10AB0000642A01D0002008BD0846024901F088FEF1
:10AB1000032008BD5C6F0110B0B138B50D4681B19E
:10AB200004463C210120F5F789FB034678B1094929
:10AB3000094A1D6001201881C3E903120020236027
:10AB400038BD6FF0150038BD6FF0150070476FF01D
:10AB50000B0038BD580200207C02002020B108B54F
:10AB6000F5F76EFB002008BD6FF01500704700BFC1
:10AB700070B51E4D1E4906462846FEF725FA0446C6
:10AB800008B1204670BD1B4A2868166040F20633A3
:10AB900013810521FEF744FA044658B9164E1749A9
:10ABA0003046FEF799F9044648B1124A2868052153
:10ABB000FEF742FA2868FEF721FA204670BD306899
:10ABC000FEF7CEF9044660B90D48FBF759FB28683B
:10ABD0000521FEF73DFA04460028D2D03068FEF782
:10ABE000CBF93068FEF79CF9DFE700BF0C240020AA
:10ABF00014030020F8230020082400200003002074
:10AC00000000014038B50B4C0B4D20680521FEF7C4
:10AC10002BFA2868FEF7B0F92868FEF781F920685A
:10AC2000064A0521FEF708FA2068BDE83840FEF71D
:10AC3000E5B900BF0C24002008240020F8230020E0
:10AC400010B5104A84B0002301A96846CDE902235B
:10AC50000193FEF7B9F918B10446204604B010BDBF
:10AC600000981821FEF7F4F9044630B900F058F8BE
:10AC7000182104460098FEF7F7F90098FEF7BEF990
:10AC8000EBE700BFB46E011010B4224B1978032912
:10AC90003CD8DFE801F01C270F021F490A68013287
:10ACA000022A0A602DD001211C4B5DF8044B186864
:10ACB000FEF734BC1848026801320C2A02601BD02F
:10ACC000164B5DF8044B18680021FEF727BC1248AC
:10ACD00002680132782A0260F2D1012400221C703D
:10ACE0000260E1E70C4802680132022A0260DAD110
:10ACF00000241A700460D7E7002103221A70016053
:10AD0000D2E700220A601A700121CDE700221A70F2
:10AD1000C9E700BF1C540020145400201854002020
:10AD20002DE9F043D7B02EAF40220021384601F084
:10AD300075FA602200213EA801F070FA302200214D
:10AD400022A801F06BFA6F4A6F49249101218DF816
:10AD5000881092E803006D4E6D4A6E4D259227AB28
:10AD600083E8030096E803006B4A1B9229AB83E853
:10AD7000030000226949ADF868202846FEF79AFBD7
:10AD8000044618B1204657B0BDE8F0830146286854
:10AD9000FEF7B6FB0446A8B96148FFF7E9FE044692
:10ADA00080B922A90EA8FEF707FD044640B90E9906
:10ADB00010A8FFF77BFB044658B10E98FEF78AFDFA
:10ADC000FFF720FF2868FEF78DFB204657B0BDE84F
:10ADD000F08322A90FA8FFF785F8044640B90F9920
:10ADE00011A8FFF763FB044630B10F98FFF7F4F8A2
:10ADF0001098FFF799FCE0E706F1080393E80300D9
:10AE000010361DAB83E8030096E8030020AB83E80F
:10AE100003000E9B1C9302220F9B1F931CA912A8D8
:10AE2000FFF7ECFB0446002868D11AA914A8FFF725
:10AE300037FD044600285ED1149915A8FFF76CFE73
:10AE40000446002854D13EAB3093159B3F93043306
:10AE50004093109B459310334693119B4B931033B3
:10AE60004C93129B51931033529316AB47932D4B37
:10AE700019932D4B3E932D4B44932D4B4A932D4BC1
:10AE800050934FF4C05218ABDFF8B0E0169218920E
:10AE90004D93294A179204233193BEE80F000DF118
:10AEA000D00CACE80F009EE8070031AE8CE807003C
:10AEB0000FCEDFF88C906C464FF00508CDE92E9848
:10AEC0000FC40FCE0FC40FCE0FC43368236097E8B2
:10AED0000E0013A8F8F796F8044630B91398F8F75F
:10AEE0004FF904461398F8F763F91598FFF736FE03
:10AEF0001498FFF781FC1298FFF716FC1198FFF7E2
:10AF000013FC72E744700110A4020020D0700110FD
:10AF1000C402002018540020EC020020D8020020B7
:10AF200089AC0010143C00201C700110247001102A
:10AF30002C70011034700110142400202003002014
:10AF40005C03002081F0004102E000BF83F0004379
:10AF500030B54FEA41044FEA430594EA050F08BFB4
:10AF600090EA020F1FBF54EA000C55EA020C7FEA78
:10AF7000645C7FEA655C00F0E2804FEA5454D4EBF5
:10AF80005555B8BF6D420CDD2C4480EA020281EABF
:10AF9000030382EA000083EA010180EA020281EAF7
:10AFA0000303362D88BF30BD11F0004F4FEA013149
:10AFB0004FF4801C4CEA113102D0404261EB410158
:10AFC00013F0004F4FEA03334CEA133302D05242DE
:10AFD00063EB430394EA050F00F0A780A4F101049A
:10AFE000D5F1200E0DDB02FA0EFC22FA05F28018D4
:10AFF00041F1000103FA0EF2801843FA05F35941BA
:10B000000EE0A5F120050EF1200E012A03FA0EFC38
:10B0100028BF4CF0020C43FA05F3C01851EBE37162
:10B0200001F0004507D54FF0000EDCF1000C7EEB7F
:10B0300000006EEB0101B1F5801F1BD3B1F5001FBD
:10B040000CD349085FEA30004FEA3C0C04F10104DC
:10B050004FEA445212F5800F80F09A80BCF1004F05
:10B0600008BF5FEA500C50F1000041EB045141EA87
:10B07000050130BD5FEA4C0C404141EB0101013C50
:10B0800028BFB1F5801FE9D291F0000F04BF01463F
:10B090000020B1FA81F308BF2033A3F10B03B3F111
:10B0A00020020CDA0C3208DD02F1140CC2F10C02A1
:10B0B00001FA0CF021FA02F10CE002F11402D8BFFF
:10B0C000C2F1200C01FA02F120FA0CFCDCBF41EACB
:10B0D0000C019040E41AA2BF01EB0451294330BD9A
:10B0E0006FEA04041F3C1CDA0C340EDC04F1140477
:10B0F000C4F1200220FA04F001FA02F340EA03004E
:10B1000021FA04F345EA030130BDC4F10C04C4F193
:10B11000200220FA02F001FA04F340EA0300294673
:10B1200030BD21FA04F0294630BD94F0000F83F4BD
:10B13000801306BF81F480110134013D4EE77FEAA0
:10B14000645C18BF7FEA655C29D094EA050F08BFEC
:10B1500090EA020F05D054EA000C04BF19461046CD
:10B1600030BD91EA030F1EBF0021002030BD5FEA11
:10B17000545C05D14000494128BF41F0004130BD39
:10B1800014F580043CBF01F5801130BD01F000458D
:10B1900045F0FE4141F470014FF0000030BD7FEA00
:10B1A000645C1ABF194610467FEA655C1CBF0B46FB
:10B1B000024650EA013406BF52EA033591EA030F12
:10B1C00041F4002130BD00BF90F0000F04BF00210A
:10B1D000704730B54FF4806404F132044FF000053D
:10B1E0004FF0000150E700BF90F0000F04BF0021B6
:10B1F000704730B54FF4806404F1320410F000451C
:10B2000048BF40424FF000013EE700BF42004FEA16
:10B21000E2014FEA31014FEA02701FBF12F07F4393
:10B2200093F07F4F81F06051704732F07F4208BF4A
:10B23000704793F07F4F04BF41F40021704730B551
:10B240004FF4607401F0004521F000411CE700BF9D
:10B2500050EA010208BF704730B54FF000050AE020
:10B2600050EA010208BF704730B511F0004502D521
:10B27000404261EB41014FF4806404F132045FEA23
:10B28000915C3FF4D8AE4FF003025FEADC0C18BFCC
:10B2900003325FEADC0C18BF033202EBDC02C2F1BE
:10B2A000200300FA03FC20FA02F001FA03FE40EA50
:10B2B0000E0021FA02F11444BDE600BF70B54FF054
:10B2C000FF0C4CF4E06C1CEA11541DBF1CEA135532
:10B2D00094EA0C0F95EA0C0F00F0DEF82C4481EA9A
:10B2E000030621EA4C5123EA4C5350EA013518BFBA
:10B2F00052EA033541F4801143F4801338D0A0FBA7
:10B3000002CE4FF00005E1FB02E506F00042E0FB53
:10B3100003E54FF00006E1FB03569CF0000F18BF59
:10B320004EF0010EA4F1FF04B6F5007F64F5407401
:10B3300004D25FEA4E0E6D4146EB060642EAC62194
:10B3400041EA55514FEAC52040EA5E504FEACE2E01
:10B35000B4F1FD0C88BFBCF5E06F1ED8BEF1004F04
:10B3600008BF5FEA500E50F1000041EB045170BD80
:10B3700006F0004646EA010140EA020081EA0301C4
:10B38000B4EB5C04C2BFD4EB0C0541EA045170BDC0
:10B3900041F480114FF0000E013C00F3AB8014F13A
:10B3A000360FDEBF002001F0004170BDC4F1000483
:10B3B000203C35DA0C341BDC04F11404C4F1200504
:10B3C00000FA05F320FA04F001FA05F240EA02005F
:10B3D00001F0004221F0004110EBD37021FA04F695
:10B3E00042EB06015EEA430E08BF20EAD37070BD4F
:10B3F000C4F10C04C4F1200500FA04F320FA05F0AE
:10B4000001FA04F240EA020001F0004110EBD370AF
:10B4100041F100015EEA430E08BF20EAD37070BD1F
:10B42000C4F1200500FA05F24EEA020E20FA04F3F8
:10B4300001FA05F243EA020321FA04F001F00041A7
:10B4400021FA04F220EA020000EBD3705EEA430E18
:10B4500008BF20EAD37070BD94F0000F0FD101F047
:10B460000046400041EB010111F4801F08BF013C80
:10B47000F7D041EA060195F0000F18BF704703F0BE
:10B480000046520043EB030313F4801F08BF013D45
:10B49000F7D043EA0603704794EA0C0F0CEA135501
:10B4A00018BF95EA0C0F0CD050EA410618BF52EABB
:10B4B0004306D1D181EA030101F000414FF00000C1
:10B4C00070BD50EA410606BF1046194652EA4306CF
:10B4D00019D094EA0C0F02D150EA013613D195EA43
:10B4E0000C0F05D152EA03361CBF104619460AD18B
:10B4F00081EA030101F0004141F0FE4141F4700195
:10B500004FF0000070BD41F0FE4141F4780170BD84
:10B5100070B54FF0FF0C4CF4E06C1CEA11541DBFE9
:10B520001CEA135594EA0C0F95EA0C0F00F0A7F8EB
:10B53000A4EB050481EA030E52EA03354FEA013118
:10B5400000F088804FEA03334FF0805545EA13132B
:10B5500043EA12634FEA022245EA111545EA1065F3
:10B560004FEA00260EF000419D4208BF964244F18A
:10B57000FD0404F5407402D25B084FEA3202B61AA9
:10B5800065EB03055B084FEA32024FF480104FF47D
:10B59000002CB6EB020E75EB030E22BFB61A7546F1
:10B5A00040EA0C005B084FEA3202B6EB020E75EB84
:10B5B000030E22BFB61A754640EA5C005B084FEAEC
:10B5C0003202B6EB020E75EB030E22BFB61A7546B9
:10B5D00040EA9C005B084FEA3202B6EB020E75EBC4
:10B5E000030E22BFB61A754640EADC0055EA060E85
:10B5F00018D04FEA051545EA16754FEA06164FEAC8
:10B60000C30343EA52734FEAC2025FEA1C1CC0D173
:10B6100011F4801F0BD141EA00014FF000004FF000
:10B62000004CB6E711F4801F04BF01430020B4F1C1
:10B63000FD0C88BFBCF5E06F3FF6AFAEB5EB030C79
:10B6400004BFB6EB020C5FEA500C50F1000041EB76
:10B65000045170BD0EF0004E4EEA113114EB5C0443
:10B66000C2BFD4EB0C0541EA045170BD41F4801116
:10B670004FF0000E013C90E645EA060E8DE60CEA1E
:10B68000135594EA0C0F08BF95EA0C0F3FF43BAF3B
:10B6900094EA0C0F0AD150EA01347FF434AF95EAF2
:10B6A0000C0F7FF425AF104619462CE795EA0C0FD6
:10B6B00006D152EA03353FF4FDAE1046194622E7A3
:10B6C00050EA410618BF52EA43067FF4C5AE50EA7D
:10B6D00041047FF40DAF52EA43057FF4EBAE12E76D
:10B6E0007BB972B90029BEBF00204FF0004106E0CF
:10B6F00008BF00281CBF6FF000414FF0FF3000F082
:10B70000BFB9ADF1080C6DE904CE002909DB002BAF
:10B710001ADB00F04DF8DDF804E0DDE9022304B0A7
:10B720007047404261EB4101002B1BDB00F040F809
:10B73000DDF804E0DDE9022304B0404261EB4101A1
:10B74000524263EB43037047524263EB430300F002
:10B750002FF8DDF804E0DDE9022304B0404261EB9C
:10B7600041017047524263EB430300F021F8DDF8DA
:10B7700004E0DDE9022304B0524263EB4303704767
:10B7800053B94AB9002908BF00281CBF4FF0FF3148
:10B790004FF0FF3000F074B9ADF1080C6DE904CE44
:10B7A00000F006F8DDF804E0DDE9022304B070479C
:10B7B0002DE9F047089D04468E46002B4DD18A4264
:10B7C000944669D9B2FA82F252B101FA02F3C2F197
:10B7D000200120FA01F10CFA02FC41EA030E944028
:10B7E0004FEA1C48210CBEFBF8F61FFA8CF708FB49
:10B7F00016E341EA034306FB07F199420AD91CEB21
:10B80000030306F1FF3080F01F81994240F21C8152
:10B81000023E63445B1AA4B2B3FBF8F008FB10339A
:10B8200044EA034400FB07F7A7420AD91CEB0404CF
:10B8300000F1FF3380F00A81A74240F2078164449F
:10B84000023840EA0640E41B00261DB1D440002324
:10B85000C5E900433146BDE8F0878B4209D9002D88
:10B8600000F0EF800026C5E9000130463146BDE812
:10B87000F087B3FA83F6002E4AD18B4202D382427C
:10B8800000F2F980841A61EB030301209E46002D2B
:10B89000E0D0C5E9004EDDE702B9FFDEB2FA82F280
:10B8A000002A40F09280A1EB0C014FEA1C471FFADE
:10B8B0008CFE0126200CB1FBF7F307FB131140EAC5
:10B8C00001410EFB03F0884208D91CEB010103F192
:10B8D000FF3802D2884200F2CB804346091AA4B254
:10B8E000B1FBF7F007FB101144EA01440EFB00FE28
:10B8F000A64508D91CEB040400F1FF3102D2A6458D
:10B9000000F2BB800846A4EB0E0440EA03409CE72B
:10B91000C6F12007B34022FA07FC4CEA030C20FAD8
:10B9200007F401FA06F31C43F9404FEA1C4900FAF8
:10B9300006F3B1FBF9F8200C1FFA8CFE09FB181175
:10B9400040EA014108FB0EF0884202FA06F20BD9E8
:10B950001CEB010108F1FF3A80F08880884240F238
:10B960008580A8F102086144091AA4B2B1FBF9F07C
:10B9700009FB101144EA014100FB0EFE8E4508D977
:10B980001CEB010100F1FF346CD28E456AD90238FC
:10B99000614440EA0840A0FB0294A1EB0E01A142E1
:10B9A000C846A64656D353D05DB1B3EB080261EB4F
:10B9B0000E0101FA07F722FA06F3F1401F43C5E929
:10B9C000007100263146BDE8F087C2F12003D8405F
:10B9D0000CFA02FC21FA03F3914001434FEA1C47A1
:10B9E0001FFA8CFEB3FBF7F007FB10360B0C43EA93
:10B9F000064300FB0EF69E4204FA02F408D91CEB43
:10BA0000030300F1FF382FD29E422DD90238634440
:10BA10009B1B89B2B3FBF7F607FB163341EA0341E0
:10BA200006FB0EF38B4208D91CEB010106F1FF382F
:10BA300016D28B4214D9023E6144C91A46EA004626
:10BA400038E72E46284605E70646E3E61846F8E6B8
:10BA50004B45A9D2B9EB020864EB0C0E0138A3E701
:10BA60004646EAE7204694E74046D1E7D0467BE7E2
:10BA7000023B614432E7304609E76444023842E75A
:10BA8000704700BF10B4044C03460A4620685DF8B6
:10BA9000044B194600F002B88403002038B5A1FB1E
:10BAA00002148CBB00F070F80546E0B150F8042C8D
:10BAB00022F00302043A242A17D8132A1AD91B2A7F
:10BAC000C0E900441DD9242A14BF00F1100200F17E
:10BAD00018024FF00003C0E9024404BF046144614E
:10BAE000C2E900339360284638BD214600F096FB3A
:10BAF000284638BD02460023C2E900339360284639
:10BB000038BD00F10802F6E700F004F80C23002528
:10BB10000360E8E7014B1868704700BF840300200A
:10BB200070B50D4E0D4D761BB61006D0002455F89D
:10BB3000043B01349847A642F9D1094E094D761BC2
:10BB40000BF0E0FDB61006D0002455F8043B01349C
:10BB50009847A642F9D170BD340D0020340D002065
:10BB60003C0D0020340D0020024B0146186800F007
:10BB70000BB800BF84030020024B0146186805F093
:10BB800031BE00BF840300202DE9F04F01F10B0608
:10BB9000162E83B0044624D8102900F2BA8000F093
:10BBA0008FFB102618220220B54F3A44A2F108015B
:10BBB00053688B4200F0BA805A68D96822F00302B9
:10BBC0001A449D68E9608D60516841F0010120468A
:10BBD000516003F1080500F079FB284603B0BDE889
:10BBE000F08F36F0070600F19480B14200F29180A8
:10BBF00000F066FBB6F5FC7FC0F09A81730A00F096
:10BC00008F80042B00F26F81B30903F1390003F137
:10BC1000380CC3009A4F3B44A3F108055B689D4272
:10BC200006D10CE0002980F22781DB689D4206D016
:10BC30005A6822F00302911B0F29F3DD60463D692B
:10BC4000DFF850C265457CD06A6822F00302931B7E
:10BC50000F2B00F37B81002BC7E904CC80F26C81B1
:10BC6000B2F5007F80F01A81D308796801334FEA7A
:10BC7000521E012202FA0EF20A4357F833E0C5F8C9
:10BC800008E007EBC3010839E9607A6047F83350F0
:10BC9000CEF80C50831001219940914257D811429F
:10BCA00006D120F003004900114200F10400FAD04F
:10BCB00007EBC0094D468646D5F80C80454508D1AE
:10BCC0001DE1002B80F22481D8F80C80454500F05E
:10BCD0001681D8F8042022F00302931B0F2BF0DD0D
:10BCE0002046D8E9025408EB060146F00106C8F8E0
:10BCF0000460EC60A56043F00104C7E90411C1E9E8
:10BD000002CC4C6048F8023000F0E0FA08F1080577
:10BD100002E00C2323600025284603B0BDE8F08F25
:10BD20004FF4007340204FF03F0C73E7D3689A4202
:10BD300008BF02307FF440AF3D69DFF858C1654568
:10BD400082D17A688310012199409142A7D9BD68B8
:10BD50006B6823F003094E4503D8A9EB06030F2BAC
:10BD60007ADCDFF834B1474BDBF800201B68013286
:10BD7000334405EB090A00F0338103F580530F3398
:10BD800023F47F6828F00F084146204600F0F2FCBB
:10BD9000411C024600F0F380824500F2EE803A4BEF
:10BDA000196841441960084600F04E81DBF8001024
:10BDB000019301311BBFA2EB0A0A5044CBF80020CB
:10BDC000186012F0070B00F01781CBF108010A444C
:10BDD000CBF5805190440831A1EB0801C1F30B0A67
:10BDE00051462046009200F0C5FC421CDDE90023CC
:10BDF00000F04F81801A00EB0A081968BA6048F019
:10BE000001005144BD425060196000F02981B9F130
:10BE10000F0F40F227816868A9F10C0C2CF0070C79
:10BE200000F0010040EA0C0068604FF0050E05EBE1
:10BE30000C00BCF10F0FC0E901EE00F23281506836
:10BE40001546124B1A688A4238BF1960104B1A689F
:10BE50008A4238BF196094E0AA1943F0010346F002
:10BE600001066E602046BA60536000F02FFA083574
:10BE7000284603B0BDE8F08FD9681A44A1E600BF98
:10BE8000B0070020505400202054002048540020C7
:10BE90004C540020B8070020B80B0020B2F5206FEA
:10BEA0004FEA522363D3142B00F2B78003F15C01F5
:10BEB000C9005B3307EB010E7958AEF1080E8E45D1
:10BEC00000F091804B6823F00303934202D9896804
:10BED0008E45F7D1D1F80CE07A68C5E9021ECEF89C
:10BEE0000850CD60D6E6142B59D9542B00F29D8012
:10BEF000330B03F16F0003F16E0CC3008AE60EF101
:10BF0000010E1EF0030F05F108057FF4D5AE51E0D8
:10BF1000424445465368D8F80C1043F0010353607F
:10BF200055F8083F2046D9608B6000F0CFF9F3E662
:10BF3000F00806F1080237E62A442046536843F029
:10BF400001035360083500F0C1F9E5E6A919204660
:10BF500046F0010643F001046E60C7E90411C1E92F
:10BF600002CC4C60AB5000F0B1F90835D4E693092F
:10BF700003F13901C90038339CE7BD425FD0BD6889
:10BF8000686820F003084645A8EB060302D80F2B8B
:10BF90003FF762AF204600F099F90025BCE603F1B7
:10BFA0005C0003F15B0CC30034E659F808394B45DB
:10BFB00040F0968010F0030F00F1FF30F5D17B6860
:10BFC00023EA01037B60490099423FF6C0AE19B9EC
:10BFD000BDE649000EF1040E1942FAD0704667E63C
:10BFE00003F11008D0E69A104FF001087B6808FAB8
:10BFF00002F21A437A6070E702EB08014942C1F38A
:10C000000B0A51462046009200F0B4FB431CDDE9C8
:10C0100000237FF4EFAEDA46EFE6542B25D8130B5E
:10C0200003F16F01C9006E3344E7B3F5AA7F25D849
:10C03000F30B03F1780003F1770CC300EAE5294B19
:10C04000186840441860B1E6CAF30B0CBCF1000F4D
:10C050007FF4ACAEBD68C84448F001006860F0E60B
:10C060001546EEE60123536094E7B3F5AA7F23D883
:10C07000D30B03F17801C90077331BE740F2545228
:10C08000934223D8B30C03F17D0003F17C0CC30071
:10C09000C0E5ABF1080BD844A8EB02084FF0000A4A
:10C0A000ABE605F108012046009305F09BFBBD6857
:10C0B000009B68681968C4E640F254518B420BD863
:10C0C000930C03F17D01C9007C33F3E64FF47E73DA
:10C0D0007F204FF07E0C9DE54FF47E717E23E9E6D4
:10C0E0007B6870E720540020844641EA000313F087
:10C0F00003036DD1403A41D351F8043B40F8043B6F
:10C1000051F8043B40F8043B51F8043B40F8043B31
:10C1100051F8043B40F8043B51F8043B40F8043B21
:10C1200051F8043B40F8043B51F8043B40F8043B11
:10C1300051F8043B40F8043B51F8043B40F8043B01
:10C1400051F8043B40F8043B51F8043B40F8043BF1
:10C1500051F8043B40F8043B51F8043B40F8043BE1
:10C1600051F8043B40F8043B51F8043B40F8043BD1
:10C1700051F8043B40F8043B403ABDD2303211D371
:10C1800051F8043B40F8043B51F8043B40F8043BB1
:10C1900051F8043B40F8043B51F8043B40F8043BA1
:10C1A000103AEDD20C3205D351F8043B40F8043B71
:10C1B000043AF9D2043208D0D2071CBF11F8013B6F
:10C1C00000F8013B01D30B8803806046704700BF35
:10C1D000082A13D38B078DD010F003038AD0C3F144
:10C1E0000403D21ADB071CBF11F8013B00F8013B26
:10C1F00080D331F8023B20F8023B7BE7043AD9D3E5
:10C20000013A11F8013B00F8013BF9D20B780370B9
:10C210004B7843708B78837060467047830730B5E6
:10C2200048D0541E002A3FD0CAB2034601E0013C68
:10C230003AD303F8012B9D07F9D1032C2DD9CDB2A8
:10C2400045EA05250F2C45EA054536D9A4F110022B
:10C2500022F00F0C03F1200EE6444FEA121C03F10A
:10C26000100242E9045542E9025510327245F8D1F4
:10C270000CF1010214F00C0F03EB021204F00F0C8E
:10C2800013D0ACF1040323F003030433134442F846
:10C29000045B9342FBD10CF003042CB1CAB21C44E2
:10C2A00003F8012B9C42FBD130BD64461346002CA1
:10C2B000F4D1F9E703461446BFE71A46A446E0E77F
:10C2C000014805F04DBD00BF58540020014805F05D
:10C2D00049BD00BF5854002070B5054688B00846D7
:10C2E0000C4600F00DFD224EAA6B0590012143186B
:10C2F000CDE9066104A8022104940393AC6801907F
:10C30000029122B3636E13F0010FB4F90C309AB2AC
:10C3100001D1980525D5910406D4626E43F40053EB
:10C3200022F40052A3816266284601AA214605F044
:10C330005FFB636E002814BF4FF0FF350A25DA0754
:10C3400002D4A3899B0506D5284608B070BD2846AF
:10C3500005F050F9D6E7A06D05F004FD284608B0B9
:10C3600070BDA06D05F0FCFCB4F90C309AB2D2E7B8
:10C37000C06C0110024B01461868FFF7ADBF00BF4B
:10C380008403002010B4044C03460A4620685DF87C
:10C39000044B194600F002B8840300202DE9F84F41
:10C3A0001746002900F0988007F10B0580460C46DF
:10C3B000FFF786FF162D5DD810252A46AF425ED8BE
:10C3C00054F8041C21F003069642A4F1080962DA2D
:10C3D000BC4BD3F808C009EB0600844500F09780F9
:10C3E000D0F804C02CF0010303445B68DB0768D479
:10C3F0002CF0030C06EB0C03934247DACB0710D466
:10C4000054F8083CA9EB030ADAF8043023F00301DE
:10C410008C44B444944580F211817318934280F2A5
:10C42000E88039464046FFF7AFFB0746E0B154F8D5
:10C43000043C23F001034B44A0F10802934200F0B6
:10C44000D280321F242A00F2F580132A00F2AC8039
:10C4500003462246116819605168596092689A60D3
:10C460002146404605F0BEF94046FFF72FFF38460B
:10C47000BDE8F88F25F00705002D2A469EDA0C232B
:10C48000C8F8003000273846BDE8F88F1E46D0E9CE
:10C490000223D3609A60731B0F2B22D8D9F8043083
:10C4A00003F0010333434E44C9F80430736843F08A
:10C4B0000103736040462746FFF708FF3846BDE892
:10C4C000F88FC907ADD454F8083CA9EB030ADAF891
:10C4D000041021F00301A0E7BDE8F84F1146FFF773
:10C4E00053BBD9F8041001F001012943C9F8041025
:10C4F00009EB05014E4443F001034B60736843F0C0
:10C50000010308317360404605F06CF9D2E7DCF8AE
:10C51000040020F0030B06EB0B0C05F11000844522
:10C520004DDAC9073FF57DAF54F8081CA9EB010AA5
:10C53000DAF8041021F003018B44B34458453FF767
:10C540006CAF5746DAF80C1057F8080F321F242A40
:10C55000C160886000F2DB80132A40F2D680216837
:10C56000CAF808106168CAF80C101B2A00F2DF80B4
:10C5700008340AF110022168116061685160A168F5
:10C5800091600AEB0501ABEB050242F001029960F4
:10C590004A60DAF8043003F001031D434046CAF84C
:10C5A0000450FFF793FE6EE72368036063684360FF
:10C5B0001B2A68D804F1080200F108034AE709EBD6
:10C5C00005029A60ACEB050343F00103536054F895
:10C5D000043C03F001031D43404644F8045CFFF7AC
:10C5E00075FE27464FE750F8043C23F003031E4432
:10C5F00051E75746DAF80C1057F8080F321F242A73
:10C60000C16088604CD8132A48D92168CAF808103C
:10C610006168CAF80C101B2A56D808340AF11002B7
:10C620001E462368136063685360A3689360D14615
:10C630003C4630E7214605F0ABFC11E7D0E9021398
:10C640005746CB60996057F8081FDAF80C30CB607A
:10C65000321F242A99602DD8132A29D92368CAF8B1
:10C6600008306368CAF80C301B2A42D808340AF133
:10C67000100322681A6062685A60A2689A6066466F
:10C68000D1463C4607E7A3688360E368C360242A79
:10C6900026D004F1100200F11003DBE63A46BFE7B2
:10C6A000214638461E46D14605F072FC3C46F2E66D
:10C6B0003B46DEE7214638466646D14605F068FC33
:10C6C0003C46E8E6B0070020A168CAF81010E1680F
:10C6D000CAF81410242A20D010340AF118029FE757
:10C6E000236903616169416104F1180200F11803D3
:10C6F000B0E6A368CAF81030E368CAF81430242AF8
:10C7000021D010340AF11803B3E73A4633E7214643
:10C71000384605F03DFC164B33E72269CAF818206D
:10C720006269CAF81C2018340AF1200278E7A1686F
:10C73000CAF81010E168CAF81410242A0DD0103479
:10C740000AF1180217E72369CAF818306369CAF8B2
:10C750001C3018340AF120038BE72269CAF818202C
:10C760006269CAF81C2018340AF1200203E700BFEE
:10C77000B007002038B5074D0022044608462A605D
:10C78000FAF77EF8431C00D038BD2B68002BFBD095
:10C79000236038BD645400200CB410B51F4B002931
:10C7A0001C689CB035DB4FF40273ADF81430029076
:10C7B00006901FAB18D001394FF6FF720491079114
:10C7C000ADF8162002A91E9A0193204600F0D0FC75
:10C7D000421C01DA8B232360029B00221A701CB0DA
:10C7E000BDE8104002B070474FF6FF720491079108
:10C7F000ADF8162002A91E9A0193204600F0B8FC5D
:10C80000431C01DA8B2323601CB0BDE8104002B04A
:10C8100070478B2323604FF0FF30F5E7840300203F
:10C820000EB410B59DB06FF000411FABCDE906010D
:10C830000491094953F8042B0290084C08680193AD
:10C8400002A9059400F094FC029B00221A701DB00E
:10C85000BDE8104003B07047840300200802FFFFCA
:10C860000EB410B59FB021AC4FF4017154F8042BF5
:10C870000192ADF81C100490089000F041FA059068
:10C8800009900B480B490C9100234FF6FF7C109345
:10C890001593019A0068ADF81EC0234604A90394BD
:10C8A00002F0CAF91FB0BDE8104003B0704700BFE6
:10C8B00084030020DDC8001010B50C46B1F90E103D
:10C8C00006F006F9002803DB236D0344236510BD41
:10C8D000A38923F48053A38110BD00BF00207047BB
:10C8E0002DE9F0410C46B1F90C101F46CB05054669
:10C8F00016460BD421F48051A1813B46B4F90E10A9
:10C9000032462846BDE8F04103F040BDB4F90E10B0
:10C910000223002205F028FAB4F90C10EAE700BF60
:10C9200010B50C46B1F90E1005F01EFAA389421C91
:10C930000EBF23F4805343F480532065A38110BDC0
:10C94000B1F90E1003F048BD000000000000000027
:10C9500000000000000000000000000000000000D7
:10C96000A2EB0300704700BF02780B78012A28BFB2
:10C970009A42F5D16DE9044540EA0104CDE9026728
:10C980006FF0000C4FEA447212B380EA010414F015
:10C99000070F6AD100F0070420F0070004F0030538
:10C9A00021F007014FEAC505F0E8042314F0040F55
:10C9B000F1E804670CFA05F462EA040266EA040688
:10C9C0000AD063EA0403624667EA0407664603E0A6
:10C9D000F0E80423F1E8046782FA4CF582EA0604E1
:10C9E000A4FA8CF46CBB83FA4CF583EA0705A5FA2C
:10C9F0008CF595B950E9022351E9026782FA4CF5AA
:10CA000082EA0604A4FA8CF483FA4CF583EA07055B
:10CA1000A5FA8CF52543DBD09CB92DBAB5FA85F47F
:10CA200024F0070427FA04F1DDE9026723FA04F38E
:10CA300003F0FF0001F0FF01FDE80445A0EB010059
:10CA4000704724BAB4FA84F424F0070426FA04F1F7
:10CA5000DDE9026722FA04F202F0FF0001F0FF01B3
:10CA6000FDE80445A0EB0100704714F0030F3CD132
:10CA700010F0030428D150F8082B51F8083B82FA33
:10CA80004CF582EA0305A5FA8CF55DB950F8042C43
:10CA900051F8043C82FA4CF582EA0305A5FA8CF5BC
:10CAA000002DE8D02DBAB5FA85F424F0070423FA56
:10CAB00004F122FA04F202F0FF0001F0FF01FDE8A8
:10CAC0000445A0EB010070474FEAC40420F00300C6
:10CAD00050F8082B21F0030151F8083B0CFA04F43C
:10CAE00062EA040263EA0403C9E710F003041AD0FF
:10CAF000A1EB040120F00300E40750F8042B06D05A
:10CB00000FD28B785FFAA2F4E41A06D12BB1CB785E
:10CB10005FFAB2F4E41A00D11BB920465DF8104B5D
:10CB2000704701F1040150F8042BCC0721F00301F8
:10CB300051F8043B48D824D222F07F4482FA4CF5C5
:10CB400094EA1325A5FA8CF50AD165B951F8043B8E
:10CB500084EA0204B4EB036F0ED150F8042BEBE728
:10CB60004FEA132355E035F07F454DD10878FDE8B5
:10CB70000445C0F1000070474FEA126203F0FF0362
:10CB800047E002EA1C4482FA4CF594EA1345A5FA00
:10CB90008CF50AD165B951F8043B84EA0204B4EB80
:10CBA000034F0CD150F8042BEBE74FEA134330E06E
:10CBB00015EA1C4528D10B884FEA124229E04FEABA
:10CBC000124203EA1C4324E002F0FF0482FA4CF50F
:10CBD00094EA1365A5FA8CF50AD165B951F8043BBE
:10CBE00084EA0204B4EB032F09D150F8042BEBE7DD
:10CBF0004FEA13630DE015F0FF0F05D10B684FEA04
:10CC0000122223F07F4304E04FF00000FDE80445CA
:10CC1000704712BA1BBA82FA4CF482EA0304A4FAEF
:10CC20008CF5B5FA85F402FA04F203FA04F34FEA3C
:10CC30001260FDE80445A0EB1360704780EA010232
:10CC4000844612F0030F4FD111F0030F32D14DF88B
:10CC5000044D11F0040F51F8043B0BD0A3F1013245
:10CC60009A4312F0803F04BF4CF8043B51F8043B58
:10CC700016D100BF51F8044BA3F101329A4312F0D0
:10CC8000803FA4F101320BD14CF8043BA24312F0D7
:10CC9000803F04BF51F8043B4CF8044BEAD02346D4
:10CCA0000CF8013B13F0FF0F4FEA3323F8D15DF886
:10CCB000044B704711F0010F06D011F8012B0CF84E
:10CCC000012B002A08BF704711F0020FBFD031F8C6
:10CCD000022B12F0FF0F16BF2CF8022B8CF800204D
:10CCE00012F47F4FB3D1704711F8012B0CF8012BD0
:10CCF000002AF9D1704700BF0000000000000000CA
:10CD000090F800F06DE9024520F007016FF0000C8B
:10CD100010F0070491F820F040F049804FF0000433
:10CD20006FF00700D1E9002391F840F000F108000E
:10CD300082FA4CF2A4FA8CF283FA4CF3A2FA8CF346
:10CD40004BBBD1E9022382FA4CF200F10800A4FAAD
:10CD50008CF283FA4CF3A2FA8CF3E3B9D1E9042301
:10CD600082FA4CF200F10800A4FA8CF283FA4CF338
:10CD7000A2FA8CF37BB9D1E9062301F1200182FAF2
:10CD80004CF200F10800A4FA8CF283FA4CF3A2FAF8
:10CD90008CF3002BC6D0002A04BF04301A4612BA06
:10CDA000B2FA82F2FDE8024500EBD2007047D1E909
:10CDB000002304F00305C4F100004FEAC50514F098
:10CDC000040F91F840F00CFA05F562EA05021CBF69
:10CDD00063EA050362464FF00004A9E730B540EA74
:10CDE0000104A30701D1032A0FD8844601F1FF3EB5
:10CDF00007E01EF8011F03F8011B541EC1B19C4639
:10CE000022466346002AF4D130BD0B4684461946BB
:10CE100053F8045BA5F1013424EA050414F0803FC3
:10CE2000E4D1043A032A4CF8045B1946EFD8DDE755
:10CE30006244002CE8D003F8011B9342FBD130BDC3
:10CE4000F0B4074610B33E468C4616F8010B01E0DD
:10CE5000A04216D01CF8014B002CF9D1D8B116F81D
:10CE6000015B0C4601E0002BF9D014F8013B9D4218
:10CE7000F9D14DB1002306F8013C16603846F0BCEC
:10CE800070475BB13746DEE72E46F6E71768002F9E
:10CE9000D9D13846F3E7F0BC1060704716603846C9
:10CEA0003B70ECE70123FFF7CBBF00BF2DE9F04F4C
:10CEB000814645488E4675461EF801CB10F80C4059
:10CEC00014F00804F7D1BCF12D0FE34654D0BCF1A7
:10CED0002B0F08BF9EF800B06FF0004808BF05F1A7
:10CEE000020E1BB1102B4FD01F4604E0BBF1300FD8
:10CEF00055D00A231F460025B8FBF7F6284607FB46
:10CF0000168A07E0864215D329D007FB00C0012509
:10CF10001EF801BBABF1300CBCF1090F06D9ABF127
:10CF2000410CBCF1190F08D8ABF1370C63450DDD8E
:10CF3000002DE7DA4FF0FF35EAE7ABF1610CBCF109
:10CF4000190F03D8ABF1570C6345F1DC002D0BDB57
:10CF500004B140420AB195BB1160BDE8F08FE245D3
:10CF6000D3DA4FF0FF35D3E72223C9F800301AB3E4
:10CF70000EF1FF314046EFE79EF800B04FF0004859
:10CF800005F1020E0124ACE7BBF1300FACD19EF8E5
:10CF9000000000F0DF00582807D01F46ABE79EF8DE
:10CFA000003003F0DF03582B0BD110279EF801B09F
:10CFB0003B460EF1020E9EE74046BDE8F08F8046EC
:10CFC000D6E708231F4696E779710110012B03D09D
:10CFD000242B01D8FFF76ABF10B5FEF79BFD16237F
:10CFE0000360002010BD00BF012A09D0242A07D801
:10CFF00084460748134600680A466146FFF756BF55
:10D0000010B5FEF787FD16230360002010BD00BF9A
:10D01000840300202DE9F04707464B480E4635466D
:10D0200016F801CB10F80C4014F00804F7D1BCF14D
:10D030002D0FE64658D0BCF12B0F04BF96F800E048
:10D04000AE1C5BB1102B54D04FF0FF38B8FBF3F897
:10D0500003FB08FA6FEA0A0A994608E0BEF1300FAE
:10D060005AD00A23DFF8E4804FF0050A99460025DC
:10D07000284607E0404515D829D009FB00C0012506
:10D0800016F801EBAEF1300CBCF1090F06D9AEF188
:10D09000410CBCF1190F08D8AEF1370C63450DDD1A
:10D0A000002DE7DA4FF0FF35EAE7AEF1610CBCF195
:10D0B000190F03D8AEF1570C6345F1DC002D0BDBE3
:10D0C00004B140420AB16DB91160BDE8F087D445A2
:10D0D000D3DD4FF0FF35D3E722233B604FF0FF3025
:10D0E000002AF2D0711EEFE796F800E00124AE1C92
:10D0F000A7E7BEF1300F21D1307800F0DF005828CB
:10D1000016D14FF0100996F801E04FF00F0A0236E1
:10D110006FF070484B46AAE7337803F0DF03582BD3
:10D12000EFD008234FF0070A6FF0604899469EE75A
:10D1300099466FF070484FF00F0A98E74FF00F0ACA
:10D140006FF07048994692E7797101109999991991
:10D15000FFF760BF10B4054C8446134620685DF8A5
:10D16000044B0A466146FFF755BF00BF8403002009
:10D170002DE9F04F2DED0A8BD3B00C46914609EE08
:10D18000101A0D9309EE900A04F0E2FD036817935C
:10D190001846FFF7B5FDA38916901A0603D5236933
:10D1A000002B00F0A1874D469FEDA57B2B78002436
:10D1B00029AACDE92744CDE91944CDE91B448DEDD9
:10D1C000147B19EE909A1294269290461894099422
:10D1D000002B00F0EC81AB4604E01BF8013F002B74
:10D1E00000F01A81252BF8D1BBEB050640F0188121
:10D1F0009BF80030002B00F0DA8100234FF0FF3263
:10D200009BF801708DF87B300A930BF1010B0892AB
:10D210009A462B2420210BF1010BA7F120035A2B56
:10D2200000F23C81DFE813F0D5023A013A01D00266
:10D230003A013A013A016A003A013A016502FE02F6
:10D240003A017002E4023A01DF025B005B005B001E
:10D250005B005B005B005B005B005B003A013A0136
:10D260003A013A013A013A013A01D2013A01360251
:10D270008500D201D201D2013A013A013A013A01C4
:10D28000CB023A013A01C6003A013A013A014002A2
:10D290003A0175023A013A0150073A013A013A015E
:10D2A0003A013A013A013A013A01D2013A01360211
:10D2B0008700D201D201D201BE02870080003A016C
:10D2C000B1023A019902C800870280003A01400287
:10D2D0007D002B073A013A012F073A017D00A7F1A3
:10D2E000300300221BF8017B02EB820203EB4202B7
:10D2F000A7F13003092BF5D90A928EE7484604F0CE
:10D3000027FD43681B931846FFF7FAFC1C9006465E
:10D31000484604F01DFD836819932021002E40F03B
:10D32000C2859BF8007076E79BF800704AF0200AEF
:10D3300071E74AF0100A1AF0200F0D9B00F09A8155
:10D34000073323F007031A465B6852F8084B0D9227
:10D350001E46002BC0F26B85089B013301F03A801A
:10D360002AF08003079354EA060300F0E7840A2CAE
:10D3700076F1000380F0918730340123DDF81CA0A2
:10D380008DF847410B930DF2471508990B989DF8BE
:10D390007B3081424FF00002B8BF01460C920791EA
:10D3A000109213921192002B00F08980079A01329B
:10D3B000079284E04AF0100A1AF0200600F04B8130
:10D3C0000D9B073323F007035E6853F8084B0D935A
:10D3D0002AF480630793002300228DF87B20089AAB
:10D3E000551C00F02682079921F0800A54EA0601B4
:10D3F00040F01D82002A41F02980002B40F0A484D7
:10D40000079B13F001030B9300F0428530238DF846
:10D4100047310DF24715B8E7BBEB050600F0C780B2
:10D42000289B33442893279B0133072BC8E90056D8
:10D43000279309DC08F10808099B33440993D7E6D0
:10D44000000000000000000019EE101A26AA48464D
:10D4500006F00EFD90B90DF1A408EDE719EE101AD3
:10D4600026AA484606F004FD002800F091800C9B97
:10D4700023B10C9919EE900A04F0B4F919EE103AA0
:10D480009B8913F0400F099B18BF4FF0FF3309939E
:10D49000099853B0BDEC0A8BBDE8F08F002F00F067
:10D4A000868000238DF8E4708DF87B300122CDE971
:10D4B0000B230792089310931393119339AD1AF02D
:10D4C00002020E9202D0079A023207921AF08402E8
:10D4D0000F9205D10A9A0799561A002E00F30D8370
:10D4E000289C8BB1279B0DF17B0201330134C8F8D6
:10D4F0000020072B4FF0010228942793C8F804203E
:10D5000000F3338308F108080E9B83B1279B1FAA01
:10D5100001330234C8F80020072B4FF00202289490
:10D520002793C8F8042000F32D8308F108080F9B07
:10D53000802B00F00F82089B0B9A9E1A002E00F39E
:10D5400050821AF4807F40F0AB810B9BC8F8043006
:10D550001C44279BC8F800500133072B28942793BD
:10D5600000F3BE8208F108081AF0040F05D00A9BE8
:10D57000079A9D1A002D00F31283DDE909320799FD
:10D580008A42ACBF9B185B180993002C7FF466AFEE
:10D59000002327930C9B1BB10C99484604F022F9F9
:10D5A0000DF1A4085D462B78002B7FF414AE289B68
:10D5B000002B3FF463AF19EE104A19EE101A19EE62
:10D5C000900A26AA06F054FCA3895AE70D9B07335C
:10D5D00023F00703B3EC027B8DED147BDDE914121D
:10D5E0000D9322F000430AEE101A0AEE903A4FF023
:10D5F000FF32B0EE4A8AF0EE6A8AA54B51EC180B66
:10D6000008F0EAFC002840F06784A14B51EC180BAD
:10D610004FF0FF3208F0C2FC002840F05D84DDE9E5
:10D6200014010022002308F0AFFC002840F0A58779
:10D630009DF87B30974D984A2AF0800A0321472FA6
:10D64000C8BF154600220C9207910B9108921092C8
:10D6500013921192A7E61AF0100340F033841AF0E7
:10D66000400200F05B870D9A52F8044B0D921E4663
:10D67000A4B2ADE653F8044B0D931AF0100F40F02E
:10D680000E841AF0400F00F0068444F3C03633468F
:10D6900024B25EE60D9A002352F8041B8DF87B300D
:10D6A0008DF8E4100D9201E70D9C54F8045B002600
:10D6B0008DF87B60002D00F0D986089B5A1C00F085
:10D6C00047851A463146284604F012FC0C90002883
:10D6D00001F07B800C9B0896591B0B9121EAE171AC
:10D6E0009DF87B300D9407910C9610961396119629
:10D6F00059E60D9B53F8042B0A92002A80F2C3834B
:10D700000A9A0D9352420A929BF800704AF0040A5A
:10D7100081E54AF010030793079B13F0200600F001
:10D7200073830D9B073323F007035E6853F8084BA0
:10D730000D93012350E60D9B53F8044B0D933023BA
:10D740004AF0020278278DF87C30544B18930792E8
:10D750008DF87D70002602233EE61AF0200F40F07F
:10D7600083841AF0100F40F078861AF0400F40F0D2
:10D770004C871AF4007F00F070860D9B099953F8CE
:10D78000042B0D9311705D460DE79BF800706C2F14
:10D7900003BF9BF801704AF0200A0BF1010B4AF01D
:10D7A000100A38E59BF80070682F03BF9BF80170E2
:10D7B0004AF4007A0BF1010B4AF0400A2BE59BF882
:10D7C00000704AF0080A26E59BF800704AF0010A4A
:10D7D00021E59DF87B30002B7FF4A3AD9BF8007012
:10D7E0008DF87B1017E59BF800704AF0800A12E56F
:10D7F0005A4612F8017B2A2F01F0F081A7F130037D
:10D80000092B934698BF002200F2F5871BF8017B95
:10D8100002EB820203EB4202A7F13003092BF5D998
:10D820000892FAE49BF800708DF87B40F3E4CDF8A1
:10D830001CA0012B3FF49BAD022B52AD12D1189AC4
:10D8400004F00F032409D35C05F8013D44EA067493
:10D85000360954EA0603F3D152AB5B1BDDF81CA07A
:10D860000B9392E504F00703E40844EA4674F608D3
:10D87000303354EA06012A4605F8013DF2D10799F2
:10D88000C80700F14C8252AB5B1B8A460B937CE5C8
:10D89000FFFFEF7FEC700110F0700110FC700110C1
:10D8A000652F40F3D780DDE914010022002308F042
:10D8B00061FB002800F0B481279BBC4AC8F8002017
:10D8C000013301340122072B28942793C8F8042040
:10D8D00000F3848508F10808209B129A934280F295
:10D8E000CD82169B179A1C44C8E90023279B2894D5
:10D8F0000133072B279300F3EA8308F10808129BF2
:10D900005D1E002D7FF730AE102D279B41F3448123
:10D91000A74F0E972246102619EE104A05E008F18F
:10D920000808103D102D40F3678501331032072B96
:10D93000C8E90076CDE92732F1DD26AA214648461E
:10D9400006F096FA00287FF492ADDDE927320DF15A
:10D95000A408E6E70A9B079A9E1A002E7FF7EBAD14
:10D96000102E279B41F34C8091490F95224619EECA
:10D97000105A0E910C4604E0103E102E08F10808D3
:10D9800019DD013310321021072BCDE92732C8F8F9
:10D990000040C8F80410EFDD26AA294648460DF1DC
:10D9A000A40806F065FA00287FF461AD103E102E41
:10D9B000DDE92732E5DC0F9D144601330E9AC8F8E5
:10D9C00000203444072BCDE92734C8F8046000F365
:10D9D0002F85089B0B9A9E1A002E08F108087FF7E6
:10D9E000B0AD102E279B40F3C48571480E9042467F
:10D9F000214619EE108A044604E0103E102E02F172
:10DA0000080216DD013310311020072BCDE9273134
:10DA100014605060F1DD26AA4146484606F028FA17
:10DA200000287FF424AD103E102EDDE9273129AA0D
:10DA3000E8DC90460C4601330E9AC8F800203444C6
:10DA4000072BCDE92734C8F8046000F3CF8108F133
:10DA5000080876E5129B012B40F37C81279EC8F8CD
:10DA60000050013601340123072E28942796C8F868
:10DA7000043000F3E78108F10808169B179A013675
:10DA80001C44072EC8E90023CDE9276400F3E88190
:10DA900008F10808DDE914010022002308F06AFA01
:10DAA000002840F07681129B0136013B01351C4471
:10DAB000072EC8F800502796C8F80430289400F3C1
:10DAC0005A8108F108081A9BC8F8043001361C4432
:10DAD000072E22ABCDE92764C8F800307FF742ADAE
:10DAE00019EE101A26AA484606F0C2F900287FF45B
:10DAF000BEAC289C0DF1A40836E5102EDDE92732D6
:10DB000022DD1D95102419EE105A04E0103E102E4F
:10DB100008F1080817DD013326491032072BC8E940
:10DB20000014CDE92732F1DD26AA294648460DF139
:10DB3000A40806F09DF900287FF499AC103E102E41
:10DB4000DDE92732E7DC1D9DC8F804600133B41815
:10DB5000072B184AC8F80020CDE9273400F3E283E8
:10DB60009DF87B3008F10808BBE419EE101A26AACC
:10DB7000484606F07DF900287FF479AC289C0DF129
:10DB8000A408C1E419EE101A26AA484606F070F956
:10DB900000287FF46CAC289C0DF1A408C7E4102D7C
:10DBA000279B26DD19EE107A10260AE0607001101E
:10DBB0003C7101102C710110103D102D08F1080866
:10DBC00017DD0133C24A1034072BC8E90026CDE91E
:10DBD0002734F1DD26AA394648460DF1A40806F09F
:10DBE00047F900287FF443AC103D102DDDE92734C0
:10DBF000E7DC0133B64AC8F804502C44072BCDE9C2
:10DC00002734C8F800207FF7B8AC19EE101A26AAFE
:10DC1000484606F02DF900287FF429AC289CACE496
:10DC2000209A002A40F39683DDE911739F42A8BF32
:10DC30001F46002F0BDD279B01333C44072BC8E90F
:10DC400000572894279300F35C8508F10808119E7B
:10DC5000002FA8BFF61B002E00F35482119B1AF46C
:10DC6000806F2B440B9340F08482209B129A934246
:10DC700003DB1AF0010F00F0B884169A17991444C8
:10DC8000C8E90012279A28940132072A279200F344
:10DC9000778508F10808129A0B99AE18761AD51AEA
:10DCA000AE42A8BF2E46002E0DDD279BC8F80010FF
:10DCB00001333444072BC8F804602894279300F3F9
:10DCC0009E8508F10808002EA8BFAD1B002D7FF728
:10DCD0004BAC102D279B40F35F877E4F0E9722465B
:10DCE000102619EE104A05E008F10808103D102D25
:10DCF00040F3828301331032072BC8E90076CDE967
:10DD00002732F1DD26AA2146484606F0B1F8002860
:10DD10007FF4ADABDDE927320DF1A408E6E7302B47
:10DD20003FF49AAD3023023A05F8013C52AB9B1AFE
:10DD3000DDF81CA00B931546FFF727BB089B002BB3
:10DD40007FF41AABDDF81CA0002308930B9352ADAF
:10DD5000FFF71BBB1AF0010F7FF480AE279EC8F8B7
:10DD60000050013601340123072E28942796C8F865
:10DD700004307FF7A6AE19EE101A26AA484606F020
:10DD800077F800287FF473ABDDE927640DF1A40870
:10DD900099E6129B5D1E002D7FF795AE102D40F386
:10DDA00012874C4ACDF820A0234619EE10AA0E92F5
:10DDB0001027144605E008F10808103D102D40F327
:10DDC0009D8301361033072EC8E90047CDE927634C
:10DDD000F1DD26AA5146484606F04AF800287FF4AD
:10DDE00046ABDDE927630DF1A408E6E719EE101A4A
:10DDF00026AA484606F03CF800287FF438AB289C59
:10DE00000DF1A408FFF79DBB079B13F0100340F032
:10DE10002481079A12F0400200F09B830D9A52F879
:10DE2000044B0D921E46A4B20123FFF7D5BA2D2351
:10DE300064428DF87B3066EB4606CDF81CA00123CA
:10DE4000FFF7CDBA19EE101A26AA484606F010F8C8
:10DE500000287FF40CABDDE927640DF1A4080CE683
:10DE600019EE101A26AA484606F002F800287FF498
:10DE7000FEAADDE927640DF1A4080BE61AF0010FF4
:10DE80003FF472AB2DE59BF800700D93FFF7C3B91B
:10DE900052ADFFF77ABA1AF4007F40F0B083E6176C
:10DEA0003346FFF756BA199B002B3FF43AAA199B49
:10DEB0001B78002B3FF435AA9BF800704AF4806A67
:10DEC000FFF7A9B90D9B53F8044B0D93FFF780BAE8
:10DED0002C7101103C710110DDE9140102460B4662
:10DEE00008F07AF8002840F0C485612F00F083859F
:10DEF000412F00F09584089B013327F020030793FE
:10DF000000F0B083472B00F07F85DDE914014AF46F
:10DF1000807200290B924FF00003C0F2218541EC82
:10DF20001B0B0E930C93079B462B00F0F883452B9D
:10DF300000F04B85089B019324AB049321AB039322
:10DF400020AB029302230093484653EC1B2B02F0B4
:10DF5000EBFA079B472B054640F065861AF0010F48
:10DF60005646DDF82CA040F00785249B5B1B1293DE
:10DF7000079B472B00F08A83079B462B00F00F84FA
:10DF8000209B1193119B079A013B412A209300F09B
:10DF9000D385FAB20021002BB8BF119B8DF88820E1
:10DFA000BABFC3F101032D222B22092B8DF8892042
:10DFB00040F3B3850DF19704DFF894C32246104671
:10DFC0008CFB0321DA17C2EBA10202EB8201A3EB67
:10DFD0004101303100F8011C19466329134600F154
:10DFE000FF32ECDC3033D9B2831E9C4202F8011CB4
:10DFF00040F2008613460DF18A0201E013F8011B7E
:10E0000002F8011B9C42F9D10DF199030DF18A022E
:10E010001B1A134422AA9B1A1A93129B1A9A012BB9
:10E020001A440B9240F3B3850B9B169A13440B933F
:10E030000B9A002326F4806622EAE27246F4807A84
:10E0400010930792139311930E9B002B40F044837F
:10E0500008939DF87B30FFF7A6B90D9B53F8044B4E
:10E060000D930123FFF7B8B90D9B099853F8041BD2
:10E070000D93C217C1E900025D46FFF794BACDF8CF
:10E080001CA0FFF749BBAF4B18931AF0200600F015
:10E09000EF800D9B073323F007035E6853F8084BAE
:10E0A0000D931AF0010F09D054EA060306D030236D
:10E0B0008DF87D704AF0020A8DF87C302AF4806376
:10E0C00007930223FFF788B99F4B1893DDE719EEFA
:10E0D000101A26AA484605F0CBFE00287FF4C7A9EF
:10E0E000289C0DF1A4080AE419EE900A4021FDF7DE
:10E0F0004BFD20602061002800F080854023636193
:10E10000FFF751B8102E279B40F365858F480E907E
:10E110004246214619EE108A1027044604E00832D0
:10E12000103E102E40F32E8201331031072BC2E92E
:10E130000047CDE92731F2DD26AA4146484605F0E1
:10E1400097FE00287FF493A9DDE9273129AAE7E7A4
:10E15000284608960D94FEF7D3FD20EAE0719DF85D
:10E160007B300B9007910C96109613961196FFF743
:10E170001AB9129BCDF838B0DDF84CB00B9E199F40
:10E18000CDF82CA0EB1808934246DDF870A0109B48
:10E190000F9519EE108AA446BBF1000F30D093BB47
:10E1A000013F0BF1FF3B1B9BC2E9003A279B013368
:10E1B000D444072BCDF8A0C0279362DC0832089B1B
:10E1C00038789B1B8342A8BF0346002B1C460CDDFE
:10E1D000279801309C440728C2E90063CDF8A0C00D
:10E1E000279000F3188138780832002CACBF051B4B
:10E1F0000546002D0BDC0644109BBBF1000FCED171
:10E20000002B00F03282109B013B1093CBE7102DC6
:10E2100027981FDD1024634604E0103D102D02F105
:10E22000080216DD0130494910330728C2E90014FD
:10E23000CDE92703F1DD26AA4146484605F018FE40
:10E2400000287FF414A9103D102DDDE9270329AA29
:10E25000E8DC9C4601303D4B5560AC440728CDE9D5
:10E26000270C136000F33F82387808320644C3E776
:10E270001AF0100300F0A3800D9B53F8044B0D938C
:10E280000FE726AA4146484605F0F2FD00287FF434
:10E29000EEA8DDF8A0C029AA91E7079B0B9703F42D
:10E2A0008063002208EE109ACDF83080DDF864908B
:10E2B0000DF5A47A174698460CE000232046314617
:10E2C0000A22FDF75DFA0A2C76F100031CD30446FE
:10E2D0000E46AA4620460A2200233146FDF750FA90
:10E2E00030320AF1FF3501370AF8012CB8F1000F7E
:10E2F000E3D099F800309F42DFD1FF2FDDD00A2C08
:10E3000076F1000380F04F8152AB5B1BCDF8649037
:10E31000129718EE109ADDE90B78DDF81CA00B932C
:10E32000FFF733B819EE101A26AA484605F0A0FDEB
:10E3300000287FF49CA89DF87B30289C0DF1A40850
:10E34000FFF7CFB8FC700110107101103C71011083
:10E3500067666666279BC049C8F800100133013420
:10E360000121072B28942793C8F8041000F32F816C
:10E3700008F10808002A40F08A80129A0AF0010386
:10E3800013433FF4F1A8169B179A1C44C8E90023D5
:10E39000279B28940133072B279300F33F8108F133
:10E3A0000808129AC8F8005001331444072BCDE92D
:10E3B0002734C8F804207FF7D5A8FFF791BB1AF0DF
:10E3C000400200F0B9800D9A52F8044B0D921E469F
:10E3D000A4B266E6CDF81CA0FEF7C9BF19EE101A6C
:10E3E00026AA484605F044FD00287FF440A8289C52
:10E3F0000DF1A408FFF770BA144601330E9AC8F85D
:10E4000000202C44072BC8F80450CDE927347FF7AF
:10E41000A9A8FFF765BB26AA4146484605F028FD96
:10E4200000287FF424A83878DDF8A0C029AADCE60B
:10E4300019EE101A26AA484605F01AFD00287FF4A6
:10E4400016A8289C0DF1A408FFF775B8012BCDF88C
:10E450001CA07FF4F1A9FEF78FBF0D9B099953F81B
:10E46000042B5D4611600D93FFF79DB8089A0C953B
:10E47000062A294628BF062208952B460792774D83
:10E480000D940B92109113911191FEF78CBF169B76
:10E4900017991C44C8E90013279B28940133072BC4
:10E4A000279300F3BB8008F10808002ABFF679AF74
:10E4B0005642103280F2AB8369480E9021464246A4
:10E4C000102719EE108A044604E00832103E102E80
:10E4D00040F3B08201331031072BC2E90047CDE988
:10E4E0002731F2DD26AA4146484605F0C1FC002846
:10E4F0007EF4BDAFDDE9273129AAE7E7DDF820A0EA
:10E500001C4601360E9BC8F800302C44072ECDE97E
:10E510002764C8F804507FF7D4AA2CE40D9B1AF4A2
:10E52000007614BF53F8044B53F8044B0D931CBFF3
:10E530001646E4B2FEF74CBF0D9B1AF4007614BFEA
:10E5400053F8044B53F8044B0D931CBF1646E4B22A
:10E55000A7E5079B13F400760D9B14BF53F8044BFB
:10E5600053F8044B0D931CBF1646E4B20123FEF78B
:10E5700033BF3B4A0E92FFF75EBA2D238DF87B30F6
:10E58000FFF758B890460C4601330E9AC8F80020A1
:10E590003444072BCDE92734C8F804604DDC08F17A
:10E5A0000808FFF75BBB1C9B1B99ED1A1A4628460F
:10E5B000FEF714FC99F801300BB109F1010920466E
:10E5C00031460A2200230027FDF7DAF87FE619EE2C
:10E5D000101A26AA484605F04BFC00287EF447AFE7
:10E5E000209A289C0DF1A408C4E6129A0B99AE1843
:10E5F000761AD51AAE42A8BF2E46FFF764BB44F385
:10E60000C016334664B2FEF7A4BE0D9B099953F8B9
:10E61000042B0D9311805D46FEF7C5BF19EE101A4D
:10E6200026AA484605F024FC00287EF420AFDDE948
:10E630002734209A0DF1A40837E719EE101A26AAFC
:10E64000484605F015FC00287EF411AF289C0DF11A
:10E65000A408FFF703BB00BF607001102471011014
:10E660003C710110062308934FE40F9D129BDDF8C7
:10E670002CA0DDF838B01997EB189E429046324630
:10E6800028BF1A4664460B92FFF7EFBA209B1193FE
:10E69000DA1C02DB089A934204DD023F27F02003D4
:10E6A00007936FE4DDE911329342C0F29A80F007DC
:10E6B00040F1DC81169A13440B93710503D5119B2D
:10E6C000002B00F3FC810B9B23EAE373079367277E
:10E6D000002310931393B7E42D2300228DF87B3091
:10E6E0000892FEF763BE26AA4146484605F0C0FBE5
:10E6F00000287EF4BCAE3878DDF8A0C029AA064414
:10E700007AE519EE101A26AA484605F0B1FB002852
:10E710007EF4ADAE289C0DF1A408FFF798BA089BD3
:10E72000019324AB049321AB039320AB0293032307
:10E730000093484653EC1B2B01F0F6FE0378302B78
:10E74000054600F0FF81209B089A56461344DDF8E9
:10E750002CA0EC1851EC1B0B0022002307F00AFC44
:10E7600008B1234602E4249BA342BFF4FFAB30214F
:10E770005A1C24921970249B9C42F9D8FFF7F6BBCF
:10E7800019EE101A26AA484605F072FB00287EF4FE
:10E790006EAE209B289C0DF1A408FFF77CBA209A4E
:10E7A0001192002A40F3FB81089906F001030B4304
:10E7B00040F0AD81119B0B936627730500F18081BA
:10E7C0000B9B23EAE373079382E7089B07930B9362
:10E7D0000D949DF87B300890109013901190FEF7E7
:10E7E000E2BD129B169A9A18119B0B92002B40F3D4
:10E7F000C5816727E1E700230893FEF70EBD19EEF8
:10E80000101A26AA484605F033FB00287EF42FAEE6
:10E81000209D129B289C5D1B0DF1A408FFF753BAA5
:10E8200030238DF87C3058238DF87D30089B632B86
:10E830004AF0020400F3A38000230C9339ADDDE914
:10E8400014124AF481730B93002A27F02003A24686
:10E850000793C0F28680002342EC1B1B0E93612FAE
:10E8600000F01581412F7FF45EAB20AA51EC1B0B09
:10E8700004F044F900224FF07F53FCF71FFD0246DD
:10E880000B4643EC182B0022002307F073FB08B162
:10E8900001232093B24B0F93089B1D95CDE910B730
:10E8A000CDE912A80CEE109ADDF83CB059EC188BAB
:10E8B0005E1E2C4605E000220023013E07F05AFBB5
:10E8C000E0B9A84B002240464946FCF7F7FC8946D0
:10E8D000804607F097FB0546FCF786FC0B46024690
:10E8E00049464046FCF732FB1BF80530A24604F8C7
:10E8F000013B731C374680468946DCD149EC188BB6
:10E90000994BDDF840B0DDF84C80CDF840A051ECDB
:10E91000180B00223E46DDF848A0119F11951CEE11
:10E92000109A1D9D07F04EFB98BB51EC180B8E4BB7
:10E93000002207F01FFB10B1119BD90729D4002E2C
:10E94000334606DB01332344302204F8012BA34273
:10E95000FBD1631B56461293DDF82CA0FFF708BBD2
:10E960000C93DDE9141202F100430BEE903A2D23D3
:10E970000BEE101A0E9372E7089BEC18EAE6591C8E
:10E980004846FDF701F90546002800F043810C9048
:10E9900055E7109B24930F9B14F8012CD97B8A42D6
:10E9A000234609D1302003F8010C249B5A1E2492DF
:10E9B00013F8012C9142F6D0392A0BBF0F9A01327D
:10E9C000927AD2B203F8012CC3E7089B5C1C24ABFB
:10E9D000049321AB039320AB029302230093019491
:10E9E00053EC1B2B484601F09FFD054656462C4430
:10E9F000DDF82CA0AEE630238DF87C30782313E7C9
:10EA00005A4A0E92FEF7D9BF089B002B08BF01237C
:10EA10000893159B4AF48072002B0B92C0F2D980A8
:10EA20009DED147B0C900E90B0EE47BAF0EE67BAF5
:10EA3000FFF780BA0C46904601330E9AC8F80020C2
:10EA40003444072BCDE92734C8F804607FF7A7AC1E
:10EA500019EE101A26AA484605F00AFA00287EF494
:10EA600006ADDDE927340DF1A4089AE4119B0B9360
:10EA700023E6159B3E4D3F4A002BB6BF2D239DF844
:10EA80007B308DF87B302AF0800AFEF7D7BD20AAB4
:10EA900051EC1B0B04F032F800224FF07F53FCF7CF
:10EAA0000DFC02460B4643EC182B0022002307F016
:10EAB00061FA08B1012320932F4B0F93ECE66727EF
:10EAC00019990B78FF2B00F0B0800024119A204692
:10EAD00003E001300131FF2B08D0934206DAD21A4D
:10EAE0004B78002BF5D10B780134F4E71991119292
:10EAF00013901094109A139B1C9913440B9A01FBCA
:10EB000003230B9323EAE3730793FFF79DBA169B46
:10EB1000D31819440B9166274FE6002956D13022AD
:10EB20008DF88A200DF18B02303302F8013B22ABC5
:10EB3000D31A1A93FFF771BA07F10F02D2B201216B
:10EB4000FFF729BA51EC1B0B0022002307F012FA41
:10EB500000287FF4F8AD089BC3F101032093F3E58F
:10EB600010710110000030400000E03F3C710110C6
:10EB7000F4700110F8700110FC700110C3F1010372
:10EB80001A4422EAE2730B9207936727A0E5F40781
:10EB90007FF54EAAFFF748BA264A0E922DE4089A4E
:10EBA00006F0010656EA020304D101230793662703
:10EBB0000B938DE5169B01331A4422EAE2730B9204
:10EBC0000793662784E51B4B0E939AE40DF18A02A6
:10EBD000AAE70C90C5E6174A0E92D5E40D9B9BF868
:10EBE0000170934653F8042B0D9342EAE2720892A7
:10EBF000FEF711BB02231A93FFF70FBA19EE902A02
:10EC00000C2313604FF0FF330993FEF741BC094A10
:10EC10000E9211E719EE101A8B8943F04002134649
:10EC20008A81FEF72EBC089CE0E600231093139324
:10EC300060E700BF3C7101102DE9F04F2DED028B14
:10EC4000ADF5317D8A46B1F90C1002AF81468804DA
:10EC5000BB6209D4DAF8643041F4005123F4005364
:10EC6000AAF80C10CAF86430134613F8012BFB63A2
:10EC70007A64002A01F0DD80002308EE109A3B62DE
:10EC8000BB63BB617B62FB629946844B13F80280D5
:10EC900018F0080840F08380252A61D1F86B0278CB
:10ECA00045464446A2F12503411C552B64D8DFE8B4
:10ECB00013F0560063006300630063008E05630079
:10ECC0006300630063006300D600D600D600D60060
:10ECD000D600D600D600D600D600D600630063006A
:10ECE00063006300630063006300E10063001E05CE
:10ECF0003005E100E100E1006300630063006300B0
:10ED0000B304630063002605630063006300180515
:10ED10006300630063006300BC04630063003A05A2
:10ED200063006300630063006300E100630020058B
:10ED30003205E100E100E1006F057B05B3046300EB
:10ED4000440550055E0528058B05630063001A0520
:10ED5000AF04830563006300BC046300AF04F96380
:10ED6000DAF80430002B4BDDDAF80030FA6B197852
:10ED700012F8012C914238D0BB6B43B1BB6BD3F876
:10ED80000080B8F1000F02D04046FCF7F5FEF86AAB
:10ED900007F52F77BD46BDEC028BBDE8F08FDAF8A2
:10EDA000042018EE104A0FE0DAF800303B491A78D8
:10EDB0008A5C110703F101030ED5DAF80420013A49
:10EDC000CAE9003209F10109002AEDDC514620466A
:10EDD00005F00AF90028E7D0FB6B13F8012BFB6361
:10EDE0007A64002A7FF451AFC6E70133CAF80030D5
:10EDF000DAF80430013B09F10109CAF80430EBE705
:10EE000018EE100A514605F0EFF80028ACD0FB6A66
:10EE10001BB1BAF80C305A06AED5BB6B002B01F013
:10EE2000E280BB6BDE88002E00F09D87BB6BD3F8C1
:10EE300000800024A8F10405A14655F8043F186895
:10EE4000FCF79AFE01342B68B442C3F80090F4D169
:10EE50004FF0FF33FB62B8F1000F95D197E715F043
:10EE60008F0F89D104EB840402EB4404303C4278D8
:10EE7000084617E7F9630426DAF80430002B40F35C
:10EE8000E2836B0640F1EA83731E032B01F20281D9
:10EE9000DFE813F00A025C01A70006007971011097
:10EEA00018EE100A02F054FF0368FB60631EB3F50E
:10EEB000AE7F40F2C6856FF4AE72A3187B6040F25D
:10EEC0005D14002307F5AC72514645F4F065FA6114
:10EED000BB603B611E467B6193469A460868027898
:10EEE000A2F12B0CBCF14E0F50D8DFE81CF01D0333
:10EEF0004F001D034F004F00820374007400740024
:10EF00007400740074007400740074004F004F00AB
:10EF10004F004F004F004F004F002303720072005C
:10EF200072007F0309034F004F00AF024F004F00F4
:10EF30004F004F0067034F0049034F004F004F0041
:10EF400042034F004F004F002E0316034F004F00A7
:10EF50004F004F004F004F004F002303720072001C
:10EF600072007F0309034F004F00AF024F004F00B4
:10EF70004F004F0067034F0049034F004F004F0001
:10EF800042034F004F004F002E031603FB6893F817
:10EF900000C0944514D1AB0512D525F42075C7F8EF
:10EFA00014A00BF8012B013C4A68013A002A09F130
:10EFB00001094A6040F3238401300860002C8DD1A0
:10EFC000334656468A46002E00F0518225F480755D
:10EFD0004DE22B05F4D516EB080FF1D125F4C075E1
:10EFE000DFE7631EB3F5AE7F84BF6FF4AE7204EB50
:10EFF000020B07F5AC7398BF4FF0000B4FF0000801
:10F00000FB611E46C7F830B05346D7F824B0CA4655
:10F0100088BF40F25D14C14645F458659846D8F85B
:10F0200000201078A0F12B034D2B63D8DFE813F0FC
:10F030003E0362003E0362006200D7030102010248
:10F0400001020102010201020102440344036200C1
:10F050006200620062006200620062004E004E00C8
:10F060004E004E004E004E006200620062006200E0
:10F070006200620062006200620062006200620080
:10F08000620062006200620062004C036200620083
:10F090006200620062006200620062004E004E0088
:10F0A0004E004E004E004E006200620062006200A0
:10F0B0006200620062006200620062006200620040
:10F0C000620062006200620062004C03BBF10A0F42
:10F0D00010DD25F4386506F8010BD8F80430013B43
:10F0E000002BC8F8043040F398830132C8F80020A0
:10F0F000013C94D14346E905C846C7F824B0D1463F
:10F100009A4607D5FB699E4200F2C685FB699E427E
:10F110003FF432AE15F0100240F092837B6AF96939
:10F120003C6A327018EE100AA047AA0600F17E83EE
:10F130002B0700F15D856C0740F1D386D7F828B026
:10F140005BF8043BC7F828B0188076E3002C08BFB2
:10F150004FF0FF3415F0010600F0018415F01003A4
:10F160003B6340F0AD85290640F14B86D7F828B0C7
:10F170005BF8046B002E3FF4FFAD8020FCF7F4FC3D
:10F18000804600283FF449AEBA6B3060D58893883A
:10F190009D4280F017851068BB6B40F825600135F3
:10F1A000DD802023C7F828B0C7F81480FB61DAF8A7
:10F1B0000030A34A1B78D35C13F0080359D19B4657
:10F1C00002F0C0FD58453FF422AEDAE9003213F8F0
:10F1D000011B013ACAE90032BB6907F5AC70032B89
:10F1E00000F80B1007F150050BF1010B02D12B6851
:10F1F000042B04D0082200212846FDF70FF807F55C
:10F20000AC7218EE100A00955B46414602F032FEE1
:10F21000421CB8613FF4FBAD002840F0B785C8F848
:10F22000000002F081FD002840F0CA86D944013C6C
:10F230003B6B002B40F0858608F10408002E00F09F
:10F2400080867B69A8EB0305FB69B3EBA50F40F251
:10F25000CF86D7F830B0DAF80430002B40F375864B
:10F26000DAF80030764A1B78D35C1D0701D4002CF5
:10F27000A6D13B6B002B7FF4AFADC8F80030002E59
:10F2800000F03A817B69FA69A8EB03018B10013326
:10F290009A4240F2318130680431FDF773F800285A
:10F2A00000F02A81306027E1002C08BF4FF0FF34C6
:10F2B000E90740F1E38215F010037B6140F03F85E0
:10F2C0002A06D7F828B040F192855BF8043B3B61F1
:10F2D000002B3FF451AD8020FCF746FC054600288A
:10F2E0003FF49BAD3B69BA6B1860B2F80680938817
:10F2F000984580F0538410683B69BA6B40F8283019
:10F3000008F10103D3802023C7F828B0FD60BB605B
:10F31000C7F81C90A146BC69002607F5AC7BA8463F
:10F3200002F010FDB0423FF472ADDAE9003213F89A
:10F33000011B0BF80610013ACAE90032032C06F152
:10F3400001033B6307F1480502D12B68042B04D06D
:10F35000082200212846FCF761FF3B6B009518EE60
:10F36000100A5A46414602F085FD431C04463FF40C
:10F370004EAD002840F0F883C8F80000064607F1BB
:10F380005003082200211846BB61FCF747FF2D49B6
:10F39000BB69D1F8E010324618EE100A0E4607F1AC
:10F3A0004001B047012800F05C84002207F15803B7
:10F3B0009B5C002B00F0B085FB693A6B032C134477
:10F3C000FB6100F0528409F1FF397B695BB93B694D
:10F3D00008F104083BB1FB68A8EB0305BB68B3EB7D
:10F3E000A50F40F24884DAF80430002B4FF00006F5
:10F3F00040F3C383B9F1000F92D1D7F81C90BC61E0
:10F4000045467B69002B7FF4E7AC2B603B69002B02
:10F4100072D0FB68BA68E91A8B1001339A426BD933
:10F420003C6904312068FCF7ADFF002864D02060FF
:10F4300062E0054B25F4386533F91BB04BE600BF9D
:10F4400079710110C40B002054710110B8F1000F44
:10F4500040F00282BAF1000F40F0EE8205F4E06C59
:10F46000BCF5E06F00F02985334656468A46013BDD
:10F47000012B40F2958508F1FF33062B40F2E5821F
:10F48000EA0514D56B0500F1C5851BF8011C65293B
:10F490000BF1FF3309F1FF3402D0452940F01F83FF
:10F4A00018EE100A5246A1469B4604F05DFD15F089
:10F4B00010027FF491AC05F4C063B3F5806F8BF854
:10F4C000002000F0F3833B69002B40F0A283002270
:10F4D000F96918EE100A04F03BFBEE0702460B46F2
:10F4E000C7E90C23D7F828B040F1E2825BF8043B6F
:10F4F000C3E90001C7F828B0FB6A0133FB626BE483
:10F500002B0503D516EB080F3FF468ADB8F1020FD9
:10F510007FF456AD4FF0030843E5B8F1070F7FF4D1
:10F520004FAD4FF008083CE52B067FF549AD25F0BF
:10F53000800536E52B0503D516EB080F3FF44EADDD
:10F54000012E7FF43DAD02262BE505F4186CBCF5C9
:10F55000807F7FF435ADBAF1010F7FF431AD4FF00C
:10F56000300C0BF801CB45F40065013C4FF0000A6C
:10F5700017E5B8F1060F7FF423AD4FF0070810E54B
:10F580002B057FF51DAD05F4A06CBCF5806F06D092
:10F590006B057FF515ADBAF1000F3FF465AFAB0514
:10F5A00005D47B69C7F808B0AAEB03033B6125F4D7
:10F5B000786545F4C0754FF0000AF2E4002E40F083
:10F5C0004581BAF1000F05D105F4E06CBCF5E06FA0
:10F5D00000F08284B8F1010F03D0B8F1040F7FF47A
:10F5E000EFAC08F101085FFA88F8DAE42B05CAD518
:10F5F000F1E4EB057FF5EFAC7B6825F080050AF1BF
:10F60000010A002B3FF4CFAC7B68013B7B60CBE46D
:10F610002A077FF4B1AB2AE42E077FF4ADAB427822
:10F6200045F002050846FFF73DBB45F400758F4BDA
:10F630003B6210237B62DAF80430F963002B4FF051
:10F6400003063FF71EAC18EE100A514604F0CCFC3E
:10F6500000287FF4DCAB6B063FF516ACDAF800202F
:10F6600083491378CB5C18077FF50EAC18EE10BAFF
:10F6700007E0CAF800207E491378CB5C19077FF5B4
:10F6800003ACDAF80430013B002B09F10109CAF898
:10F69000043002F10102ECDC5146584604F0A4FCAF
:10F6A00000287FF4B4ABDAF80020E4E72B067FF5FE
:10F6B00021AD25F080050EE56E4B33F91BB0BBF193
:10F6C000080F3FF706AD15E505F4C063B3F5007FFD
:10F6D0007FF410AD25F4007545F4A0654FF0100BD4
:10F6E000F9E445F00105F9630226FFF7C5BB45F0D3
:10F6F000010545F04005F9630026FFF7BDBB45F065
:10F7000001055A4B3B620823F9637B620326FFF72E
:10F71000B3BB45F00105584B3B620A23F9637B629A
:10F720000326FFF7A9BB07F1580003F01FFA45F0C5
:10F730004005F8630126FFF79FBB2A077FF41CAB47
:10F7400042786C2A00F0098345F001050846FFF76E
:10F75000A9BA15F08F037FF40FABBA6B002A00F043
:10F760002B83427845F080050846FFF79BBAEB06ED
:10F7700000F1B2812E0740F14E83D7F828B0F9632B
:10F780005BF8043BC7F828B083F80090FFF724BB70
:10F790002B077FF4F1AA4278682A00F0D88245F05E
:10F7A00004050846FFF77EBA334B3B620023F9633A
:10F7B0007B620326FFF760BB2C4B3B620A23F96395
:10F7C0007B620326FFF758BB45F408752FE72C43EF
:10F7D0007FF4D2AA427810250846FFF763BA2B05BA
:10F7E0007FF579ACBBF1000F03D145F400754FF004
:10F7F000080B690540F1518125F4B0656BE418EE02
:10F80000100A396304F0F0FB396B00287FF4D8ABA1
:10F81000002C7FF463ABFFF7D3BB18EE100A414610
:10F8200004F0E2FB00283FF463AC63E4D7F828B0AF
:10F830005BF8043B1860C7F828B0FB6A0133FB6231
:10F84000FB69F61AB044C144FFF7C6BA022E7FF432
:10F85000C1AE0326FFF7A5BBB8F1030F3FF4C1AE5D
:10F86000B8F1050F3FF4BDAEFFF7AABB51D10010B0
:10F870007971011054710110CDCF0010E80600F12C
:10F88000298215F08005D7F828B000F0AA825BF82D
:10F89000045B3D63002D3FF46FAA2020FCF764F960
:10F8A000064600283FF4B9AABA6B28609388D58829
:10F8B0009D4280F0438110683B6B40F82530BB6B64
:10F8C000C7F828B00135DD802025DAF8002007F1DF
:10F8D000580B13781BF80330002B3FF44DAAB046A9
:10F8E000C7F81C90D946AB4635463E6BDAF80400A3
:10F8F0000138CAF80400501CCAF8000041461078CC
:10F9000001F8010B26B1A1EB0508D84580F009816B
:10F910008846013C0BD0DAF80410002940F38F81AF
:10F92000DAF80020117819F801100029DED1D7F893
:10F930001C904646A8465D46B6EB08083FF41CAA54
:10F94000002333703B6B23B108F101018D4200F2BB
:10F95000BA82FB6A0133C144FB62FFF73DBAE80695
:10F9600000F1738215F0800500F00882D7F828B006
:10F970005BF8046B3E63002E3FF4FEA92020FCF7E9
:10F98000F3F8054600283FF448AABA6B3060938824
:10F99000D6889E4280F0AF8010683B6B40F82630DE
:10F9A000BB6BC7F828B00136DE804FF0200BDAF8C9
:10F9B0000030C1491A788A5C160700F18981224615
:10F9C0002E462C4619461546DAF804204B1C013AFF
:10F9D000CAF80420CAF80030A0460B7808F8013BAA
:10F9E0003B6B23B1A8EB06045C4580F0EB81013D45
:10F9F0000CD0DAF80420002A444640F31D82DAF8DD
:10FA00000010AD4B0A789A5C1007DDD5A8EB060113
:10FA100089444546013100232B703B6B002B3FF49A
:10FA20006BAD8B457FF668AD18681C46FCF7AAFCE9
:10FA300000287FF4FCAC5FE5334656468A46FFF764
:10FA4000C5BA00237B60FFF73CBAB8F1020F40F261
:10FA5000F982B8F1030F3FF413ADA8F104085FFA7F
:10FA600088F86FEA080453463D6318EE105AC24600
:10FA70005C44B0461E461BF8011D3246284604F081
:10FA800073FA5C45F7D133464646D0469A4609F1AB
:10FA9000FF333D6BA3EB0809F2E43B6B25F4607583
:10FAA00013B1013B3B63013409F10109FFF715BBB9
:10FAB000AC0700F1A580D7E90C235BF8044B06F0F6
:10FAC0008BFA002840F0B682D7E90C0106F0E2FA82
:10FAD000C7F828B020600FE5F963FFF77DB918EE8D
:10FAE000100A524604F040FAA9F102041BF8021C65
:10FAF000ABF10203D4E44FF6F67293423FF691A9BC
:10FB000008331FFA83F8BB6B4FEA88011868FCF7CB
:10FB100039FC00283FF485A9BB6BA3F8048018606A
:10FB20003BE74FEA4B0B28465946FCF72BFC0546B2
:10FB300000283FF472A980443060EAE64FF6F6727E
:10FB400093423FF66EA908331FFA83F8BB6B4FEA66
:10FB500088011868FCF716FC00283FF462A9BB6B0B
:10FB6000A3F804801860A7E6861C40F08382DAF8C8
:10FB700004303E6B002B3FF7D3AB18EE100A514612
:10FB800004F032FA00283FF435ACD7F81C90BC6181
:10FB90004546002E3FF435ACFFF739B94FF6F67203
:10FBA00093423FF63EA908339EB2BB6BB100186882
:10FBB000FCF7E8FB00283FF434A9BB6B9E8018607B
:10FBC000FFF79ABB4FF6F67293423FF62AA9BA6B3B
:10FBD00008339BB21068BB629900FCF7D3FB002886
:10FBE0003FF41FA9BA6BBB6A93801060FFF7D4BAC9
:10FBF000D7F828B05BF8043BC7F828B018701CE6AB
:10FC000097ED0C7B5BF8043B83ED007BC7F828B0D5
:10FC100072E4B86801460A230131834618EE100ADF
:10FC2000FDF7D4F93B69C21A07F2AB239B4528BF05
:10FC300007F2AA2B21495846FCF7F2FD47E418EEDB
:10FC4000100A514604F0D0F900283FF469AE464648
:10FC5000A8464645D7F81C905D467FF46DAEFFF789
:10FC6000D6B897F84020FFF7A1BB2B68042B7FF490
:10FC7000AAABFFF7AABBF868D9001E46FCF782FBC7
:10FC8000F86000283FF4C9A83A69730000EB050842
:10FC90001060BB60FFF7A7BB16F8011C18EE100A36
:10FCA0005246013E04F060F9FFF730BA7B69B34277
:10FCB000A3EB0602B8D10AE4797101104C7101106E
:10FCC000002607F14403FE617E619846FFF76FBA94
:10FCD0000121A0E6DAF8003007F1580B1A781BF87A
:10FCE0000220002A3FF448A80133CAF80030DAF8AD
:10FCF0000430012C03F1FF3318BF18EE105ACAF874
:10FD0000043011D118E0DAF800301A781BF802201C
:10FD100001338AB1CAF80030DAF804300136013B09
:10FD2000B442CAF8043007D0002BECDC5146284618
:10FD300004F05AF90028E6D0B144FFF74DB800238B
:10FD4000C7E902333B6107F14405FFF7E1BA827866
:10FD500045F008050230FEF7A5BF827845F00205A0
:10FD60000230FEF79FBFD3F800804FF0FF33FB62F5
:10FD7000B8F1000F7FF408A8FFF709B8BE6AAB46D8
:10FD800056F8045BBE62C7F830B010E6BB690233B8
:10FD90003FF461AAD8F8000001F0C6FF002840F047
:10FDA0000F81BB69032BD9447FF441AA2B68042B34
:10FDB0007FF43DAAFFF73CBA82B0CDE9023302AB33
:10FDC000BB63CEE44FEA4B0B30465946FCF7DAFAF8
:10FDD000064600283FF421A83B6B00EB040818609E
:10FDE00005E65BF8046BC7F828B03D636DE57B69F9
:10FDF0005BF8045BBB60C7E90333C7F828B0FFF7C3
:10FE000087BABE6A3B6B56F8048BBE62FB617B61AE
:10FE10001E46FFF7CCB96C0740F1A580D7F828B093
:10FE2000F9635BF8043BC7F828B0A3F80090FEF72D
:10FE3000D3BFFA62FEF7ABBF18EE100A514604F0CA
:10FE4000D3F800283FF4DBADE0E5DAF800308E4966
:10FE50001A788A5C11073FF56FAF0133CAF800309A
:10FE6000DAF80430012C03F1FF33CAF8043000F053
:10FE7000FD8018EE105A012614E0DAF800308249AD
:10FE80001A788A5C120703F101033FF555AFCAF8EF
:10FE90000030DAF804300136013BB442CAF80430CD
:10FEA0003FF44AAF002BE8DC5146284604F09CF8AA
:10FEB0000028E2D0B144FEF78FBF25F4F0654FF083
:10FEC0000108FFF76EB818681C46FCF75BFA0028BB
:10FED0003FF43FAD20603CE525F4F0650126FFF7D7
:10FEE00060B815F001027FF4A1ACA9077FF59EACC4
:10FEF000664B396A994218EE100A7B6AF96900F07C
:10FF0000B28003F0E3FED7F828B05BF8043BC7F8F3
:10FF100028B0C3E9000190E43E6BD7F81C90BC61A7
:10FF20004546002E3FF46DAA18EE104A013E524697
:10FF30001BF80610204604F017F8002EF6D1FFF744
:10FF400060BA4FF0000BFFF786B918EE100A514661
:10FF500004F04AF800283FF483A9BBF1000F7EF4B7
:10FF600056AFFFF786B9E8070FD4AA070DD5D7F823
:10FF700028B0F9635BF8043BC7F828B04FEAE97290
:10FF8000C3F800905A60FEF727BFD7F828B0F9638E
:10FF90005BF8043BC3F80090C7F828B0FEF71CBF1D
:10FFA000FC69A34518EE109A7EF6E6AE1BF8011D1B
:10FFB0005246484603F0D8FFA345F7D1FEF7DCBE12
:10FFC000BBF1000F3FF455A918EE105A5C46013CF6
:10FFD00007F5AC735246195D284603F0C5FF002CA7
:10FFE000F5D1FFF746B94FF0FF33FB62FEF7CFBE06
:10FFF0007869D900FCF7C6F9786100283EF40DAFA6
:020000041001E9
:10000000FB69D7F830B030605B0000EB0508FB619E
:10001000FFF721B9FC69A34518EE109A7EF6ACAE45
:100020001BF8011D5246484603F09EFFA345F7D139
:10003000FEF7A2BE1648C7F828B002F0DDFD20602A
:10004000FFF75ABAFB699B4518EE109A7EF694AEFC
:100050001BF8011D5246484603F086FFFB699B458D
:10006000F6D1FEF789BE03F001FF4CE72646B14406
:10007000FEF7B2BED8F800301E4601337FF47FA9E8
:100080003246FFF793B900BF7971011051D10010CA
:100090004C700110012C38BF012415F0010300F051
:1000A000988015F01003FB6140F0DB802A06D7F83A
:1000B00028B040F1DD805BF8043B3B63002B3EF44D
:1000C0005BAE8020FBF750FD064600283EF4A5AE4F
:1000D0003B6BBA6B1860B2F8068093889845C0F005
:1000E000FA804FF6F67293423EF69BAE08339DB20D
:1000F000BB6BA9001868FCF745F900283EF491AEE7
:10010000BB6B9D8018603B6B40F82830BB6BC7F819
:1001100028B008F10108A3F80680B3464FF0200884
:10012000002501F00FFEA8423EF471AEDAE900327C
:1001300013F8011B013ACAE90032BA6907F5AC703D
:10014000032A415505F1010307F1500502D12A6840
:10015000042A06D0082200212846BB61FCF75EF87D
:10016000BB69009518EE100A07F5AC7231467B6149
:1001700001F080FE431CB8613EF449AE7B69002863
:1001800040F0B980FA6902B932609944013CFB69D8
:1001900043B93B6B2BB1A6EB0B05B8EBA50F40F2B7
:1001A000DD800436DAF80430002B4FF0000540F310
:1001B000AB80002CB5D13B6B2BB1A6EB0B01B8EBA0
:1001C000A10F00F2DA80FB69002B7EF405AEFFF789
:1001D00093B9EE0655D428066CD5BE6A56F8045B72
:1001E000002D3EF4C9AD2046FBF7BEFC804600283A
:1001F0003EF413AEBA6B2860B2F806B093889B4504
:1002000077D34FF6F67293423EF60BAEBA6B0833D5
:100210009BB210683B639900FCF7B4F800283EF4E9
:1002200000AEBA6B3B6B93801060BB6B40F82B50F9
:100230000BF1010BA3F806B0414618EE100ACDF8F9
:1002400000A02346012203F0EDFE8046002868D07E
:10025000844271D8FB6A0133C7E90A63C144FEF7DF
:10026000BBBD4FF00008C346C7F83080464657E78D
:10027000FB695BF8046BC7F828B098469B463B6364
:100280004EE71D46DAF804309C4226DDDAF80020FD
:100290001A4418EE100ACAF8002051461D44E41A08
:1002A00003F0A2FE0028EDD0002D3EF4B0ADA9442D
:1002B000FEF792BD2346BC6A18EE100A2168CDF8FD
:1002C00000A0012203F0AEFE804600283EF49FAD60
:1002D00004342646BEE7106815E71B1BCAF8043035
:1002E000DAF8003025441C44CAF80040A944FEF75F
:1002F00073BD106899E7BA69023225D1DAF8042093
:10030000002A1D463FF70DAF18EE100A514603F0C4
:100310006BFE00283FF44DAF002D3FF44CAFFEF7CD
:1003200076BDFB6A002B3EF47CADBAF80C305B0660
:100330007EF524ADFEF775BD28684146FCF722F82E
:10034000002887D0286085E79944BB69032B7FF498
:100350001DAF2B68042B7FF419AF18E758464FEAFE
:10036000C801FCF70FF8834600283EF456AD3B6BFE
:10037000461918604FEA480813E73C6B2068FCF701
:1003800001F800283FF41FAF20601CE738B50C4689
:10039000084D8446114620461A4600232B606446C9
:1003A000F7F766FD431C00D038BD2B68002BFBD04F
:1003B000236038BD64540020024B13B1024800F0A2
:1003C00005B870470000000019170110002301460E
:1003D0001A46184603F034BF38B5074D00220446CC
:1003E00008462A60F7F7FAFC431C00D038BD2B689A
:1003F000002BFBD0236038BD645400202DE9F04F62
:1004000003690C69A34283B0C0F28780013C01F10B
:100410001405A30000F11408009355F8243058F88F
:100420002420013381469A4208EB840005EB8407BF
:100430000190B2FBF3F63BD30023AE4640469B4609
:100440005EF804AB02681FFA8AFC06FB0C334FEA25
:10045000134C4FEA1A4A06FB0ACA1FFA83FCABEB9D
:100460000C0C1FFA8AF31CFA82FCC3EB124202EB5B
:100470002C421FFA8CFC4CEA0243774540F8043BBF
:100480004FEA224B4FEA1A43DAD2009B58F8033066
:1004900073B9019B043B984504D307E0984504F1E8
:1004A000FF3403D253F80429002AF7D0C9F81040CA
:1004B000484602F0CBF800282BDB013640460023EB
:1004C00055F8041BD0F800C08AB29A1A0B0C12FA25
:1004D0008CF2C3EB1C4303EB224392B242EA034289
:1004E000AF4240F8042B4FEA2343E9D258F82420C6
:1004F00008EB84036AB9043B984504D307E09845A8
:1005000004F1FF3403D253F80429002AF7D0C9F8C4
:100510001040304603B0BDE8F08F002003B0BDE8C6
:10052000F08F00BF000000002DE9F04F2DED068B8D
:10053000016C95B090469946CDE90489279D044603
:1005400041B1426C4A60012393408B6001F0C2FDCF
:1005500000232364B9F1000AB4BF012300232B60F8
:100560007B4BBCBF2AF0004ACDF814A033EA0A0343
:1005700000F0B2809DED047B002251EC170BB0EE31
:10058000479AF0EE679A002305F0F4FC074680B125
:10059000269A01231360289B002B00F0DA826D4815
:1005A0001860431E0393039815B0BDEC068BBDE89D
:1005B000F08F12AB019313AB0093204653EC192B31
:1005C000B0EE498AF0EE698A02F092F95FEA1A56B3
:1005D000054640F09980DDE912763E4406F232404D
:1005E000202840F3AA83C0F140000AFA00FA06F27C
:1005F000124028FA00F04AEA0000FAF7E5FD01236C
:10060000013E0D93A1F1F871534B0022FAF79EFCC5
:1006100049A3D3E90023FAF751FE49A3D3E9002304
:10062000FAF796FC804630468946FAF7DDFD46A388
:10063000D3E90023FAF742FE02460B4640464946FC
:10064000FAF786FC8046894605F0DCFC00228346EA
:1006500000234046494605F097FC002840F06C8294
:10066000BBF1160F00F25B823C4B03EBCB03D3E9EB
:10067000002351EC190B05F087FC002874D00023EF
:10068000BE1B0C93731E0BF1FF3B069300F14E82D1
:1006900000230993BBF1000F6DDA099BCDF81CB064
:1006A000A3EB0B030993CBF100030B93249B092BC2
:1006B0004FF0000B68D8052B40F33D83043B249397
:1006C0000026249B023B032B00F29886DFE813F000
:1006D0004D044A0441042404269A42F20F73CAF3DB
:1006E000130A13605AEA08031DD1289B002B00F05F
:1006F0007C861B4B03930833289A0398136015B02C
:10070000BDEC068BBDE8F08F18EE903AC3F31303EF
:1007100051EC190B43F07F510D97A6F2FF36129F53
:1007200041F4401170E7289B002B40F0D9830D4B1A
:10073000039338E7AFF3008061436F63A787D23F2D
:10074000B3C8608B288AC63FFB799F501344D33FC0
:100750000000F07F617001100000F83FD8730110B5
:10076000807201107C720110BE1B731E069300F193
:100770009A840C900990069B5B44CDE9063B0023CC
:100780000B93249B092B96D90023CDE92433012612
:100790004FF0FF330A960893089B0F930021616482
:1007A000204601F071FC0390002800F02F86039B87
:1007B0002364089B0E2B00F2F980002E00F0F680D7
:1007C0000799002940F37184BD4B01F00F0203EB40
:1007D000C2034FEA2118C905D3E9006740F1038439
:1007E000B84B51EC190BD3E90823FAF791FE41EC11
:1007F000180B08F00F084FF0030AB8F1000F13D0E0
:10080000DFF8C09218F0010F09D030463946D9E917
:100810000023FAF753FD0AF1010A06460F465FEA84
:10082000680809F10809EDD151EC180B32463B4636
:10083000FAF76EFE41EC1A0B0C9B5BB157EC1A6B8E
:10084000A14B1AEE100A0022394605F09DFB002844
:1008500040F052855046FAF7C7FC53EC1A2BFAF7D2
:100860002DFD9A4B0022FAF773FB089B8046A1F1FD
:100870005079002B00F0F383079B1093089B0E9395
:100880000A9B002B00F0C0840E9A8D4B9049DDF836
:100890000CA003EBC20353E902230020FAF738FE51
:1008A00042464B46FAF752FB59EC1A8B41EC180BB7
:1008B00049461AEE100A05F0A5FB0746FAF794FC24
:1008C00002460B461AEE100A4946FAF73FFB30374C
:1008D0000AF8017B53EC182B06460F4605F054FB33
:1008E000002840F055854FF000080AEE105ACDF868
:1008F00044B055465BEC18AB08EE104A44462AE07B
:100900000E9B01349C424BDA724B504659460022F2
:10091000FAF7D4FC6F4B002282468B4630463946AC
:10092000FAF7CCFC8946804605F06CFB0746FAF7DF
:100930005BFC02460B4640464946FAF707FB303758
:1009400005F8017B52465B4606460F4605F01CFB48
:10095000002840F0188532463B465B490020FAF7F4
:10096000F5FA52465B4605F00FFB0028C8D0109BF5
:10097000039A0793AA4618EE104A1AEE105A02E09C
:10098000924500F0EA84D1461AF8013D392BF7D0A0
:100990000133DBB28AF80030079B01330793ABE1E8
:1009A000DDF844B01AEE105A18EE104A139B002BD3
:1009B000C0F29480079A0E2A00F39080404B03EB1C
:1009C000C203D3E90089259B002B1BDA089B002B6F
:1009D00018DC40F05D83404B002240464946FAF760
:1009E0006DFC02460B4651EC190B05F0D7FADDF809
:1009F00020A05646002800F0D082259BDDF80C8010
:100A0000DF43D2E242464B4651EC190BFAF780FD28
:100A100005F0F8FA06468346FAF7E6FB42464B46EF
:100A2000FAF74CFC0B46024651EC190BFAF78EFA1A
:100A3000DDF80CA0334630330AF8013B089B012B4C
:100A400000F08E834FF0010B08EE105A08EE904A2A
:100A50001D465446DA461DE042464B46304639466E
:100A6000FAF756FD05F0CEFA8346FAF7BDFB42468B
:100A70004B46FAF723FC0AF1010A0B4602463946B7
:100A80003046FAF763FA0BF13003AA4504F8013B4C
:100A900000F061830F4B0022FAF710FC00220023C4
:100AA00006460F4605F066FA0028D5D0A24618EE95
:100AB000105A18EE904A079B01330793D1461BE169
:100AC000D8730110B07301100000F03F00001C400B
:100AD0000000E03F00002440000014400A9A002A71
:100AE0003FD0249A012A40F39C82089B03F1FF38EF
:100AF0000B9B4345C0F26E82A3EB0808089B002BBA
:100B0000C0F26683069A1A440692099A17461A4456
:100B100009920121204601F0E5FB064625E001236C
:100B2000BE1B0C93731E06937FF5B2ADC6F1010395
:100B3000099300230693ADE55846FAF755FB424664
:100B40004B4605F017FA00287FF48AAD0BF1FF3B06
:100B500086E5874B0393039815B0BDEC068BBDE883
:100B6000F08FDDE90976DDF82C80002F0CDD069A88
:100B7000002A09DD0999BA421346A8BF3B46C91AA3
:100B8000FF1AD31A099106930B9BDBB10A9B002B2A
:100B900000F08282B8F1000F0FDD31464246204658
:100BA00001F07CFC2A4601460646204601F0C8FBBF
:100BB00029460546204601F08DFA0B9BB3EB08024F
:100BC00040F000830121204601F08CFBBBF1000FB7
:100BD000824600F3B780249B012B40F385814FF0C0
:100BE00000090120BBF1000F40F0B880069A1044C4
:100BF00010F01F0000F09680C0F12003042B40F39A
:100C0000F883099BC0F11C00034402440993074484
:100C10000692099B002B05DD29461A46204601F065
:100C20009DFC0546069B002B05DD51461A462046D5
:100C300001F094FC82460C9B002B40F03681089B0F
:100C4000002B40F31D810A9B002B40F0A080079BE6
:100C500001330793DDF80C80DDF82090012707E0D1
:100C6000294600230A22204601F03EFA01370546B4
:100C700051462846FFF7C2FB4F4500F1300008F807
:100C8000010BEDDB089A002AC8BF9346039AD8BF30
:100C90004FF0010B034693440027294601222046CA
:100CA000049301F05BFC5146054601F0CFFC00289F
:100CB00040F3A5811BF8013C039A0BF1FF3B04E0D4
:100CC0005A4500F0A7811BF8013D392B0BF10109B2
:100CD000F6D001338BF800305146204601F0FAF986
:100CE00056B12FB1B74203D03946204601F0F2F990
:100CF0003146204601F0EEF92946204601F0EAF996
:100D0000002389F80030269B079A1A60289B002B45
:100D10003FF449AC0398C3F8009015B0BDEC068BC6
:100D2000BDE8F08F1C20099B03440993069B0344F4
:100D3000074406936DE70126C3E4C0F1200008FADA
:100D400000F05AE401465A46204601F0A7FB249BD6
:100D5000012B824640F3D5814FF00009DAF81030BC
:100D60000AEB8303186901F06DFAC0F120003DE73A
:100D700060700110314600230A22204601F0B4F9C8
:100D80000F9B002B064640F32383CDE90783002FFA
:100D900000F31981B9F1000F40F0FD81B046049BCA
:100DA000039F089903F001027B1E1944249B0B92B8
:100DB000134309910A9351462846FFF71FFB31461A
:100DC0008346284601F042FC424651468146204671
:100DD00001F05EFCC26801460BF13003002A42D1EB
:100DE00006902846089301F031FC069904902046AD
:100DF00001F070F9049A089B1AB90A99002900F0C9
:100E0000D782B9F1000FC0F28881249949EA01091B
:100E10000B9951EA090100F08081002A00F3E88172
:100E2000099A3B7007F101099742CB4600F0E68131
:100E3000294600230A22204601F056F94645054678
:100E400031464FF000034FF00A02204612D001F065
:100E50004BF94146064600230A22204601F044F998
:100E60004F468046A7E72046049301F033F9049BE0
:100E70000122C6E701F038F94F46064680469AE758
:100E8000249B022B78DC0A9B002B80D1079B5146C8
:100E9000013328460793FFF7B1FADDF80CB000F1F3
:100EA00030030BF8013B0027F7E65146284601F0D6
:100EB000CDFB0028BFF6C3AE294600230A222046F8
:100EC00001F012F9079B03F1FF380A9B0546002B3E
:100ED0007FF450AF0F9B002B40F371820893B9E66B
:100EE000BD4B0393033307E4DDE9041200297FF4CB
:100EF00076AEC2F31303002B7FF471AEB74B1340F1
:100F0000002B00F03E82099B01330993069B0133BD
:100F100006934FF0010964E601230A93259B079A83
:100F200013440F930133012B1F460893B8BF0127C9
:100F30000021172F61647FF733AC012204235B008B
:100F400003F11400B842114602F10102F7D96164BD
:100F500026E401230A93259B002B4BDD0F93089376
:100F60001F46E5E700230A93D8E700230A93F2E738
:100F70000F9BCDF81C800893089B002B7FF43DADA0
:100F800051460522204601F0AFF801468246284628
:100F900001F05CFB00287FF730AD0398079F3123F9
:100FA000804600F8013B013703905146204601F08E
:100FB00091F87B1CDDF80C900793CDF80C80002E87
:100FC0007FF496AE98E631463A46204601F0C6FADE
:100FD0000646DFE60B9BCDF82C80A8EB03039B4471
:100FE0004FF000088AE54FF0020AB0EE498AF0EEB1
:100FF000698A02E4012325930893FFF7CDBB03D14F
:10100000049BDB073FF556AED9461BF8013D302B5C
:10101000FAD061E6079B039A0133079331231370DB
:101020005AE60D9A002A00F0638103F23343069AD0
:10103000DDF82C801A440692099A17461A44099240
:1010400067E55046FAF7D0F853EC1A2BFAF736F961
:10105000634B0022F9F77CFF8046A1F15079614B88
:10106000002251EC1A0BF9F771FF42464B46064637
:101070000F4604F0A7FF002840F07F813046394634
:10108000424609F1004304F07FFF00283FF48EAC94
:101090004FF0000A5646B0E429460B9A204601F06C
:1010A000FDF905468EE50C9040E500F04E81079A6B
:1010B0004D4B564206F00F0203EBC203D3E9002367
:1010C00051EC190BFAF7FAF8361141EC1A0B00F053
:1010D0008881464F00234FF0020AF20706D5D7E970
:1010E0000023FAF7EBF80AF1010A0123761007F161
:1010F0000807F2D1002B3FF49FAB41EC1A0BFFF72E
:101100009BBB049B002B7FF427AEDDE90412C2F3E6
:101110001303002B3FF4F2AE1EE6002A12DD29462F
:1011200001222046049301F019FA5146054601F0C8
:101130008DFA0028049B40F33581392B00F0138190
:101140000BF13103B94609F8013B079B01333746E0
:1011500007934646C0E5A24618EE105A18EE904A8C
:1011600002460B46F9F7F4FE42464B4606460F464A
:1011700004F028FF60B942464B463046394604F039
:10118000F9FE00283FF497AC5FEACB717FF593AC92
:10119000039AFFF7F8BB7168204600F075FF074619
:1011A000002800F03A81336902339A0006F10C01FD
:1011B0000C30FAF799FF39460122204601F0CEF9AA
:1011C0008046ECE52946204601F068F90546F9E439
:1011D000DDE908239F1A9CE47C7201100000F07F77
:1011E00000001C4000001440D8730110B0730110BF
:1011F000392B00F0B880B9460133A4E7079A0132D1
:1012000037460792464648E50E988D4901EBC001E6
:1012100042464B4651E90201FAF750F85AEC1A9B44
:1012200041EC180B51461AEE100A04F0EBFE07468B
:10123000F9F7DAFF02460B461AEE100A5146F9F7A3
:1012400085FE06460E98DDF80C803037012808F838
:10125000017B0F4600F0BA800E9B039ACDF838B0A0
:1012600013449B46C246774B002230463946FAF774
:1012700025F88946804604F0C5FE0746F9F7B4FF15
:10128000303702460B4640464946F9F75FFE0AF8FA
:10129000017BDA4506460F46E5D1DA46DDF838B07F
:1012A000694B59EC188B002218EE100A4946F9F7E1
:1012B0004FFE32463B4604F067FE00286DD118EE23
:1012C000102A4B4660490020F9F740FE32463B4663
:1012D00004F078FE00283FF469ABD1460AF1FF3AEA
:1012E00019F8013C302BF8D0109B0133079303E52C
:1012F000129BC3F136039AE6089B002B3FF4A1AE84
:101300000F9B002B7FF752AB079A0E93013A4D4B80
:1013100010921AEE100A39460022F9F7CFFF024662
:1013200016460F460AF10100F9F75EFF32463B46CA
:10133000F9F7C4FF454B0022F9F70AFE47EC1A6B98
:101340008046A1F15079FFF79BBA4FF0020AB0EE48
:1013500049AAF0EE69AAFFF76FBA079B013307931A
:101360003123FFF717BB079BBB4601330793392394
:1013700037460BF8013B46469EE44FF0000A5646BE
:101380000BE699462DE4AA4618EE104A1AEE105ABA
:10139000109B01330793D146AEE4109B039A079349
:1013A000FFF7F1BA7FF4CEAEDA077FF5CBAEC4E635
:1013B000392BD8D0B9F1000F3FF7C2AEC2E6249B5B
:1013C000022B3FF7D5ADCDF81C805FE5C24667E73D
:1013D000249B022B3FF7CCAD0F9BCDF81C800893CC
:1013E000D5E44FF0020AFFF727BA194B0393FFF732
:1013F000DAB83FF40EACC0F13C0094E40026666419
:101400003146204600F040FE039068B9114B124867
:1014100000224FF4D57102F059FF0E4B0E483A46A8
:1014200040F2EA2102F052FF039B236401224FF0B5
:10143000FF3325960F930A920893FFF7B7BA00BFC0
:10144000D8730110000024400000E03F00001C4061
:10145000807201108C720110A0720110B1F90C2081
:101460002DE9F0410C461107804647D4636842F4E9
:101470000062002BA2815EDDA56A002D58D00023FA
:10148000D8F80060C8F8003093B212F4805256D1F8
:101490000123E1694046A847431C67D0A389A56A98
:1014A0005F0705D56368C01A236B0BB1E36BC01AE5
:1014B000E169024600234046A847411C41D1D8F8C3
:1014C0000030002B3DD01D2B01D0162B56D1A38907
:1014D0002269226023F4006300216160A381216BF3
:1014E000C8F8006021B304F14003994202D040469D
:1014F00000F078F900202063BDE8F0812669BEB1D4
:1015000093B2256826609A070CBF63690023AD1B60
:10151000A3600BE02B463246E169676A4046B84754
:10152000B0F1000CA5EB0C05664417DD002DF1DCD5
:101530000020BDE8F081E36B002B9DDCF8E7206D17
:10154000AEE7B4F90C302269226023F40063A38172
:101550000022DB046260C2D52065C0E7A38943F0A6
:1015600040034FF0FF30A381BDE8F081D8F8003090
:10157000002B93D01D2B06D0162B04D0A38943F04B
:101580004003A381D5E7C8F80060D1E738B50C4621
:10159000054608B1836BA3B1B4F90C00B8B1636E12
:1015A000DB0701D4810515D528462146FFF756FFF4
:1015B000636EDA07054602D4A3899B050ED528463B
:1015C00038BD00F017F8B4F90C000028E7D1054643
:1015D000284638BDA06D00F0C3FBE5E7A06D00F024
:1015E000C1FB284638BD00BF014900F079BB00BFF0
:1015F0000D4301102DE9F0478246394800F0B0FB59
:10160000DAF83840002C66D1DAF80450354ACAF8C6
:101610003C200323CAE9B843DFF8DC90DFF8DC8024
:10162000314F324E04230AF53B72CAF8E8222146B4
:10163000C5E90243C5E90044C5E904446C660822D3
:10164000AC6105F15C00FAF7E9FDC5E90759C5E9A8
:101650000987EE6205F1580000F07EFBDAF80850C9
:10166000234BEB602146C5E90044C5E904446C66A0
:10167000AC60AC61082205F15C00FAF7CFFDC5E96A
:101680000759C5E90987EE6205F1580000F064FBCF
:10169000DAF80C50174BEB602146C5E90044C5E968
:1016A00004446C66AC60AC61082205F15C00FAF79A
:1016B000B5FD05F15800C5E90759C5E90A76C5F831
:1016C000248000F049FB0123CAF838300448BDE803
:1016D000F04700F047BBBDE8F047014800F042BBCF
:1016E00060540020E915011021C9001041C9001003
:1016F0000900010012000200B9C80010E1C8001082
:10170000014800F02DBB00BF5C540020014800F0F0
:1017100029BB00BF5C54002038B5084B084D5B1B4B
:101720009C1007D0043B1D44013C55F804399847F0
:10173000002CF9D1BDE8384005F0EABF400D00208B
:101740003C0D0020F8B5244F0C460646FAF7B8FDCC
:10175000BA685568C4F57E630F3325F003052B4442
:1017600023F47F6323F00F03A3F58054B4F5805F67
:1017700007DB00213046FAF7FDFFBB682B44984297
:1017800004D03046FAF7A2FD0020F8BD6142304691
:10179000FAF7F0FF01300DD0104ABB682D1B45F061
:1017A00001055D60136830461B1B1360FAF78EFD60
:1017B0000120F8BD00213046FAF7DCFFBA68831A31
:1017C0000F2BDEDD43F001035360054B03491B681B
:1017D000C01A0860D5E700BFB007002020540020E1
:1017E000B80B0020002961D0F8B50C460646FAF780
:1017F00067FD54F8042C7B4FA4F1080522F0010189
:1018000005EB010CB868DCF80430604523F00303F5
:1018100000F08B80D207CCF8043032D454F8082C76
:10182000AD1A1144AA6807F1080082426AD00CEB95
:101830000304D4F804E0EC68D4601EF0010FA26049
:1018400000F0978041F001036B60CCF80010B1F517
:10185000007F35D27A68CB084809012101338140E5
:101860001143796007EBC30257F83310083AC5E912
:10187000021247F83350CD603046BDE8F840FAF721
:1018800025BD0CEB03025268D00710D4194407F1B0
:101890000800DCF80830834273D0DCF80C20DA60F2
:1018A000936041F001036B606950D0E7704741F0ED
:1018B0000103B1F5007F44F8043CCCF80010C9D313
:1018C000B1F5206F4FEA512348D28B0903F139005B
:1018D00003F13802C300F818FB580838984259D071
:1018E0005A6822F003028A4202D99B689842F7D1D3
:1018F000D868C5E902308560DD603046BDE8F84053
:10190000FAF7E4BC0CEB03025268D20763D40B4431
:10191000DCE90212CA60916043F001026A6030465D
:10192000EB50BDE8F840FAF7D1BC0B44D10707D41F
:1019300054F8082CAD1A1344D5E90212CA6091601C
:1019400043F001026A60284ABD6012689A4293D847
:10195000264B30461968FFF7F5FE8DE7142B0AD9A0
:10196000542B1FD80B0B03F16F0003F16E02C30061
:10197000B1E719448DE703F15C0003F15B02C3009A
:10198000A9E741F00103C7E90455C5E902006B600E
:10199000695071E779689210012404FA02F20A434F
:1019A0007A60A6E7B3F5AA7F06D8CB0B03F17800DF
:1019B00003F17702C3008EE740F25452934206D8F7
:1019C0008B0C03F17D0003F17C02C30083E74FF42D
:1019D0007E737E227FE741F001036B60CCF800103C
:1019E0004AE700BFB0070020BC0B00205054002085
:1019F0009368002B00F085802DE9F04FB1F90C3091
:101A00000C461907804683B0174698B225D523693E
:101A10001BB310F002033D682DD04FF0000ADFF831
:101A2000BCB25646B9465E453346524628BF5B4671
:101A30004046002E52D0E169676AB847002856DD5B
:101A4000D9F808301B1A8244361AC9F80830002B1E
:101A5000E9D1002003B0BDE8F08F2146404602F0F6
:101A600085FB002840F03681B4F90C303D6898B20F
:101A700010F00203D1D110F0010944D14E46009775
:101A800046B38205D4F808B040F18380B3455A4686
:101A900000F2B28010F4906F40F0BF802068019295
:101AA000494600F075FAA368019AA3EB0B0123687D
:101AB000A1601344B24623600026009B9868A0EB07
:101AC0000A00D14498600028C3D0B4F90C0080B259
:101AD000002ED6D1D5E900960835D1E7D5E900A684
:101AE0000835A0E721464046FFF750FD80B3B4F922
:101AF0000C3043F040034FF0FF30A38103B0BDE84A
:101B0000F08F002070471E46AA46994618461D468B
:101B1000009756B388B34A46D4E904132068B2420A
:101B200028BF3246884205D9A16803EB010B5A450C
:101B300000F3A680934263DCE169676A2A46404667
:101B4000B847B0F1000BD2DDB9EB0B09CAD00120C8
:101B5000009A9368A3EB0B035D44A6EB0B0693601E
:101B6000002B3FF476AF002ED4D10AF1080353E9DD
:101B700002569A460833002EF9D032460A212846EA
:101B800000F0B6F9002800F09C800130A0EB0509B8
:101B9000C1E720682369984216D86369B34213D815
:101BA0006FF00042B24228BF3246E16992FBF3F285
:101BB000676A02FB03F340464A46B847B0F1000AA1
:101BC00095DDA6EB0A0678E7B345DA4628BFB246AC
:101BD0005246494600F0DCF9A3682268A3EB0A03E9
:101BE0005244A3602260002BEBD121464046FFF710
:101BF000CDFC0028E5D07AE72068B34632464EE7B0
:101C00002946019200F0C4F9019AA3689B1AA360C7
:101C1000236813442360934696E723682169A3EB66
:101C2000010B636903EB430A0AEBDA7A0BF1010358
:101C30004FEA6A0A33445345524684BF9A46524695
:101C400043052CD511464046F9F79EFF00283BD0AE
:101C50005A4621690190FAF747FAA289019B22F4BA
:101C6000906242F08002A28103EB0B002361AAEB99
:101C70000B03C4F814A0A3602060B34632460EE7FD
:101C800029465A4600F084F923685B4423602146C4
:101C90004046FFF77BFC00283FF456AF27E740465D
:101CA000FAF77CFB03460028DED121694046FFF7A6
:101CB00099FDB4F90C300C2223F08003C8F8002001
:101CC00017E7721C914627E70C22B4F90C30C8F8CC
:101CD00000200EE74FF0FF30BCE600BF00FCFF7FA6
:101CE0002DE9F8430746884600F538764FF000099D
:101CF000D6E90154013D11D4A389012B05F1FF352B
:101D000008D9B4F90E300133214603D03846C04714
:101D100049EA00096B1C04F16804EDD13668002E15
:101D2000E6D14846BDE8F883002100F001B800BFC5
:101D3000FF289DBF024BC05C00F0080000207047E8
:101D400079710110014B93F828017047C40B0020F2
:101D500000487047B40C0020704700BF704700BFB8
:101D6000704700BF704700BF38B50C46084D844629
:101D7000114620461A4600232B606446F6F746F8C3
:101D8000431C00D038BD2B68002BFBD0236038BD2E
:101D9000645400202DE9F0418B890C46990796B0D8
:101DA00008D504F143030122C4E90432236016B0CC
:101DB000BDE8F081B4F90E100029064627DB6A461B
:101DC00002F01EFB002821DB019D05F47045A5F5FE
:101DD0000055B5FA85F54FF480686D094FF400673A
:101DE00041463046F9F7D0FEB4F90C30F0B1204A44
:101DF000F26343F08003C4F81480A3812060206163
:101E000035BB3B43A38116B0BDE8F081A38913F035
:101E1000800519D04FF0400841463046F9F7B4FE2E
:101E20000025B4F90C302F460028E0D19A05BED425
:101E300023F0030304F1430243F002030121C4E948
:101E40000421A3812260B2E74FF480682F46C7E7E0
:101E5000B4F90E10304602F019FF10B9B4F90C3085
:101E6000CFE7A38923F0030343F001031BB2C8E7C4
:101E7000E915011070B582B00546069C42B10C4EC2
:101E80000094D6F8E460B047431C0BD002B070BD9C
:101E9000074B0094D3F8E46011460123054AB0478C
:101EA000431CF3D100228A2322602B6002B070BD54
:101EB000C40B00204C70011082B049B15AB16BB113
:101EC00013780B601278101E18BF012002B0704703
:101ED00001A9002AF3D1104602B070476FF001004B
:101EE000F4E700BF00000000000000000000000058
:101EF00001F0FF01102A2BDB10F0070F08D010F8BB
:101F0000013B013A8B422DD010F0070F42B3F6D1BE
:101F1000F0B441EA012141EA014122F007047FF0D7
:101F200000070023F0E80256083C85EA010586EA2E
:101F3000010685FA47F5A3FA87F586FA47F6A5FA6A
:101F400087F68EB9EED1F0BC01F0FF0102F0070276
:101F500032B110F8013B013A83EA010313B1F8D121
:101F60000020704701387047002D06BF3546033802
:101F7000073815F0010F07D1013015F4807F02BF3B
:101F8000013015F4C03F0130F0BC0138704700BF8C
:101F900088420DD98B1883420AD900EB020CBAB1E2
:101FA000624613F801CD02F801CD9942F9D170478C
:101FB0000F2A0ED8034602F1FF3C4AB10CF1010C86
:101FC000013B8C4411F8012B03F8012F6145F9D135
:101FD000704740EA01039B0750D1A2F1100370B58E
:101FE00001F1200C23F00F0501F1100E00F1100497
:101FF000AC441B095EF8105C44F8105C5EF80C5CA5
:1020000044F80C5C5EF8085C44F8085C5EF8045C1C
:1020100044F8045C0EF1100EE64504F11004E9D119
:10202000013312F00C0F01EB031102F00F0400EB6F
:10203000031327D0043C24F003064FEA940C1E44FB
:102040001C1F8E465EF8045B44F8045FB442F9D16D
:102050000CF1010402F0030203EB840301EB8401A1
:1020600002F1FF3C4AB10CF1010C013B8C4411F828
:10207000012B03F8012F6145F9D170BD02F1FF3C3E
:1020800003469BE72246EBE7C36C70B505460C465A
:102090004BB153F8240080B1026843F82420002398
:1020A000C0E9033370BD21220421F9F7F7FC034690
:1020B000E8640028EDD1002070BD012101FA04F68A
:1020C000721D92002846F9F7E9FC0028F3D0C0E918
:1020D0000146E4E731B1C36C4A6853F82200086056
:1020E00043F82210704700BFF0B50C69064683B074
:1020F0000D4601F1140E0020DEF800101FFA81FCDD
:1021000002FB0C334FEA134C090C02FB01CC0130EB
:102110009BB203EB0C4384424EF8043B4FEA1C4352
:10212000EADC3BB1AA68A24207DD05EB8402013478
:1021300053612C61284603B0F0BD696801930131F9
:102140003046FFF7A1FF019B0746B8B12A6901930A
:10215000023205F10C0192000C30F9F7C5FFF26C68
:102160006968019B52F82100286042F821503D46E1
:1021700005EB8402013453612C61DBE7024B034819
:102180003A46B52102F0A2F88C72011030730110AA
:102190002DE9F8430C4628491F46164603F108026C
:1021A00081FB0231092F4FEAE2730546C3EB61035D
:1021B00039DD4FF0010C00214FEA4C0C634501F171
:1021C0000101F9DC2846FFF75FFF014668B3089B71
:1021D0004361092E4FF00103036112DC0A34092622
:1021E000B7420BDDBE1B264414F8013B0A22303BEC
:1021F0002846FFF779FFA6420146F5D10846BDE81B
:10220000F88304F10909C846344418F8013B0A224E
:10221000303B2846FFF768FFA0450146F5D1A6F1FF
:1022200008044C44DCE70021CCE70A46034B044891
:10223000CE2102F04BF800BF398EE3388C720110CA
:1022400030730110030C1B04D3B90004102310F0E9
:102250007F4F04BF0002083310F0704F04BF00012D
:10226000043310F0404F04BF80000233002805DB28
:1022700010F0804F03F1010308BF20231846704778
:102280000023E4E7036813F00702014607D0DA07EA
:102290001FD4980721D55B080B600120704798B2C6
:1022A000A0B11046DAB20AB908301B0A1A0704BFF7
:1022B0001B0904309A0704BF9B080230DA0703D4D5
:1022C0005B0800F1010006D00B6070471B0C10206A
:1022D000E8E700207047202070479B080B60022031
:1022E000704700BF38B5C36C04460D464BB1586803
:1022F000B0B102685A6000220123C0E90435C2600F
:1023000038BD21220421F9F7C9FB0346E064002807
:10231000EDD1094B094800224FF4A07101F0D6FF1E
:102320001C2201212046F9F7B9FB0028F1D0012237
:102330000223C0E90123DEE78C7201103073011023
:102340002DE9F04F0E691569AE4285B088461446F6
:1023500005DB2A46234635460C4616469846A368B2
:102360006168AF19BB42B8BF0131FFF78DFE019024
:10237000002800F08780019B03F1140909EB870A0C
:10238000D14505D24B46002243F8042B9A45FBD891
:1023900008F1140808EB860B04F11403D8451A461B
:1023A00003EB85055FD22B1B153B23F0030304339E
:1023B0001534A54238BF0423CDE902A7AC461F4619
:1023C000924605E0000C29D1C34509F1040948D91A
:1023D00058F8040B85B2002DF4D056464C46002325
:1023E00056F8040B216882B21FFA81FE05FB02EE4B
:1023F000000C0A0C734405FB002202EB13429BB253
:1024000043EA0243B44544F8043B4FEA1243E7D899
:1024100049F8073058F8040C000CD5D0D9F8003032
:10242000544619464D4600222688090C00FB061129
:102430000A449BB243EA024345F8043B54F8046B58
:102440002968360C8BB200FB063303EB1243A4451C
:102450004FEA1342E8D8C34549F8073009F10409A7
:10246000B6D8DDE902A7002F02DC05E0013F03D06A
:102470005AF8043D002BF9D0019B18461F6105B0A6
:10248000BDE8F08F034B0448019A40F25D1101F062
:102490001DFF00BF8C7201103073011012F0030396
:1024A0002DE9F0411446064632D10D46A41020D045
:1024B000D6F84880B8F1000F33D0E3074FF000079B
:1024C00007D4641015D0D8F80000A8B18046E307FF
:1024D000F7D5424629463046FFF732FFB5B1696865
:1024E000F36C641053F821202A6043F8215005460C
:1024F000E9D12846BDE8F081424641463046FFF723
:102500001FFFC8F8000007608046E0E70546D8E7EF
:10251000013B0F4A52F823200023FFF7E5FD054653
:10252000C4E701213046FFF7AFFD804640B10123EB
:1025300040F27122C0E904320023B0640360BCE7BA
:10254000044B054842464FF4A07101F0BFFE00BFA6
:10255000A07401108C720110307301102DE9F04746
:102560000C4690462669A368496806EB6216751CFE
:102570009D4207464FEA621904DD5B009D4201F16E
:102580000101FADC3846FFF77FFD8446002851D070
:10259000B9F1000F00F114000EDD09F105024FEA58
:1025A000820E03460CEB8202002143F8041B934287
:1025B000FBD1AEF114031844216904F1140318F09F
:1025C0001F0803EB81012DD0C8F1200986464FF08A
:1025D000000A1A6802FA08F242EA0A024EF8042BCC
:1025E00053F8042B994222FA09FAF2D80B1B153B37
:1025F00023F00303043304F11502914238BF04238E
:10260000BAF1000F18BF2E4640F803A0FB6C6268B9
:10261000CCF8106053F822102160604643F8224045
:10262000BDE8F087043853F8042B40F8042F994292
:10263000F9D8EBE7034B0448624640F2D91101F0A8
:1026400045FE00BF8C720110307301100B69844687
:102650000069C01A16D10CF1140C14310CEB830272
:1026600010B401EB830301E0944508D252F8044D05
:1026700053F8041D8C42F7D005D24FF0FF305DF8BF
:10268000044B7047704701205DF8044B704700BF52
:102690002DE9F84F0F691369FF1A002F0E46904677
:1026A0007AD101F11405143202EB830205EB8303A6
:1026B00001E09D4273D253F8041D52F8044DA1422B
:1026C000F7D064D37168FFF7DFFC8146002872D031
:1026D0003569D8F81020C76008F1140E06F114000F
:1026E00009F1140A06F1100C0EEB820200EB8507CB
:1026F000564600215EF8044B5CF804BFA3B211FA01
:102700008BF1CB1A210CC1EB1B4101EB23419BB296
:1027100043EA0143724546F8043B4FEA2141E9D8B8
:10272000A2EB0804153C08F11508424524F0030605
:1027300006F1040638BF0426304424F0030238BFF3
:10274000002287425244B24416D95646044654F8F1
:10275000043B11FA83F10A1402EB134289B241EAF5
:102760000243A74246F8043B4FEA2241EFD87A1EC3
:10277000101A20F00302524423B952F8043D013DDF
:10278000002BFAD0C9F810504846BDE8F88F334600
:1027900001274646984695E7F9DB002792E7002196
:1027A000FFF772FC814668B101220023C9E90423C6
:1027B0004846BDE8F88F074B07484A464FF410716A
:1027C00001F084FD034B04484A4640F2322101F0F7
:1027D0007DFD00BF8C720110307301100F4B0B4058
:1027E000A3F15073002B02DD0020194670475B42B5
:1027F000B3F1A07F4FEA235205DA4FF40023002003
:1028000043FA02F17047143A1E2ADABF4FF0004330
:1028100023FA02F201220021104670470000F07FE7
:1028200002692DE9F04100F1140707EB8202A2F1E1
:10283000040852F8046C3046FFF704FDC0F1200391
:102840000A280B6036DD47451ED2B0F10B0352F863
:10285000081C26D0C3F1200C21FA0CF09E40064340
:10286000A2F1080046F07F55874245F440153BD25F
:1028700001FA03F052F80C3C23FA0CF303431C4614
:1028800020462946BDE8F081B0F10B0308D006FAD6
:1028900003F343F07F55002345F440151C46EFE752
:1028A000194646F07F550C4645F44015204629460A
:1028B000BDE8F081474538BF52F8082CC0F10B0342
:1028C00026FA03F138BFDA4000F1150341F07F55D5
:1028D00028BF002206FA03F345F4401543EA020438
:1028E00020462946BDE8F08101FA03F31C46C7E7FC
:1028F000F0B5012183B016461F46FFF7C5FB05461C
:1029000000284CD0C7F30A54C7F313030CB143F4A7
:102910008013002E019323D068460096FFF7B2FC87
:102920000346002837D0019AC0F1200102FA01F1D4
:10293000C2400098019201436961002A14BF02213C
:102940000121AA612961B4B1089AA4F233441C445C
:102950001460099AC3F135032846136003B0F0BD33
:1029600001A8FFF78FFC019B0121C5E9041300F1C9
:102970002003002CE8D105EB8102A3F23243106959
:10298000089A1360FFF75EFC099BC0EB41101860CA
:10299000284603B0F0BDDDE900126961CDE7034BC5
:1029A00003482A4640F20A3101F090FC8C72011073
:1029B000307301102DE9F04383B00F46694680461D
:1029C000FFF72EFF04460D46384601A9FFF728FF02
:1029D000D8F810303A690F469A1ADDE90013CB1A7D
:1029E00003EB4213002B06460BDD05EB03594D4666
:1029F00032463B4620462946F8F78AFD03B0BDE83B
:102A0000F083C3EB033307EB03510F46F0E700BF3E
:102A10000139491101F1010C116902F1140303EBB1
:102A200081018B4200EB8C0C16D210B5A0F1040E84
:102A300053F8044B4EF8044F9942F9D88B1A153BC2
:102A400023F0030304331844844504D9002340F8D9
:102A5000043B8445FBD810BD844505D9002340F8CC
:102A6000043B8445FBD87047704700BF03694A1197
:102A7000934200F1140009DA00EB830302E053F8FB
:102A8000042DCAB98342FAD80020704711DD11F035
:102A90001F010ED010B450F8224000EB820324FA3C
:102AA00001F202FA01F18C420CD001205DF8044BD6
:102AB000704700EB8203E5E70120704753F8042DCF
:102AC000002AF2D18342F9D800205DF8044B704708
:102AD00038B50C46084D8446114620461A46002358
:102AE0002B606446F5F7A8F9431C00D038BD2B686D
:102AF000002BFBD0236038BD64540020DFF864C095
:102B0000F8B521F000430027634504460D461646FC
:102B1000176022DC844653EA0C0C1ED0DFF848C054
:102B200001EA0C0C0A46BCF1000F09D10C4B002243
:102B3000F8F7C4FB6FF0350704460A4621F000435E
:102B400022F0FF421B1522F4E002A3F2FE3342F012
:102B50007F553B4445F40015336020462946F8BDB7
:102B600000005043FFFFEF7F0000F07FF0B50C78CE
:102B70005E2C23D0002201F1010C9646431E00F189
:102B8000FF0103F8012F8B42FBD19CB18EF00102B3
:102B9000C64302550CF1010E1EF8013C2D2B714667
:102BA00012D05D2B04D013B11C46F446F1E7614608
:102BB0000846F0BD0CF1FF310846F0BD01224C780B
:102BC00001F1020C9646D9E79CF801505D2DEBD03F
:102BD000AC42E9DC671C0CF1020CC31903F8012BB1
:102BE000F1188D42FADC2B1B013BAC42A8BF00233D
:102BF0000EF1020EDC19CFE7004870470000C07FDD
:102C00002DE9F04F1C462DED028B994BD3F800A017
:102C1000A1B00025804650460E46089107921C95AB
:102C2000FAF76EF8002183460020CDE904011B96D7
:102C30003246174612F8013B2D2B2FD8DFE813F050
:102C4000A0002E002E002E002E002E002E002E00A2
:102C50002E00B000B000B000B000B0002E002E007A
:102C60002E002E002E002E002E002E002E002E00F4
:102C70002E002E002E002E002E002E002E002E00E4
:102C8000B0002E002E002E002E002E002E002E0052
:102C90002E002E002E00FC032E00F20300220C92C8
:102CA000302B7FD0002209922F2B1C4640F24A8500
:102CB0004FF0000938464E464D4612E00130082DCF
:102CC0001B90C8BF09EB89090478C6BF03EB490311
:102CD000A3F13009A2F130062F2C05F1010523469E
:102CE00071DD06EB8602392C03EB4202E6DD51462C
:102CF0005A4601F0E3FF0346A8BB1B9A11465A440B
:102D00001B9211F80B40002D40F0B685302C40F09E
:102D10006F85C2F10101531801321B921478302CD7
:102D2000F9D0A4F13102082A00F22F83A4F1300E69
:102D30001B9C03F1010B012527464FF0000A06EB0F
:102D400086060EEB46060023621C1B926478A4F1F3
:102D50003001092900F2E48201338E46002940F057
:102D6000D0841B9CF0E70023652CAA469B469E4618
:102D700001D0452C34D1002D7FD1099A1A437BD143
:102D8000079B4FF0000A4FF0000B13B1DDE907324B
:102D90001A605046594621B0BDEC028BBDE8F08F59
:102DA0001B9246E77B7803F0DF03582B00F08A8400
:102DB00001371B973B78302BFAD0002B00F0CB80EB
:102DC0000122099270E751465A4601F077FF034607
:102DD000002800F0D680AA464FF0000B5B46DE4686
:102DE00000220A92002D00F092803046F8F7ECF9AC
:102DF0000B460246CDE904230A9BBAF1000F08BF37
:102E0000AA46102DA3EB0B032C46A8BF1024092DB6
:102E10000D9315DD174B03EBC40353E91223F8F7A9
:102E20004DFA02460B46484643EC182BF8F7CCF90E
:102E300002460B4651EC180BF8F78AF8CDE904016D
:102E40000F2D00F3A7800D9B002B00F030840D9B0D
:102E500040F37B83162B40F3F8840D9AC5F12503CC
:102E6000934280F212850D9B2C1B1C4498E000BFFE
:102E7000D8760110D873011000251B9908914A1CBF
:102E80001B924C782B2C00F07D822D2C00F01782A9
:102E900000220D92A4F13002092A00F20B82302C9C
:102EA00005D11B9A01321B921478302CFAD0A4F170
:102EB0003102082A94D81B990A914A1C1B92A4F14A
:102EC00030004C782F2C09DC00F04ABC01321B92F8
:102ED0009CF801402F2CA1F1300006DD00EB8001B1
:102EE000392C944604EB4101F0DD0A99521A082A64
:102EF00040F3368444F61F620A920D9A002A3FF48A
:102F000071AF0A9A52420A92002D7FF46EAF099A6D
:102F1000134320D1BEF1000F7FF432AF692C00F0D3
:102F20003E8400F35183492C00F039844E2C7FF409
:102F300027AFB1491BA801F0B7FD00283FF420AF2F
:102F40001B9B1B78282B00F06B85AC4801F0B0FE72
:102F500082468B4603E04FF0000A4FF0000B079AC1
:102F60000AB11B9B13600C9B002B3FF412AF0BF1BB
:102F700000439B465046594621B0BDEC028BBDE84C
:102F8000F08F1B9A02EB0B011B9112F80B40AA4623
:102F90009B46DCE60D9B2C1B1C44002C40F3198344
:102FA00014F00F000AD0964901EBC001DDE90423BB
:102FB000D1E90001F8F782F9CDE9040134F00F03FB
:102FC00040F064820023099300962B46524639460E
:102FD0004046FFF7DDF81390002800F06B830A9B52
:102FE000ABEB03000D9B002B4FF00006B4BF024675
:102FF000002223EAE3730E921293B1460896139CC3
:1030000040466168FFF740F88346002800F03581AC
:1030100022690232920004F10C010C30F9F764F8D5
:103020009DED047B1EAB01931DAB0093404653EC1A
:10303000172B8DED0A7BFFF75BFC1C90002800F03E
:103040000B8101214046FFF74DF98146002800F031
:1030500014811D9B002BC0F203810E9A129D9E18B5
:10306000099A1E9C9B1A2344664A013B9342C4F171
:10307000360480F2A280D21A1F2AA4EB020400F3C5
:1030800012810123934010930027099B2544344467
:10309000A6421D443346A8BF2346AB42A8BF2B46D9
:1030A000002B02DDE41AED1AF61A0E9B002B00F33A
:1030B000B380002C00F3C7800D9B002B00F3D4805D
:1030C000002D00F3E680002E08DD494632464046DA
:1030D000FFF744FA8146002800F0CF801C995A4639
:1030E0004046FFF7D5FA0890002800F0C983089AF7
:1030F0000023D1680F91D3604946FFF7A7FA002853
:10310000C0F2608400F0EC8308984946FFF752FC57
:1031100000224FF0804306460F4602F03FFF002892
:103120004FD00F9B002B00F0D6809FED2F7B8DEDB5
:10313000107B059C344F0026344D354B25409D4275
:1031400000F0F480099B7BB1B5F1D46F0CD828A3B3
:10315000D3E90023DDE9100102F020FF002840F050
:103160007F8107F1D6635F1BDDE90A01FFF736FBBC
:1031700002460B4630463946F8F7A0F8DDE90A2347
:10318000F7F7E6FECDE904010C46099B23B91F4B76
:1031900023409D4200F002811C994046FEF79AFFB1
:1031A00059464046FEF796FF49464046FEF792FFD5
:1031B00008994046FEF78EFF21E701230027109370
:1031C00063E7144B304639460022F8F777F80F9B37
:1031D000CDE91001002B79D101F100431490159332
:1031E000DDE91467059CA7E7000000000000F03F40
:1031F0000000C0FFFFFFDF41B87401104C700110E8
:10320000D873011002FCFFFF0000F03F0000F07FC8
:103210000000E07F0000E03F49461A464046FFF7C5
:103220003DF9814648B301461C9A4046FFF788F8AD
:1032300018B30F901C994046FEF74CFF0F9B1C9350
:10324000002C7FF739AF1C9922464046FFF786F9DC
:103250001C9000287FF430AF4F46089ED94610E0FE
:10326000129A0E9ED51AFBE65946129A4046FFF76F
:1032700015F9834600287FF423AF089E4F46D946B0
:103280001C98DFF828B32223C8F800304FF0000A5A
:10329000B3E059462A464046FFF760F983460028C6
:1032A0007FF411AFE9E7BE4FFF1A012303FA07F7D6
:1032B0001093EAE6089A1B9200220A9292E50122F4
:1032C0000D9208998A1C1B928C78E3E59DED107B8A
:1032D0008DED147B84E7DDE90412002940F0AF8016
:1032E000C2F313031446002B40F0AF80AD4B002215
:1032F0003046394602F048FE002840F0B482AA4B1E
:10330000002230463946F7F7D9FF0A460146CDE993
:10331000101202F1004318901993DDE918670BE7CA
:10332000652C4FF0010E3FF4A8AD22E5A4F15473D3
:1033300005939DED047B51EC170BB0EE478AF0EE40
:10334000678AFFF74BFA02460B4630463946F7F7D5
:10335000B5FF53EC182BF7F7FBFD944B944A0B4049
:103360009342CDE9040177D9DDE90A01914B9942F5
:1033700002D1B0F1FF3F80D08E4A4FF0FF33CDE94C
:10338000043209E700220D929BE7652C00F0EF80E4
:10339000452C00F0EC804FF0010EB8E5DDE9105649
:1033A0002846314602F0C6FEF7F75AFF0B460246A2
:1033B00031462846F7F7CAFD049D0F9EC4F3130754
:1033C0002E4356EA070304460D4600F0B5806CA371
:1033D000D3E9002302F0D8FD48B96BA3D3E9002359
:1033E0002046294602F0EEFD00283FF4D5AE4F46B8
:1033F000D946DDE904AB089E1C9801464046FEF71D
:1034000069FE49464046FEF765FE39464046FEF7EE
:1034100061FE13994046FEF75DFE31464046FEF7D9
:1034200059FE9CE501230C937A1C1B927B78002BA0
:103430003FF4A6AC174633E400230C93F4E7DDE930
:103440000412012900F0948114469FED517B5A4FDC
:103450008DED107B00266FE601F15474059494E61F
:10346000DDE9100102F0F6FD012838BF0120F7F771
:10347000ABFE0F9BCDE91001002B40F08B8101F1D9
:10348000004316901793DDE916676AE6B3F59A7F55
:1034900000F310811C11102B484B089340F3D48289
:1034A0009946DDE904234FF0000CCDF824A0BA467C
:1034B0002F46654614F0010F104619464FEA640482
:1034C00005F1010507D0D9E90023F7F7F7FE4FF022
:1034D000010C02460B46012C09F10809EAD12946E4
:1034E0003D465746DDF824A0BCF1000F01D0CDE9E0
:1034F0000423089B03EBC109059BA3F154730593B7
:10350000DDE90423D9E90001F7F7D8FE274BCDE91F
:1035100004010B400A462A498B4200F2CB80A1F5F8
:1035200080118B4240F22D82224A4FF0FF33CDE9C9
:1035300004320023099347E517A3D3E9002302F0DF
:1035400023FD00283FF428AE51E71633FFF622ADE5
:103550000A9BABEB030A1B4B03EBCA03DDE9040137
:10356000D3E90023F7F7D4FF82468B46F7E44FF008
:10357000000AD3464FF0010EFFF7FFBBAFF3008008
:103580009535A094FFFFDF3F35E5AF350000E03F04
:10359000000000000000F03F9535A094FFFFCF3FF2
:1035A000E2FBFFFF0000F03F0000E03F0000F07F83
:1035B000FFFF9F7CFFFFEF7F0000F0BFB0730110A3
:1035C0000000A07CD87301106E2C3FF4B2ACFFF762
:1035D000D7BB3FF4F7AC644214F00F020AD0BA4BE9
:1035E00003EBC203DDE90401D3E90023F7F790FF01
:1035F000CDE9040124113FF4E5AC1F2C3EDC14F0AE
:10360000100318BF6A230993DDE90423DFF8CC9285
:103610004FF0000C14F0010F1046194607D0D9E9FD
:103620000023F7F74BFE4FF0010C02460B466410E7
:1036300009F10809EED1BCF1000F01D0CDE9042356
:10364000099B93B1DDE90401C1F30A52C2F16B0396
:10365000002B0ADD1F2B40F33E820020342B049008
:1036600040F344824FF05C730593DDE904010022CE
:10367000002302F07FFC00283FF4A6AC2223C8F808
:1036800000304FF0000A4FF0000B68E41E9B0493DB
:103690001D9B03F233421F9B23F4801343EA025322
:1036A0000593210742BF059B43F000430593DDE9E5
:1036B00004AB54E42223C8F80030DFF81CB24FF00A
:1036C000000A4CE40C9B01931CAB029400937F4ACC
:1036D0001DAB1BA9404600F0FBFE10F00705044699
:1036E0003FF439AC062D40F08680079B01374FF040
:1036F000000A4FF0000B002B3FF44BAB1F60FFF7AD
:1037000048BB6A1C012B1B9C9B44104615D02B44C4
:1037100003F1FF3C03E0460094450DD001322B46F7
:10372000082B154606EB8600F5D9102ADCBF09EBFD
:1037300089094FEA4909EFE7981C082D44DC054642
:10374000FFF7FDBA51465A46384601F0B7FA00284D
:1037500044D04FF0000AD14656465546FFF73CBBD1
:1037600044F61F629042A8BF10460A90FFF7C5BBFF
:10377000DDE904231C46002B7FF467AE089E4F460C
:10378000D94622231C98C8F800304FF0000A4FF0A9
:10379000000B32E69DED107B8DED167B73E64C49F8
:1037A0001BA801F081F900283FF4EAAA1B9B4949B4
:1037B000013B1BA81B9301F077F900287FF47DAF34
:1037C0001B9B01331B9378E71028DCBF09EB8909A9
:1037D00001EB490905460023FFF7B6BA1B9A1346C9
:1037E0005A441B9213F80B4006468146FFF78EBAE7
:1037F0000023FFF796BA1C9A3AB135211EA8FFF7AD
:1038000007F91C994046FEF765FC013D042D3FF683
:1038100048AF01A353F825F08D360110413801104F
:103820003B3801102D3801108D3601104FF0FF3359
:103830006FF00040CDE9043033E7274B059330E7C4
:103840001E9B04931F9B05932BE70D981E4901EBCC
:10385000C001DDE90423D1E90001F7F72FFD82461D
:103860008B46FFF77CBB9FED147B8DED187B9FEDA6
:10387000147B8DED107B50E5AA468346FFF767BAAF
:103880004F460646D9461C98FBE40F4CC5F10F0580
:1038900004EBC501DDE90423D1E90001F7F70EFDD2
:1038A0000D9B5D1B04EBC504D4E90023F7F706FD6F
:1038B00082468B46FFF753BB000000000000E0BFCC
:1038C000000000000000E03FD8730110BC7401103C
:1038D000AC740110B07401100000F07FE8740110A6
:1038E0000F9B089EBC464F46D946DDE90AAB002B2C
:1038F0004ED0DDE90445914BC5F3130199422A46A8
:1039000000F0CA806346002B00F08380DDE90412DA
:103910001CEA020F144621D00F9B50465946002B3B
:1039200000F09580FEF75AFF099D02460B467DB1D7
:10393000C4F30A54C4F16B04002C09DD240504F11E
:103940007F53002203F54013F7F7B8FC02460B46FD
:1039500050465946F7F7FCFA82468B46099B73B1ED
:10396000774B504659460022F7F7A8FC03460B4315
:1039700008BF222382468B4608BFC8F800301C9837
:103980003BE502F15473059300230993FFF71CBB39
:10399000DDE90412C2F313030B431446B2D1099BB1
:1039A000002B40F0BB80674B2340A3F580136FEAE8
:1039B00013536FEA035305934FF0FF330493DDE98C
:1039C00004ABCBE7DDE904010F9B089E03434F46A0
:1039D000D946DDE90AABC1D1C1F313030C46002B74
:1039E000BCD121F000431B0D1B05B3F1D66FB5D937
:1039F000736913B93369012BB0DD314601224046AA
:103A0000FEF7ACFD39460646FEF720FE0028A5DD90
:103A1000C5E7DDE90401109B03429FD00C467BE71C
:103A200049491BA81EAA01F05BF805287FF48DAA5E
:103A30001F9B43F0FF4343F4E00305931E9B049355
:103A4000DDE904ABFFF78BBA0023194651E5FEF719
:103A5000C5FE099D02460B46002D51D0C4F30A5401
:103A6000C4F16B04002C09DD240504F17F530F9A87
:103A700003F54013F7F722FC02460B465046594621
:103A8000F7F764FA0022002382468B4602F072FAAE
:103A900000283FF465AF74E6099B04991BB3294BDA
:103AA0002B40B3F1D46F1ED81B0DC3F16B034FF045
:103AB000FF3000FA03F399427FF424AF234B9A427C
:103AC00037D0204B134003F5801305930023049354
:103AD000DDE904AB42E74FF0FF3202FA03F3049A48
:103AE0001A400492C1E54FF0FF33E4E74FF0FF3393
:103AF000C2F14B0203FA02F202EA01030593B4E5B4
:103B000050465946F7F722FA0022002382468B4698
:103B100002F030FA00283FF432AF32E6094B23407E
:103B2000B3F1D66F3FF741AFB3F15C7F3FF718AF0A
:103B300027E60131C5D1FFF7A3BB00BFFFFF0F0090
:103B4000000050390000F07FD0740110FFFFEF7FBC
:103B5000014BFFF755B800BFC40B00202DE9F04F13
:103B600085B01F46584B03908A4600920D462A4660
:103B700015F8014B1E5D16F00806F8D12D2C76D0F5
:103B80002B2C05BF2C7802960296951C4FF0FF3621
:103B90006FF0004B2FB1102F70D0B8464FEAE77985
:103BA00005E0302C75D04FF00A08B946474642462A
:103BB0004B4630465946F7F7E3FD00230192844611
:103BC0000A461846194611E08A4208BF84453ED08D
:103BD00000FB09F308FB0131A0FB080319441EEBAD
:103BE000000041EBEE71012315F8014BA4F1300EFA
:103BF000BEF1090F06D9A4F1410EBEF1190F0CD880
:103C0000A4F1370E774511DD5C1CEDD0844572EBD5
:103C10000103D9D24FF0FF33E6E7A4F1610EBEF104
:103C2000190F03D8A4F1570E7745EDDC5A1C14D0B8
:103C3000029A12B1404261EB4101009A22B1002B7D
:103C400039D1009BC3F800A005B0BDE8F08F019BFF
:103C50007345BDDA4FF0FF33C6E7039A22231360A2
:103C6000009B1BB305F1FF3A30465946E9E70123B3
:103C70002C780293951C4FF0004B8BE7302C04D12D
:103C80002B7803F0DF03582B08D0B8464FF000091B
:103C90008DE72B7803F0DF03582B0FD14FF010087E
:103CA0006C784FF000090235474680E730465946A8
:103CB00005B0BDE8F08F06468B46D3E74FF0080805
:103CC000B946474673E700BF79710110FFF746BF59
:103CD0002DE9F04F85B08A460192624A03901E4654
:103CE0000D46294615F8014B135D13F00803F8D172
:103CF0002D2C00F083802B2C03BF2C7802938D1C7D
:103D00000293BEB1102E7ED04FEAE67B32465B4670
:103D10004FF0FF304FF0FF31F7F732FD32460746E4
:103D200088465B464FF0FF304FF0FF31B146F7F762
:103D300027FD0AE0302C7AD04FF00A09DFF82881FD
:103D4000B34605224FF099374E464FF0000C6046BF
:103D5000614615E0874278EB010420D3414508BF56
:103D6000B8423AD000FB0BF409FB0141A0FB090467
:103D70002144181841EBE3714FF0010C15F8014B89
:103D8000A4F13003092B05D9A4F14103192B09D85B
:103D9000A4F137039E420DDDBCF1000FDADA4FF0DB
:103DA000FF3CEBE7A4F16103192B03D8A4F15703FF
:103DB0009E42F1DCBCF1000F14DB029B13B14042C8
:103DC00061EB4101019B2BB1BCF1000F13D1019BB1
:103DD000C3F800A005B0BDE8F08F9342C2DD4FF0FC
:103DE000FF3CCBE7039A22231360019B4FF0FF3087
:103DF0000146002BEED005F1FF3AE8E701232C78CD
:103E000002938D1C7DE7302C23D12B7803F0DF0348
:103E1000582B1BD14FF010096C780F2202354FF050
:103E2000FF376FF070484FF0000B4E468DE72B7850
:103E300003F0DF03582BEDD04FF00809B3460722FB
:103E40004FF0FF376FF060484E467EE74FF0000BB3
:103E50005CE70F224FF0FF376FF07048B1464FF02C
:103E6000000B72E77971011099999919FFF730BF2A
:103E70002DE9F04F936883B09146002B6ED0176800
:103E80008D6880460C460868083744E0A38913F41F
:103E9000906F2ED0D4E90415A0EB010A05EB45057F
:103EA00005EBD5750AEB06006D100130A8422A46D5
:103EB00084BF05462A465B0537D511464046F7F7CD
:103EC00063FE00283BD0524621690190F8F70CF9B7
:103ED000A289019B22F4906242F08002A281A5EBAC
:103EE0000A0203EB0A006561A26023612060354687
:103EF000B24659465246FEF74BF8A068D9F808106A
:103F00002368451B8E1B03EB0A00A5602060C9F8DF
:103F100008601EB3083757E902B6002EFAD0B54242
:103F2000AA46B3D93546B246E3E74046F8F736FA33
:103F300003460028D3D121694046FDF753FC0C23EA
:103F4000C8F80030A389002243F040034FF0FF304F
:103F5000A381C9E9012203B0BDE8F08F0020C9F8B0
:103F6000040003B0BDE8F08F38B54B1C1AD093891C
:103F70001446126B23F02003A381CDB2AAB162686C
:103F8000636B9A4209DA23685A1E226003F8015CC7
:103F9000636801336360284638BD214600F09CF811
:103FA0000028F0D04FF0FF35F5E7236922682BB1E8
:103FB000934203D212F8013CAB420FD06168E16337
:103FC0002346A26304F1400103226263216303F8E4
:103FD000425F0122C4E90032284638BD6368013AD5
:103FE0000133C4E90023D6E710B50C46096B69B16B
:103FF00004F14003994201D0FDF7F4FBE36B6360E9
:104000000020206313B1A36B236010BDA389216935
:10401000002243F02003C4E90012A3814FF0FF30D7
:1040200010BD00BF2DE9F04F85B0CDE9023202FB93
:1040300003F30E9C0193A3B3D4F804A0019B534552
:104040008B4646D9A046019D58F8401B07460026DE
:1040500052465846F8F748F82368226B5344A9465D
:10406000C4E9003611463846D344A5EB0A05E2B14F
:10407000424501D0FDF7B6FBE36B26636360A3B155
:10408000A16B2160AB429A46E2D3029B01932A4680
:104090005846F8F729F8D4E90032521B2B44C4E9FA
:1040A0000032019805B0BDE8F08F019B22695344AE
:1040B000A3EB090A039BBAFBF3F30193A3890198CD
:1040C00043F02003A3810023C4E9002305B0BDE829
:1040D000F08F21681D46D8E701F140032DE9F0413A
:1040E0000C46096B994214D0666B77003A46F8F794
:1040F00055F9054640B300EB0608014632464046F6
:10410000F7F7F2FFC4E90C57C4F800800020BDE8BF
:10411000F0814FF48061F7F737FDA8B194F8423091
:104120004FF48062C4E90C0280F8FF3394F8413008
:1041300080F8FE3394F8402080F8FD2300F2FD3330
:1041400023600020BDE8F0814FF0FF30DFE700BFC3
:1041500049B1FF2A02D80A70012070478A23036000
:104160004FF0FF3070470846704700BF38B5334BFB
:104170001B6805460C460BB19A6B12B3B4F90C30B0
:1041800018079AB225D5216900292DD012F0010017
:1041900007D00020A06060694042A06139B10020D2
:1041A00038BD950758BF6069A0600029F7D1120695
:1041B00058BF0846F4D543F04003A3814FF0FF30C9
:1041C00038BD1846FDF716FAB4F90C3018079AB244
:1041D000D9D4D1062AD5520714D4216943F0080353
:1041E000A3819AB20029D1D102F42070B0F5007FEA
:1041F000CCD021462846FDF7CDFDB4F90C3021691D
:104200009AB2C3E7216B51B104F14002914204D04C
:104210002846FDF7E7FAB4F90C3000222263216941
:104220000022C4E9001223F02403D7E7092243F057
:1042300040032A604FF0FF30A38138BD8403002083
:104240002DE9F047DFF880A00646DAF8000098462E
:104250000F469146FDF784FD1A4B1B68D3F8484181
:1042600024B365681F2D26DC5EB96B1C0235DAF8B5
:104270000000636044F82570FDF774FD0020BDE880
:10428000F08704EB85010123C1F88890D4F88821D8
:10429000AB401A43022EC4F88821C1F80881E4D14A
:1042A000D4F88C211343C4F88C31DEE703F5A674EF
:1042B000C3F84841D5E7DAF80000FDF753FD4FF0A9
:1042C000FF30DCE7E8700110C00B002000B50B4C9C
:1042D00025681446EE681A4685B003460D464CB173
:1042E00007490095CDE901143046064900F074F8FD
:1042F00001F09EFC04490C46F3E700BF8403002054
:1043000010750110207501104C70011070B5002956
:104310004BD006460C4610B1836B002B48D0636E21
:10432000D80734D5B4F90C30002B3ED021463046A6
:10433000FDF794F8E36A054633B1E16930469847E2
:104340000028B8BF4FF0FF35A3891A063BD4216B74
:1043500041B104F14003994202D03046FDF742FAE0
:1043600000232363616C21B13046FDF73BFA002343
:104370006364FDF7C5F9636E0022DB07A28127D5D0
:10438000A06DFDF7EBFCFDF7C1F9284670BDA389D0
:104390009905CBD4A06DFDF7E3FCB4F90C30002BEC
:1043A000C4D1656E15F0010508D00025284670BD02
:1043B000FDF720F9636ED807B4D4E8E7A06DFDF7E8
:1043C000D1FC284670BD21693046FDF70BFABEE7E7
:1043D000A06DFDF7C7FCD3E70EB410B583B005ABF5
:1043E000064C53F8042B01930146206800F0E2FCD0
:1043F00003B0BDE8104003B0704700BF8403002045
:1044000070B50C46084D03460026204611461C4652
:104410002E60F3F703FD431C00D070BD2B68002B0A
:10442000FBD0236070BD00BF645400202DE9F04133
:104430000469B4EB611F2FDD00F1140E4E1111F071
:104440001F0C0EEB84050EEB86032BD05EF82620A6
:1044500004339D4222FA0CF1CCF1200818D977469A
:104460001A6802FA08F20A4347F8042B53F8041BAF
:104470009D4221FA0CF1F3D8A41BA300053B9B0835
:1044800001330EEB83044EF82310C9B1043417E056
:10449000416174460029F9D100230361002343617F
:1044A000BDE8F0819D4288BF00F11002F4D953F8B5
:1044B000041B42F8041F9D42F9D8A41B0EEB840490
:1044C000A4EB0E039B1074450361E7D0BDE8F081B7
:1044D0002DE9F04FAE4C2DED028B24688BB008EE29
:1044E000100A20468946039207930494F8F708FCC3
:1044F000D9F800302118024611F801BC997830290A
:1045000040F0E5816FF00100C01A033300EB030AAD
:104510001C4613F8011B3029F8D0DFF8788218F810
:104520000130002B00F0F7802378002718F80330C3
:104530003D4626462BB116F8013F18F80330002BF4
:10454000F9D104990292304600F0B8FB029A01902A
:10455000002800F09680002D40F096803378019579
:1045600003F0DF03502B354600F09880C9F8006057
:10457000002F40F0B0802B1B013B072B394604DD98
:104580005B10072B01F10101FADC18EE100A05920D
:10459000FDF77AFD059A0290002800F07182029BD7
:1045A000AC4203F11406069680F0E7810027C2F1C1
:1045B0000103B946059310E0202F00F0978039469B
:1045C000043715F8013C18F80330554603F00F0383
:1045D0008B40A54249EA030916D915F8013C5B4511
:1045E00005F1FF3AE8D1059B5344A342E4D31846B2
:1045F00004990992089300F061FBDDE90832002874
:10460000DAD11D46A542E8D846F8049B069BF61A67
:10461000029BB6101E614846FDF714FE039B76010F
:104620001C68301AA04200F3B780C0F22F81002727
:10463000039B019A9B689342C0F293810399019A6C
:104640004B68934240F384809D1AAC4200F3C480CF
:10465000CA68022A00F0C681032A00F0BE81012A3E
:1046600000F0A28118EE100A0299FDF733FD5025E3
:10467000169A0023284613600BB0BDEC028BBDE8F0
:10468000F08F002D00F01181AD1BAB00019333784A
:1046900003F0DF03502B35467FF468AF6B782B2B8C
:1046A00000F0F2802D2B6ED06E1C002018F8031045
:1046B0004B1E182B65D8737818F803301039013663
:1046C00033BB00B14942019BC9F800600B44019320
:1046D000002F3FF450AFBAF1000F14BF002506259C
:1046E00028460BB0BDEC028BBDE8F08F002146F8E8
:1046F000049B0427894664E701EB810103EB410336
:10470000A3F1100116F8013F18F80330002BD8D0A0
:10471000192BF1DDD5E704990192204600F0CEFA7D
:10472000019A002876D1A15C18F80130A518002B59
:1047300072D030292C4605D114F8013F302BFBD024
:1047400018F80330B3FA83F77F094FF0010AF0E657
:10475000012557B1039BDB68022B65D0032B67D083
:10476000012B00F0888045F01005169B029A1A6014
:10477000079B019A1A6028460BB0BDEC028BBDE87E
:10478000F08F2E46F2E60120AB78AE1C8EE700BF1C
:10479000D8760110D8750110029D061B31462846B7
:1047A000FEF764F9074678B1721E53110699012786
:1047B00051F8231002F01F0307FA03F30B4203D052
:1047C000BA4200F3E4800227019B02983344314649
:1047D0000193FFF72BFE2BE76E1E002F40F0CB80DE
:1047E000002E40F0CE807311069A029852F82320D2
:1047F00006F01F06012303FA06F61642294618BFE3
:1048000047F00207FFF712FE039B5B680193641BEE
:1048100002259EE72178254601F0DF01502900F0AE
:10482000BF80C9F8005056E7179BC3F101031793E7
:10483000179B002B97D0029BDDF818901E69002172
:104840004B464FEA860809EB860003E0984243F89E
:10485000041C40D91F4653F8042BB2F1FF3FF5D09A
:104860000132022D3A6000F0C28014F01F0440F0C3
:10487000E180212579E7BA077FF575AF069B1B68B4
:104880001F43FB07D7D46EE700207DE7DDE9013148
:10489000221A9B1A18EE100A0193FDF75FFE0346D9
:1048A0001433029006930027C2E6B35C18F8031095
:1048B000B018064600293FF453AE16F8013F18F829
:1048C00003100029F9D1801B8100019148E69C1C4E
:1048D0004FF0000A21E6029B9B689E4280F28E8088
:1048E0003346029901EB830201330B61022D4FF035
:1048F000010151617BD09E42B7DA002B40F3A780C3
:10490000029A09EB8303516902F1180083424FEACE
:10491000510140F2AF804C46026841EAC27144F84E
:10492000041B50F8041B83424FEA5101F4D8029A49
:104930009B1A193B9B08013349F8231009EB8303A9
:10494000002940F09B800299A3EB090292104B458D
:104950000A617FD0039B019A9B68013293420192C6
:1049600087DA029918EE100AFDF7B4FB169A0023B5
:104970001360A325B4E6012735E7069E4FF0000932
:1049800042E602983146FEF771F807462BE7B11E62
:104990002846FEF76BF800283FF415AF032713E70E
:1049A00000230193012779E6AC427FF45BAE012C32
:1049B00008D00298611EFEF759F800283FF452AE65
:1049C000039B5B6807990B60029B069901221A61A1
:1049D0000A60169A6225136082E6179A002A3FF44D
:1049E00041AEEFE7179A002A7FF43CAEEAE7039B5B
:1049F0001B68013BA34231D02225B6E6029B5968D1
:104A000018EE100A0131FDF73FFB074600283DD0A4
:104A100002990B6902339A000C310C30F7F764FBF2
:104A2000029918EE100AFDF755FB07F114093B69CE
:104A3000029756E7C844C4F1200458F8040CFDF767
:104A400001FCA042BFF615AF029B1B6955E7029A15
:104A500000231361029A002353617BE7631104F082
:104A60001F0459F823200123A34013420CBF222521
:104A700021257AE6C9F800104B4669B1043362E794
:104A8000074B0848029ADE21FFF720FC044B05483B
:104A90003A468421FFF71AFC029B1961DAE700BF4E
:104AA0008C7201105075011010B4046809E014F8FC
:104AB000013FA3F1410CBCF1190F98BF2033934281
:104AC00009D111F8012B002AF1D101340460012031
:104AD0005DF8044B704700205DF8044B704700BF41
:104AE0002DE9F04F096885B04B1111F01F010290BC
:104AF00002EB8303039140F08E801D1F0193029B04
:104B000001991C68002341F8043C617801340029B4
:104B100000F09780DFF87091A846AC469A461E4692
:104B20000EE0202900F28B80B24506DAC44501D29E
:104B3000072B5BDD624551D3082314F8011FA1B197
:104B400019F801000028ECD00133082B06F101060A
:104B50003ADCDCF80010090100F00F000843CCF843
:104B6000000014F8011F0029EAD1002E69D0E045A9
:104B700001D9072B73DD624551D2111F634653F8EB
:104B8000040B41F8040F9D42F9D2A5EB0C0323F06E
:104B90000303691C04330CF1010C614538BF042385
:104BA0001344002143F8041B9D42FBD2019B53F8A0
:104BB000043C2BB9AA4248D055F8043D002BF9D04B
:104BC000052005B0BDE8F08F6245B6D200234CF851
:104BD000043C1946ACF1040C0123BDE70023ACF101
:104BE00004084CF8043CB246C446A6E7C3F10801E9
:104BF0008900DCF80030C1F1200E60468B46416828
:104C000001FA0EF73B43036021FA0BF340F8043F2F
:104C10004045F4D38EE7191D01911D466FE7039BB4
:104C2000002BC3D0039B0198C3F120014FF0FF3349
:104C3000CB4050F8041C0B4040F8043CB9E729294C
:104C400009D0042005B0BDE8F08F012305202B60BA
:104C500005B0BDE8F08F029901340C6085E7C3F11F
:104C600008039B00DCF80010C3F120076446666867
:104C700006FA07F00143216026FA03F144F8041F05
:104C8000A045F4D877E700BFD875011038B5074DB7
:104C90000022044608462A60F3F7ACF8431C00D013
:104CA00038BD2B68002BFBD0236038BD6454002036
:104CB00001490020704700BF0000F87FA2B330B563
:104CC00040EA0104A40784460B462AD09CF8000061
:104CD0000C7884422FD1012A0DD0E64660B11EF82F
:104CE000010F11F8014F6FEA0E03A042134422D1C5
:104CF0001CEB0303F2D1002030BD0468194653F8C1
:104D0000045BA4F1013EAC4284462EEA040E00F19D
:104D100004000BD1043A84461946ECD01EF0803FC3
:104D2000E9D1032AE9D8D1E7104670479CF8000082
:104D30000C78A042D1D0001B30BD00BF2DE9F84F48
:104D40004B6E9C0490462DD59368126843B38B46F6
:104D5000064602F1080959E9025A5FEA9A0715D096
:104D6000043D002401E0A7420ED055F8041F5A4626
:104D7000304600F0B9FF431C04F10104F3D10023D5
:104D8000C8E90133BDE8F88FD8F808302AF0030AE3
:104D9000A3EB0A03C8F8083009F10809002BDAD19F
:104DA0000020ECE7FCF724FE0023C8E90133BDE84E
:104DB000F88F00BF2DE9F04F2DED028BBBB008EE50
:104DC000101A08EE900A1C461746039318B1836B1D
:104DD000002B00F09C8218EE102A536EDE0740F183
:104DE0009E81B2F90C108AB2900409D441F40052A9
:104DF00018EE101A4B6E8A8123F4005392B24B6660
:104E0000110740F1F88018EE103A1B69002B00F0F2
:104E1000F28002F01A030A2B00F0FE8011AB0E9311
:104E20000023CDE90F33CDE9083306930DF1440992
:104E3000079302933B78002B00F05B813C4604E033
:104E400014F8013F002B00F03481252BF8D1E51B2D
:104E500040F031812378002B00F04B814FF00003AC
:104E600000258DF83330671C637801954FF0FF3BC8
:104E70002B240137A3F120025A2A00F26181DFE8D6
:104E800012F0AB025F015F01A7025F015F015F01EA
:104E90006A005F015F0149027E025F015402B902AC
:104EA0005F01B5025B005B005B005B005B005B00C9
:104EB0005B005B005B005F015F015F015F015F0101
:104EC0005F015F015F015F01360284005F015F01E6
:104ED0005F015F015F015F015F015F015F015F01D2
:104EE000E5005F015F015F011A025F016C025F0173
:104EF0005F014C055F015F015F015F015F015F01C1
:104F00005F015F015F015F01360286005F015F01A3
:104F10005F016202860080005F0158025F01940217
:104F2000E700820280005F011A027E006C055F01CB
:104F30005F016E055F017E00A3F13002002117F8CA
:104F4000013B01EB810102EB4101A3F13002092A8F
:104F5000F5D901918EE718EE900AFCF7F9FE436847
:104F600008931846F7F7CCFE0990064618EE900A0B
:104F7000FCF7EEFE83680793002E40F0A9843B788F
:104F800077E73B7845F0200573E745F01005AC0660
:104F9000039E40F18281073626F007063246736889
:104FA00052F8086B03929846002BC0F25984BBF16B
:104FB000FF3F00F03E8556EA080325F0800A00F026
:104FC00034840A2E78F1000380F0EB84303601231C
:104FD0008DF8E760554600930DF1E704009A9DF8BF
:104FE00033305A45B8BF5A469046002B00F0B78080
:104FF00002F10108B3E018EE101A18EE900A18EE4C
:10500000105AFFF7B3F8002840F0AC85AA8902F0E7
:105010001A030A2B7FF402AF18EE101AB1F90E3002
:10502000002BFFF6FBAE4B6EDE0702D4950540F178
:10503000778518EE101A18EE900A23463A463BB0D0
:10504000BDEC028BBDE8F04F00F0B2BD45F010059D
:1050500015F0200800F01281039E073626F007069F
:105060003346D6F8048053F8086B039325F4806A1E
:1050700000234FF000028DF83320BBF1FF3F00F01A
:10508000D38156EA08022AF0800540F0CC81BBF1BA
:10509000000F40F0D184002B40F0CC831AF00103C4
:1050A000009300F0FC8330238DF8E7300DF1E70426
:1050B00094E7E51B1DD00F9B109A01332A44072B60
:1050C000C9E9007510920F9305DC09F10809029BEC
:1050D0002B440293BEE6002A00F0A38318EE101AB8
:1050E00018EE900A0EAAFFF729FE40B90DF1440907
:1050F000EDE7109B002B40F0248500230F9318EE62
:10510000102A536ED90740F1AE8093895B0600F1F7
:10511000328502983BB0BDEC028BBDE8F08FB2F94E
:105120000C108D0518EE103A8AB23FF55DAE18EE00
:10513000105A986DFCF714FEB5F90C108AB253E6BC
:10514000002BD6D08DF884304FF001084FF00003CB
:105150008DF83330CDF8008021AC4FF0000B15F006
:105160000203049318BF08F1020815F084030593A5
:1051700005D1019BA3EB0806002E00F37F82DDE939
:105180000F21501C9DF833608EB10DF133020131B7
:10519000C9F8002007284FF00102CDE90F01C9F836
:1051A000042000F34C82024609F108090130049BF7
:1051B000EBB10DAB0231C9F8003007284FF0020304
:1051C000CDE90F01C9F8043040F35382002900F003
:1051D000238318EE101A18EE900A0EAAFFF7AEFD00
:1051E00000288CD1DDE90F210DF14409501C059BED
:1051F000802B00F05A81009BABEB0306002E00F3DE
:10520000BD81009BC9F8004019440728CDE90F0172
:10521000C9F8043040F34681002900F0898218EE75
:10522000101A18EE900A0EAAFFF788FD00287FF4E6
:1052300066AF10990DF14409680705D5019BA3EBF2
:105240000804002C00F37E82DDE901234245ACBF57
:105250009B1843440293002940F0E08100230F9300
:105260000DF14409E6E593899A053FF54FAF18EE35
:10527000104AA06DFCF776FDA38947E715F01003EF
:1052800040F03E8315F0400200F0FD83039A52F88F
:10529000046B03929846B6B2E8E656F8043B0396D0
:1052A000E80600F10883690640F1028343F3C03841
:1052B0001EB2434678E6039E56F8044B4FF00003B7
:1052C0008DF83330002C00F0C583BBF1FF3F00F0B8
:1052D00049835A4600212046FCF70AFE002800F0C8
:1052E0002484031B009303964FF0000B76E6039E85
:1052F0004FF000038DF833304FF0010856F8043BAF
:105300008DF884300396CDF8008021AC25E7FCF7BA
:1053100071F960E5039B53F8042B0192002A80F297
:10532000BA82019A0393524201923B7845F00405F8
:105330009FE53B786C2B03BF7B7845F02005013758
:1053400045F0100595E53B78682B03BF7B7845F465
:105350000075013745F040058BE545F0100A1AF05D
:10536000200800F06E82039E073626F007063346BB
:10537000D6F8048053F8086B0393012379E63B7851
:105380008DF8334075E5039B53F8046B039330238A
:105390008DF8343078238DF83530C24B069345F0C4
:1053A000020A4FF00008022363E6AE0600F19E8277
:1053B000EC0600F14783680600F1A483A90540F1DB
:1053C0004183039E029A56F8043B03961A7031E516
:1053D0003B7845F001054CE59DF83330002B7FF418
:1053E000CEAD20238DF833303B7842E53B7845F055
:1053F00080053EE5394611F8013B2A2B00F0C483B5
:10540000A3F13002092A0F464FF0000B3FF632ADF0
:1054100017F8013B0BEB8B0B02EB4B0BA3F13002AC
:10542000092AF5D926E5AA46012B3FF4CAAD022B7D
:105430003AAC12D1069A06F00F033609D35C04F891
:10544000013D46EA08764FEA181856EA0803F2D1F9
:105450003AAB1B1B55460093C0E506F00703F60860
:1054600046EA48764FEAD808303356EA0801224621
:1054700004F8013DF1D11AF0010FE9D0302BE7D04B
:105480003023023A04F8013C3AAB9B1A554600938C
:105490001446A3E5009911940123129110910F93E2
:1054A0000DF1440909F10809C6E6019BA3EB0806C2
:1054B000002E7FF7A0AE102E40F36283DFF8E8A144
:1054C0005346CDE90445BA4618EE904A18EE105AF4
:1054D000084696461F4607E00EF1020C09F108093E
:1054E0009646103E102E1FDD0EF1010210301023E3
:1054F000072ACDE90F20C9F80070C9F80430EBDDA8
:105500000EAA002800F09580294620460DF1440996
:10551000FFF714FC00287FF4F2ADDDE90FE0103E48
:10552000102E0EF1010CDFDCDDE904453B4601469F
:1055300057469A463144BCF1070FCDE90FC1C9F86F
:1055400000A0C9F8046040F3AD81002900F0CA82D0
:1055500018EE101A18EE900A0EAAFFF7EFFB0028BB
:105560007FF4CDAD009BDDE90F21ABEB0306002EF0
:1055700002F101000DF144097FF743AE102EDFF870
:1055800028A137DD5346CDE90445BA4618EE904AC6
:1055900018EE105A4FF0100B084694461F4607E0CD
:1055A0000CF1020E09F108099446103E102E1ADD86
:1055B0000CF101021030072AC9E9007BCDE90F2068
:1055C000EEDD0EAA20B3294620460DF14409FFF76F
:1055D000B5FB00287FF493ADDDE90FC0103E102E1F
:1055E0000CF1010EE4DCDDE904453B46014657467B
:1055F00070469A4631440728CDE90F01C9F800A04A
:10560000C9F8046000F3F28009F108090130F8E5F7
:105610004FF0010E84460DF14409C6E718EE101A4A
:1056200018EE900A0EAAFFF789FB00283FF416AE89
:1056300065E54FF0010C86460DF1440951E700295C
:1056400000F0E78018EE101A18EE900A0EAAFFF785
:1056500075FB00287FF453ADDDE90F210DF14409FE
:10566000501CA4E502210DAB1291119301200DF104
:105670004409024609F10809501CB8E5102E40F310
:105680005A82DDE90FC1DFF824A0CDF828B00B95D0
:10569000A34618EE105A5446102318EE90AA084656
:1056A0000EE000BFFC700110F4760110E4760110EA
:1056B0000CF1020E09F108099446103E102E1CDD73
:1056C0000CF101021030072AC9E90043CDE90F208F
:1056D000EEDD0EAA30B3294650460DF14409FFF71E
:1056E0002DFB00287FF40BADDDE90FC0103E102E1E
:1056F0000CF1010E4FF01003E2DCA2460B9D5C465C
:10570000DDF828B0014672463144072ACDE90F2161
:10571000C9F800A0C9F8046000F3AB8009F10809DA
:10572000501C2FE584464FF0010E0DF14409C4E7EB
:105730006C070F9152D5019BA3EB0804002C4DDDA3
:105740000DF14409102C40F30882DFF85CA40F9A95
:105750000B46BB464946574618EE109A18EE90AADB
:10576000102505E0901C08313246103C102C18DD45
:10577000561C1033072EC1E90075CDE90F63F1DD2A
:105780000EAA3BB349465046FFF7D8FA00287FF4EB
:10579000B6ACDDE90F23103C102C02F1010011A979
:1057A000E6DC8946BA4619465F4621440728C9E91E
:1057B00000A4CDE90F017FF747AD79B118EE101ABB
:1057C00018EE900A0EAAFFF7B9FA00287FF497ACFA
:1057D000109939E501201A4611A9C6E7DDE9012330
:1057E0004245ACBF9B184344029337E500293FF480
:1057F00051AE18EE101A18EE900A0EAAFFF79EFA94
:1058000000287FF47CAC0F98109901300DF1440909
:10581000F7E4049B002B79D101200A460DF14409DD
:10582000E5E40F920DF1440951E4BBF1000F7FF460
:10583000CDAB55464FF0000BCDF800B03AACFFF7BA
:10584000CDBB1AF010033CD11AF0400200F00C81DD
:10585000039A52F8046B03929846B6B2012308E407
:105860002D2376428DF8333068EB4808AA46012391
:1058700003E400297FD018EE101A18EE900A0EAA41
:10588000FFF75CFA00287FF43AACDDE90F210DF157
:105890004409501C76E403933B78FFF7EABA3AAC2C
:1058A000FFF79CBB09F108090CF101006246A2E474
:1058B000AA0500F12F814FEAE3781E464346FFF721
:1058C00073BB039B53F8046B03930123FFF7D1BB16
:1058D000079B002B3FF453AB079B1B78002B3FF437
:1058E0004EAB3B7845F48065FFF7C3BADDE902169D
:1058F00056F8042B0396CB17C2E90013FFF79ABAA8
:10590000039B53F8046B0393FFF7B0BB02210DAB6D
:10591000129111930DF14409ACE6A04A069215F0DC
:10592000200836D0039E073626F007063246D6F802
:10593000048052F8086B0392EA0709D556EA080278
:1059400006D08DF83530302345F002058DF834301F
:1059500025F4806A0223FFF78CBBAA46FFE4904A35
:105960000692DCE720460396F7F7CAF94FF0000BE2
:105970000090FFF733BB9DF83320002A00F0B88079
:1059800001200DF13302129011920DF144090146EC
:1059900009E415F0100242D0039A52F8046B039206
:1059A000CAE70AF48063CDF800B0CDF81090BB468A
:1059B000DDF81C9000253AAC1F4609E03046414610
:1059C000F5F7DEFE0A2E78F100031BD30646884663
:1059D000304641460A220023F5F7D2FE1146303107
:1059E00004F8011C0A220023013C0135002FE5D0F8
:1059F00099F80010A942E1D1FF2DDFD00A2E78F1ED
:105A000000035BD23AAB1B1BCDF81C905F46DDF860
:105A10001090DDF800B000935546FFF7DFBA15F09F
:105A200040013ED0039951F8046B03919046B6B201
:105A300082E7AA46FFF7C5BA012BAA467FF4F7AC66
:105A4000FFF7C4BA039E029A56F8043B1A60039605
:105A5000FFF7F0B95B46062B28BF0623514C009395
:105A600003969846FFF779BB039B1AF4007814BF9E
:105A700053F8046B53F8046B03931CBF9046F6B2C3
:105A80000123FFF7F6BA039B15F4007814BF53F80F
:105A9000046B53F8046B03931CBF9046F6B2FFF7F8
:105AA000E5BA039A15F4007814BF52F8046B52F863
:105AB000046B03921CBF8846F6B23DE7099B089928
:105AC000E41A1A462046F7F789F999F801300BB124
:105AD00009F10109304641460A2200230025F5F765
:105AE0004FFE73E701200A460DF14409FFF783BB1F
:105AF000049B002B7FF4B6AD0A4601200DF144094A
:105B0000FFF779BB039E029A56F8043B03961A806E
:105B1000FFF790B943F3C0185EB24346FFF744BAAB
:105B2000886DFCF71FF9FFF784BACDF800B0039633
:105B30008346FFF753BA0F9A1099DFF86CA0013231
:105B4000E2E518EE101A18EE900A0EAAFFF7F6F822
:105B500000283FF4D2AAFFF7D2BA0F98DFF848A086
:105B6000013022E66B6EDB0705D4AB899F0502D4BA
:105B7000A86DFCF7F7F84FF0FF330293FFF7C9BAAF
:105B8000DFF828A08446D5E4039A7B780F4652F8C4
:105B9000041B039241EAE17BFFF76BB9107101101E
:105BA000FC70011024710110E4760110F4760110EC
:105BB00070B50C468989ADF58E6D21F00201ADF806
:105BC0001410616E1B91E189ADF81610E16909911D
:105BD000616A0B911CA9029106914FF480610646FF
:105BE0000491079118A80021CDE900320891FCF733
:105BF000B3F8DDE9003202A93046FFF7DBF8051EF5
:105C000007DB02A93046FBF7C1FC002818BF4FF0A4
:105C1000FF35BDF814305B0603D5A38943F040037C
:105C2000A3811898FCF79AF828460DF58E6D70BD83
:105C300008B5062000F08CF8012000F0C1FA00BF82
:105C40002DE9F04782B0824688461446FCF77AF880
:105C5000012803D108F1FF33FE2B36D9424604F167
:105C60005C0301A9504600F011F9421C064632D0EF
:105C700030B39DF804C00DF10509002509E0236843
:105C80005A1C226083F800C00135B54218D219F8B9
:105C900001CBA368013B002BA360F0DAA769BB42EC
:105CA00061462246504602DBBCF10A0FE7D100F004
:105CB00095F8431CE8D10646304602B0BDE8F087AF
:105CC0004646304602B0BDE8F0875FFA88FC8DF8A2
:105CD00004C00646CFE7A389304643F04003A381C2
:105CE00002B0BDE8F08700BF30B5536E13F0010F6E
:105CF000B2F90C30144683B005469AB201D198052A
:105D00001CD5900406D4626E43F4005342F4005252
:105D1000A381626622462846FFF792FF636EDA0788
:105D2000054602D4A3899B0502D5284603B030BDA1
:105D3000A06DFCF717F8284603B030BDA06D0191A7
:105D4000FCF70EF8B4F90C3001999AB2D9E700BF0C
:105D500038B5154B1F281D6820D8D5F8DC2204461D
:105D600062B152F820304BB1012B15D0591C0FD025
:105D7000002542F820509847284638BD284600F0B4
:105D80002BF8224601462846BDE8384000F00EB800
:105D900016232B60012038BD002038BD16232B6050
:105DA0004FF0FF3038BD00BF8403002070B50C46B3
:105DB000084D03460026204611461C462E6000F082
:105DC000F7F9431C00D070BD2B68002BFBD023607B
:105DD00070BD00BF6454002000F0E2B9F8B50D4674
:105DE0001446064610B1836B002B43D0B4F90C2047
:105DF000A369A360170790B21BD52369CBB1EDB29D
:105E000081042F4622D522686169D31A994229DD7F
:105E10000133A1680139A160511C216015706269CC
:105E20009A422AD0A389DB0701D50A2D25D038460E
:105E3000F8BD21463046FEF799F920BBB4F90C2095
:105E4000236990B2EDB281042F46DCD442F40052B3
:105E5000A281626E616922F4005262662268D31ADE
:105E60009942D5DC21463046FBF790FB58B92268B1
:105E70000123CEE7FBF7BEFBB8E721463046FBF730
:105E800085FB0028D3D04FF0FF37D0E770B505462B
:105E900084B01C4639B10B4ED6F8E060B047431CC5
:105EA00009D004B070BD0A460649D1F8E06001A9E6
:105EB000B047431CF5D100228A2322602B6004B036
:105EC00070BD00BFC40B00204FF0FF3C06E000BFD8
:105ED0004FF0010C02E000BF4FF0010C4DF804CD73
:105EE0004FEA410C7FEA6C5C4FEA430C18BF7FEA33
:105EF0006C5C1BD001B050EA410C0CBF52EA430C61
:105F000091EA030F02BF90EA020F0020704710F1E0
:105F1000000F91EA030F58BF994208BF90422CBF6F
:105F2000D8176FEAE37040F0010070474FEA410C68
:105F30007FEA6C5C02D150EA013C07D14FEA430C86
:105F40007FEA6C5CD6D152EA033CD3D05DF8040BF7
:105F5000704700BF8446104662468C461946634629
:105F600000E000BF01B5FFF7B7FF002848BF10F100
:105F7000000F01BD4DF808EDFFF7F4FF0CBF012045
:105F800000205DF808FB00BF4DF808EDFFF7EAFFC1
:105F900034BF012000205DF808FB00BF4DF808ED7C
:105FA000FFF7E0FF94BF012000205DF808FB00BF71
:105FB0004DF808EDFFF7CEFF94BF012000205DF8FB
:105FC00008FB00BF4DF808EDFFF7C4FF34BF012008
:105FD00000205DF808FB00BF4FEA410C7FEA6C5CD3
:105FE00002D150EA013C0AD14FEA430C7FEA6C5CD3
:105FF00002D152EA033C02D14FF0000070474FF04B
:10600000010070474FEA410212F5001215D211D576
:106010006FF47873B3EB625212D94FEAC12343F0A5
:10602000004343EA505311F0004F23FA02F018BF27
:10603000404270474FF00000704750EA013005D1F0
:1060400011F0004008BF6FF0004070474FF00000B3
:10605000704700BF4A0011D212F5001211D20DD5BF
:106060006FF47873B3EB62520ED44FEAC12343F05E
:10607000004343EA505323FA02F070474FF0000008
:10608000704750EA013002D14FF0FF3070474FF0B7
:10609000000070474FEA4102B2F1E04324BFB3F57C
:1060A000001CDCF1FE5C0DD901F0004C4FEAC0028F
:1060B0004CEA5070B2F1004F40EB830008BF20F073
:1060C0000100704711F0804F21D113F13872BCBF2D
:1060D00001F00040704741F480114FEA5252C2F182
:1060E0001802C2F1200C10FA0CF320FA02F018BFCB
:1060F00040F001004FEAC1234FEAD32303FA0CFC1E
:1061000040EA0C0023FA02F34FEA4303CCE77FEAAC
:10611000625307D150EA01331EBF4FF0FE4040F4F6
:106120004000704701F0004040F0FE4040F40000A5
:10613000704700BF38B50022002304460D46FFF724
:1061400023FF28B920462946BDE8384000F00AB8A8
:10615000204605F1004100F005F8404261EB4101A5
:1061600038BD00BFD0B50C4B002206460F46F5F7F0
:10617000A5F8FFF76FFF0446F5F726F8074B002256
:10618000F5F79CF802460B4630463946F4F7DEFE3A
:10619000FFF760FF2146D0BD0000F03D0000F04158
:1061A000024B58221A604FF0FF30704764540020B1
:1061B000024B58221A604FF0FF30704764540020A1
:1061C000FEE700BF3C636F6E746578742D61747474
:1061D000726962757465206E616D653D222573225A
:1061E0002000000076616C75653D22257322202F0A
:1061F0003E0000006F75747075740000696E7075F4
:1062000074000000626500006C6500006F7574002A
:10621000696E00003C6465766963652069643D22AF
:10622000257322206E616D653D222573223E00009C
:1062300025735F2573000000257325642D257325C4
:106240006400000025732564000000003C63686161
:106250006E6E656C2069643D22257322000000008B
:10626000206E616D653D22257322000020747970D7
:10627000653D22257322203E000000003C736361CF
:106280006E2D656C656D656E7420696E6465783D14
:106290002225642220666F726D61743D2225733A57
:1062A000256325642F25643E3E256422202F3E0071
:1062B0003C617474726962757465206E616D653DD0
:1062C000222573222000000066696C656E616D6591
:1062D0003D2225735F2573220000000066696C650E
:1062E0006E616D653D2225735F25732D25735F25D6
:1062F0007322000066696C656E616D653D222573D1
:106300005F257325642D257325645F2573220000A6
:1063100066696C656E616D653D2225735F25735FEF
:106320002573220066696C656E616D653D2225737B
:106330005F257325645F2573220000003C2F63688E
:10634000616E6E656C3E00003C61747472696275CA
:106350007465206E616D653D22257322202F3E00FD
:106360003C64656275672D617474726962757465E9
:10637000206E616D653D22257322202F3E000000B6
:106380003C64656275672D617474726962757465C9
:10639000206E616D653D226469726563745F72652C
:1063A000675F61636365737322202F3E0000000006
:1063B0003C62756666657220696E6465783D223060
:1063C000223E00003C2F6275666665723E0000004A
:1063D0003C62756666657220696E6465783D223040
:1063E00022202F3E000000003C2F64657669636523
:1063F0003E0000006469726563745F7265675F6187
:1064000063636573730000003078256C7820307802
:10641000256C7800256C750025730000747269671F
:10642000676572256C75000069696F3A6465766905
:106430006365256C750000003C3F786D6C207665C7
:106440007273696F6E3D22312E302220656E636F4C
:1064500064696E673D227574662D38223F3E3C218B
:10646000444F435459504520636F6E7465787420CF
:106470005B3C21454C454D454E5420636F6E746521
:1064800078742028646576696365207C20636F6E6C
:10649000746578742D617474726962757465292AE3
:1064A0003E3C21454C454D454E5420636F6E74650E
:1064B00078742D61747472696275746520454D50ED
:1064C00054593E3C21454C454D454E54206465761B
:1064D00069636520286368616E6E656C207C20614D
:1064E0007474726962757465207C20646562756776
:1064F0002D617474726962757465207C20627566A2
:106500006665722D617474726962757465207C2091
:10651000627566666572292A3E3C21454C454D45AB
:106520004E54206368616E6E656C20287363616EE3
:106530002D656C656D656E743F2C20617474726995
:10654000627574652A293E3C21454C454D454E54A3
:106550002061747472696275746520454D50545998
:106560003E3C21454C454D454E54207363616E2D94
:10657000656C656D656E7420454D5054593E3C21E7
:10658000454C454D454E542064656275672D6174D8
:106590007472696275746520454D5054593E3C21B2
:1065A000454C454D454E54206275666665722D61B9
:1065B000747472696275746520454D5054593E3C3F
:1065C00021454C454D454E542062756666657220E6
:1065D00028617474726962757465292A3E3C214190
:1065E00054544C49535420636F6E74657874206E14
:1065F000616D652043444154412023524551554922
:10660000524544206465736372697074696F6E20CB
:1066100043444154412023494D504C4945443E3C5C
:10662000214154544C49535420636F6E74657874FF
:106630002D617474726962757465206E616D652078
:106640004344415441202352455155495245442029
:1066500076616C7565204344415441202352455175
:1066600055495245443E3C214154544C49535420D1
:106670006465766963652069642043444154412020
:10668000235245515549524544206E616D65204362
:10669000444154412023494D504C4945443E3C21FE
:1066A0004154544C495354206368616E6E656C20AC
:1066B0006964204344415441202352455155495275
:1066C000454420747970652028696E7075747C6FFC
:1066D00075747075742920235245515549524544AB
:1066E000206E616D652043444154412023494D5043
:1066F0004C4945443E3C214154544C495354207329
:1067000063616E2D656C656D656E7420696E646580
:106710007820434441544120235245515549524524
:106720004420666F726D61742043444154412023BC
:106730005245515549524544207363616C6520436D
:10674000444154412023494D504C4945443E3C214D
:106750004154544C49535420617474726962757485
:1067600065206E616D6520434441544120235245AC
:106770005155495245442066696C656E616D6520CE
:1067800043444154412023494D504C4945443E3CEB
:10679000214154544C4953542064656275672D61FE
:1067A0007474726962757465206E616D652043440E
:1067B000415441202352455155495245443E3C21C4
:1067C0004154544C495354206275666665722D617C
:1067D0007474726962757465206E616D65204344DE
:1067E000415441202352455155495245443E3C2194
:1067F0004154544C49535420627566666572206951
:106800006E646578204344415441202352455155DC
:10681000495245443E5D3E3C636F6E74657874201A
:106820006E616D653D22786D6C22206465736372C4
:10683000697074696F6E3D226E6F2D4F532F7072A9
:106840006F6A656374732F4E4F5F4F535F50524FA3
:106850004A454354204E4F5F4F535F56455253496C
:106860004F4E22203E0000003C2F636F6E7465780F
:10687000743E00007A000000616D6269656E74000C
:10688000706974636800000079617700726F6C6CE6
:1068900000000000766F6C7461676500637572724A
:1068A000656E7400616C74766F6C7461676500006E
:1068B000616E676C76656C0074656D700000000039
:1068C00063617061636974616E63650061636365D0
:1068D0006C000000726573697374616E636500001B
:1068E0006D61676E00000000696E636C69000000F6
:1068F00076656C6F6369747900000000616E676C87
:1069000000000000726F7400636F756E7400000009
:1069100064656C7461616E676C00000064656C7422
:106920006176656C6F6369747900000077656967EB
:1069300068740000706F7765720000009468011041
:106940009C680110A4680110B0680110B8680110BB
:10695000C0680110CC680110D4680110E068011013
:10696000E8680110F0680110FC680110046901106A
:1069700008690110106901101C6901102C690110CF
:106980003469011000000000DC6901102869011061
:10699000746801107868011080680110886801101F
:1069A0008C680110524541444255460044454255C9
:1069B000470000004359434C4943000042554646B6
:1069C0004552535F434F554E54000000312E312E37
:1069D00030303030303030002530386C78000000F6
:1069E000256C690048454C5000000000455849544A
:1069F000000000005052494E5400000056455253CA
:106A0000494F4E0054494D454F5554004F50454E47
:106A100000000000434C4F534500000052454144E4
:106A20000000000057524954450000005752495495
:106A3000454255460000000047455454524947001E
:106A40005345545452494700534554004255464615
:106A5000455200004F55545055540000494E505572
:106A600054000000AC6901104C6A0110546A011016
:106A70005C6A0110E469011004000000EC69011077
:106A800004000000F469011005000000FC69011019
:106A900007000000046A0110070000000C6A0110E2
:106AA00004000000146A0110050000001C6A0110B7
:106AB00004000000246A011005000000A469011010
:106AC000070000002C6A011008000000386A01105D
:106AD00007000000406A011007000000486A01102A
:106AE00003000000090000000A0000000700000089
:106AF0000800000005000000060000000200000081
:106B00000100000004000000030000000B00000072
:106B10000C000000000000000D0000003500000027
:106B20003600000037000000380000003900000087
:106B30006E6F6E65000000006D61726B00000000FA
:106B400073706163650000006F6464006576656E54
:106B500000000000310000003200000052756E6E2F
:106B6000696E672049494F44207365727665722EBD
:106B70002E2E0A4966207375636365737366756CA0
:106B80002C20796F75206D617920636F6E6E65635F
:106B90007420616E2049494F20636C69656E7420D2
:106BA0006170706C69636174696F6E2062793A0A12
:106BB000312E20446973636F6E6E656374696E670E
:106BC000207468652073657269616C207465726DEC
:106BD000696E616C20796F752075736520746F2004
:106BE000766965772074686973206D657373616772
:106BF000652E0A322E20436F6E6E656374696E6770
:106C0000207468652049494F20636C69656E742063
:106C10006170706C69636174696F6E207573696E01
:106C200067207468652073657269616C20626163B6
:106C30006B656E6420636F6E66696775726564204C
:106C400061732073686F776E3A0A094261756472E6
:106C50006174653A20256C750A094461746120737A
:106C6000697A653A20257320626974730A09506154
:106C7000726974793A2025730A0953746F7020621F
:106C80006974733A2025730A09466C6F7720636F25
:106C90006E74726F6C3A206E6F6E650A00000000B1
:106CA00049494F4420736572766572206661696C4C
:106CB0006564207769746820636F64652025642E9D
:106CC0000A0000001C6B0110206B0110246B0110E6
:106CD000286B01102C6B0110306B0110386B011008
:106CE000406B0110486B01104C6B0110008000409C
:106CF000003000000300000000800040000C000095
:106D000002000000008000400000030002000000BC
:106D100000800040000000C0020000000080004031
:106D20000400000002000000008000400800000095
:106D3000020000000080004000400000020000004F
:106D40000080004000800000020000000080004041
:106D50000000000402000000008000400000000865
:106D6000020000000090004040000000020000000F
:106D70000090004080000000020000000080004001
:106D80000300000002030000008000400C0000002F
:106D900003030000008000400C000000000300001E
:106DA000008000400030000002030000008000402E
:106DB00000C00000030300000080004000C000008D
:106DC00000030000009000400300000002030000E8
:106DD00000800040000000C003030000008000406D
:106DE000000000C00003000000040840C0000000D4
:106DF000030300003D6A0010056B0010116B0010CA
:106E00001D6A00102D6B0010FD690010796B0010D9
:106E1000CD6B0010A56D0010156D0010956C001065
:106E20002D6C00105741524E494E473A2063735F14
:106E300064656C61795F66697273742076616C75E4
:106E40006520697320746F6F2068696768000000AF
:106E50005741524E494E473A2063735F64656C61F7
:106E6000795F6C6173742076616C7565206973203D
:106E7000746F6F2068696768000000009D760010DD
:106E800075760010E17300103D7300102973001037
:106E90003D700010000000004D7A0010B97900101C
:106EA0009D7C001065770010E97700106D78001068
:106EB0005D770010A9810010458000103D82001010
:106EC000B97E0010C17E0010B17E0010C97E001096
:106ED000ED7E00101D7F001000000000E981001011
:106EE0000000000000000000D58700100000000036
:106EF00081850010E985001051860010C1860010C0
:106F000001850010E188001011850010198500101E
:106F1000959500102997001085960010799500101E
:106F2000D595001031960010D19C0010499D00109D
:106F30004D9E0010159D0010BD9D0010099E001073
:106F4000656E61626C65640064697361626C65643E
:106F50000000000025732025730000002564000058
:106F6000252E38660000000025660000616463007D
:106F700041443535393252004144353539335200B8
:106F800025735F47504F5F43485F000025735F479D
:106F900050495F43485F00006C6162656C0000000F
:106FA000726177007363616C650000006F666673E1
:106FB00065740000706F7765725F646F776E0000B4
:106FC000706F7765725F646F776E5F617661696C11
:106FD00061626C6500000000486F0110406F011095
:106FE0000000000000020300010000000101000099
:106FF0000101004B010100507570646174655F69A7
:107000006E74657276616C006D6178006D61785F99
:107010006879737400000000000201006C6D373560
:107020000000000061643535393272006164353525
:10703000393372006F6E652D6269742D6164632D42
:1070400064616300020103030405040500000000FD
:1070500066775F76657273696F6E0000312E302E31
:107060003000000066775F636172726965720000CC
:107070006D617833323635355F66746872000000B2
:1070800068775F6D657A7A616E696E6500000000F1
:10709000303030300000000068775F6E616D650051
:1070A0006164616C6D2D6C736D737067000000001E
:1070B00068775F6D657A7A616E696E655F7374611A
:1070C0007475730064657465637465640000000022
:1070D00003030303000100010000000000000101A0
:1070E000000000000202030388030020494E46000E
:1070F000696E66004E414E006E616E003031323373
:1071000034353637383961626364656600000000E3
:1071100030313233343536373839414243444546CD
:1071200000000000286E756C6C29000020202020D3
:10713000202020202020202020202020303030300F
:1071400030303030303030303030303065256C64A5
:10715000000000000A000100020003000400050016
:1071600006000700080009000A000B000C000D00D3
:107170000E000F0010000000002020202020202002
:1071800020202828282828202020202020202020D7
:1071900020202020202020202088101010101010E7
:1071A0001010101010101010100404040404040433
:1071B00004040410101010101010414141414141CD
:1071C00001010101010101010101010101010101AF
:1071D00001010101101010101010424242424242BF
:1071E000020202020202020202020202020202027F
:1071F0000202020210101010200000000000000027
:10720000000000000000000000000000000000007E
:10721000000000000000000000000000000000006E
:10722000000000000000000000000000000000005E
:10723000000000000000000000000000000000004E
:10724000000000000000000000000000000000003E
:10725000000000000000000000000000000000002E
:10726000000000000000000000000000000000001E
:107270000000000000000000000000004E614E0011
:10728000496E66696E6974790000000042616C6C39
:107290006F63207375636365656465640000000057
:1072A0002F6D6E742F776F726B73706163652F77BC
:1072B0006F726B73706163652F4743432D31302DBF
:1072C000706970656C696E652F6A656E6B696E7347
:1072D0002D4743432D31302D706970656C696E65A3
:1072E0002D3333385F32303231313031385F31361F
:1072F00033343531363230332F7372632F6E657706
:107300006C69622F6E65776C69622F6C6962632F9E
:107310007374646C69622F64746F612E6300000083
:1073200043000000504F5349580000002E00000059
:107330002F6D6E742F776F726B73706163652F772B
:107340006F726B73706163652F4743432D31302D2E
:10735000706970656C696E652F6A656E6B696E73B6
:107360002D4743432D31302D706970656C696E6512
:107370002D3333385F32303231313031385F31368E
:1073800033343531363230332F7372632F6E657775
:107390006C69622F6E65776C69622F6C6962632F0E
:1073A0007374646C69622F6D707265632E63000084
:1073B0000080E03779C34143176E05B5B5B89346F1
:1073C000F5F93FE9034F384D321D30F94877825ABD
:1073D0003CBF737FDD4F1575000000000000F03FDB
:1073E00000000000000024400000000000005940A0
:1073F0000000000000408F40000000000088C340F3
:1074000000000000006AF8400000000080842E4167
:1074100000000000D01263410000000084D79741B3
:107420000000000065CDCD41000000205FA00242B9
:10743000000000E876483742000000A2941A6D422E
:10744000000040E59C30A2420000901EC4BCD64221
:1074500000003426F56B0C430080E03779C34143CC
:1074600000A0D8855734764300C84E676DC1AB4342
:10747000003D9160E458E143408CB5781DAF154460
:1074800050EFE2D6E41A4B4492D54D06CFF080443B
:10749000F64AE1C7022DB544B49DD9794378EA4450
:1074A00005000000190000007D0000006E6600006D
:1074B000696E697479000000616E0000350000009B
:1074C000CEFBFFFFCB030000010000000000000026
:1074D00034000000CEFBFFFFCB03000001000000E2
:1074E0000000000000000000BC89D897B2D29C3C8C
:1074F00033A7A8D523F649393DA7F444FD0FA5329B
:107500009D978CCF08BA5B25436FAC642806681141
:107510002C2066756E6374696F6E3A20000000005F
:10752000617373657274696F6E2022257322206601
:1075300061696C65643A2066696C65202225732256
:107540002C206C696E65202564257325730A000064
:107550002F6D6E742F776F726B73706163652F7709
:107560006F726B73706163652F4743432D31302D0C
:10757000706970656C696E652F6A656E6B696E7394
:107580002D4743432D31302D706970656C696E65F0
:107590002D3333385F32303231313031385F31366C
:1075A00033343531363230332F7372632F6E657753
:1075B0006C69622F6E65776C69622F6C6962632FEC
:1075C0007374646C69622F6764746F612D6765748E
:1075D0006865782E630000000000000000000000D5
:1075E000000000000000000000000000000000009B
:1075F000000000000000000000000000000000008B
:1076000000000000000000001011121314151617DE
:107610001819000000000000001A1B1C1D1E1F008E
:10762000000000000000000000000000000000005A
:107630000000000000000000001A1B1C1D1E1F009F
:10764000000000000000000000000000000000003A
:10765000000000000000000000000000000000002A
:10766000000000000000000000000000000000001A
:10767000000000000000000000000000000000000A
:1076800000000000000000000000000000000000FA
:1076900000000000000000000000000000000000EA
:1076A00000000000000000000000000000000000DA
:1076B00000000000000000000000000000000000CA
:1076C00000000000000000000000000000000000BA
:1076D00000000000000000002C7301104C7001102D
:1076E000300D0020202020202020202020202020BD
:1076F00020202020303030303030303030303030CA
:1077000030303030F8B500BFF8BC08BC9E4670473A
:10771000F8B500BFF8BC08BC9E46704700000000EA
:087720009040FF7F0100000012
:10772800200D0A0008100000FFFFFFFF00E1F5052B
:107738000000000000000000010000000000000040
:10774800020000000000000003000000000000002C
:10775800040000000000000000000000000000001D
:10776800060000000000000000000000000000000B
:1077780000000000000000000900000000000000F8
:1077880000000000000000000B00000000000000E6
:10779800A06F01100000000000000000A9A2001066
:1077A80011A20010A46F01100100000000000000E9
:1077B800A9A2001011A20010AC6F01100200000075
:1077C80000000000A9A2001011A200100000000093
:1077D80000000000000000000000000000000000A1
:1077E800A06F01100000000000000000A9A2001016
:1077F80011A20010A46F0110010000000000000099
:10780800A9A2001011A20010AC6F01100200000024
:1078180000000000A9A2001011A20010B46F01100E
:107828000300000000000000A9A2001011A200102F
:10783800C06F0110030000000000000079A20010D2
:107848000000000000000000000000000000000030
:107858000000000000000000986F01100400000004
:1078680000000000A9A2001000000000A06F011095
:107878000500000000000000A9A2001000000000A0
:1078880000000000000000000000000000000000F0
:1078980000000000986F01100400000000000000C4
:1078A800A9A2001000000000A06F01100500000050
:1078B80000000000A9A2001011A2001000000000A2
:1078C80000000000000000000000000000000000B0
:1078D800A06F01100600000000000000A9A200101F
:1078E80011A20010A46F01100700000000000000A2
:1078F800A9A2001011A20010AC6F0110080000002E
:1079080000000000A9A2001011A200100000000051
:10791800000000000000000000000000000000005F
:10792800750C100000000000FC6101100000000050
:1079380000000000B9AA001049AA00100870011040
:107948000100000000000000B9AA001049AA0010B8
:107958000C7001100200000000000000B9AA00101D
:1079680049AA00100000000000000000000000000C
:107978000000000000000000B868011004000000CA
:1079880001000000000000000000000000000000EE
:10799800000000000802002000000100F86F01103C
:1079A8006400000000000000FDAA001000000000B4
:1079B80000000000000000000000000000000000BF
:1079C800000000000000000040420F00000200001C
:1079D8007C6E011000000000000000003C03002045
:1079E8000000000002000000A08601001000000056
:1079F800146E011050030020020000000500000072
:107A080000000000F46D0110540300200200000083
:107A1800A086010048000000146E011058030020E1
:107A28000000000040420F00803E0000E86E011098
:107A38000000000000000000B46E0110000000000B
:107A4800000000000E0000000100000000C201005C
:107A580003000000986E01101024002001000000AF
:107A6800000100000000000000000000000000000D
:107A7800010000000100000001000000507001102A
:107A88005C7001106470011070700110807001103A
:107A98009070011098700110A0700110B070011062
:107AA800C470011088030020000000007406002044
:107AB800DC06002044070020000000000000000051
:107AC80000000000000000000000000000000000AE
:107AD800000000000000000000000000000000009E
:107AE800000000000000000000000000000000008E
:107AF800000000000000000000000000000000007E
:107B0800000000000000000000000000000000006D
:107B1800000000000000000000000000000000005D
:107B2800000000000000000000000000000000004D
:107B3800000000000000000000000000000000003D
:107B4800000000000000000000000000000000002D
:107B580001000000000000000E33CDAB34126DE6CA
:107B6800ECDE05000B000000000000000000000033
:107B780000000000000000000000000000000000FD
:107B880000000000000000000000000000000000ED
:107B980000000000000000000000000000000000DD
:107BA80000000000000000000000000000000000CD
:107BB80000000000000000000000000000000000BD
:107BC80000000000000000000000000000000000AD
:107BD800000000000000000000000000000000009D
:107BE800000000000000000000000000000000008D
:107BF800000000000000000000000000000000007D
:107C0800000000000000000000000000000000006C
:107C1800000000000000000000000000000000005C
:107C2800000000000000000000000000000000004C
:107C3800000000000000000000000000000000003C
:107C4800000000000000000000000000000000002C
:107C5800000000000000000000000000000000001C
:107C6800000000000000000000000000000000000C
:107C780000000000000000000000000000000000FC
:107C880000000000000000000000000000000000EC
:107C980000000000000000000000000000000000DC
:107CA80000000000000000000000000000000000CC
:107CB80000000000000000000000000000000000BC
:107CC80000000000000000000000000000000000AC
:107CD800000000000000000000000000000000009C
:107CE800000000000000000000000000000000008C
:107CF800000000000000000000000000000000007C
:107D0800000000000000000000000000000000006B
:107D1800000000000000000000000000000000005B
:107D2800000000000000000000000000000000004B
:107D3800000000000000000000000000000000003B
:107D4800000000000000000000000000000000002B
:107D5800000000000000000000000000000000001B
:107D6800000000000000000000000000000000000B
:107D780000000000000000000000000000000000FB
:107D880000000000000000000000000000000000EB
:107D980000000000000000000000000000000000DB
:107DA80000000000000000000000000000000000CB
:107DB80000000000000000000000000000000000BB
:107DC80000000000000000000000000000000000AB
:107DD800000000000000000000000000000000009B
:107DE800000000000000000000000000000000008B
:107DF800000000000000000000000000000000007B
:107E0800000000000000000000000000000000006A
:107E1800000000000000000000000000000000005A
:107E2800000000000000000000000000000000004A
:107E3800000000000000000000000000000000003A
:107E4800000000000000000000000000000000002A
:107E5800000000000000000000000000000000001A
:107E6800000000000000000000000000000000000A
:107E780000000000000000000000000000000000FA
:107E880000000000000000000000000000000000EA
:107E980000000000000000000000000000000000DA
:107EA80000000000000000000000000000000000CA
:107EB80000000000000000000000000000000000BA
:107EC80000000000000000000000000000000000AA
:107ED8000000000000000000B0070020B0070020EC
:107EE800B8070020B8070020C0070020C0070020FE
:107EF800C8070020C8070020D0070020D0070020AE
:107F0800D8070020D8070020E0070020E00700205D
:107F1800E8070020E8070020F0070020F00700200D
:107F2800F8070020F80700200008002000080020BB
:107F38000808002008080020100800201008002069
:107F48001808002018080020200800202008002019
:107F580028080020280800203008002030080020C9
:107F68003808002038080020400800204008002079
:107F78004808002048080020500800205008002029
:107F880058080020580800206008002060080020D9
:107F98006808002068080020700800207008002089
:107FA8007808002078080020800800208008002039
:107FB80088080020880800209008002090080020E9
:107FC8009808002098080020A0080020A008002099
:107FD800A8080020A8080020B0080020B008002049
:107FE800B8080020B8080020C0080020C0080020F9
:107FF800C8080020C8080020D0080020D0080020A9
:10800800D8080020D8080020E0080020E008002058
:10801800E8080020E8080020F0080020F008002008
:10802800F8080020F80800200009002000090020B6
:108038000809002008090020100900201009002064
:108048001809002018090020200900202009002014
:1080580028090020280900203009002030090020C4
:108068003809002038090020400900204009002074
:108078004809002048090020500900205009002024
:1080880058090020580900206009002060090020D4
:108098006809002068090020700900207009002084
:1080A8007809002078090020800900208009002034
:1080B80088090020880900209009002090090020E4
:1080C8009809002098090020A0090020A009002094
:1080D800A8090020A8090020B0090020B009002044
:1080E800B8090020B8090020C0090020C0090020F4
:1080F800C8090020C8090020D0090020D0090020A4
:10810800D8090020D8090020E0090020E009002053
:10811800E8090020E8090020F0090020F009002003
:10812800F8090020F8090020000A0020000A0020B1
:10813800080A0020080A0020100A0020100A00205F
:10814800180A0020180A0020200A0020200A00200F
:10815800280A0020280A0020300A0020300A0020BF
:10816800380A0020380A0020400A0020400A00206F
:10817800480A0020480A0020500A0020500A00201F
:10818800580A0020580A0020600A0020600A0020CF
:10819800680A0020680A0020700A0020700A00207F
:1081A800780A0020780A0020800A0020800A00202F
:1081B800880A0020880A0020900A0020900A0020DF
:1081C800980A0020980A0020A00A0020A00A00208F
:1081D800A80A0020A80A0020B00A0020B00A00203F
:1081E800B80A0020B80A0020C00A0020C00A0020EF
:1081F800C80A0020C80A0020D00A0020D00A00209F
:10820800D80A0020D80A0020E00A0020E00A00204E
:10821800E80A0020E80A0020F00A0020F00A0020FE
:10822800F80A0020F80A0020000B0020000B0020AC
:10823800080B0020080B0020100B0020100B00205A
:10824800180B0020180B0020200B0020200B00200A
:10825800280B0020280B0020300B0020300B0020BA
:10826800380B0020380B0020400B0020400B00206A
:10827800480B0020480B0020500B0020500B00201A
:10828800580B0020580B0020600B0020600B0020CA
:10829800680B0020680B0020700B0020700B00207A
:1082A800780B0020780B0020800B0020800B00202A
:1082B800880B0020880B0020900B0020900B0020DA
:1082C800980B0020980B0020A00B0020A00B00208A
:1082D800A80B0020A80B0020FFFFFFFF00000200F2
:1082E800545400204300000000000000000000007B
:1082F8000000000000000000000000000000000076
:108308000000000043000000000000000000000022
:108318000000000000000000000000000000000055
:108328000000000043000000000000000000000002
:108338000000000000000000000000000000000035
:1083480000000000430000000000000000000000E2
:108358000000000000000000000000000000000015
:1083680000000000430000000000000000000000C2
:1083780000000000000000000000000000000000F5
:1083880000000000430000000000000000000000A2
:1083980000000000000000000000000000000000D5
:1083A8000000000043000000000000000000000082
:1083B80000000000000000000000000000000000B5
:1083C8000000000051410110B91E0110000000001A
:1083D800787101102C7301104C7001104C70011051
:1083E8004C7001104C7001104C7001104C70011051
:1083F8004C7001104C7001104C700110FFFFFFFF12
:10840800FFFFFFFFFFFFFFFFFFFF000001004153D9
:10841800434949000000000000000000000000007F
:1084280000000000000000000000000000004153B0
:10843800434949000000000000000000000000005F
:108448000000000000000000000000000000000024
:10845800FF000000B90301101D020010F90100100F
:040000051000672D53
:00000001FF
